{"name":"t:sections.footer.name","type":"footer","sections":{"footer":{"type":"footer","blocks":{"image_b7XHJz":{"type":"image","settings":{"image":"shopify:\/\/shop_images\/Frame_2147223962_3.png","image_width":280,"alignment":""}},"link_list_FQKekj":{"type":"link_list","settings":{"heading":"Quick Links","menu":"footer"}},"text_RFdrPU":{"type":"text","settings":{"heading":"Contact Us","subtext":"<p>Email: info@reginaldmen.com<\/p><p>WhatsApp: 8374525213<\/p><p>Plot no 194, Survey Of India Ayyappa Society, Survey of India Colony, Chanda Naik Nagar, Madhapur, Hyderabad, Telangana 500081<\/p>"}}},"block_order":["image_b7XHJz","link_list_FQKekj","text_RFdrPU"],"custom_css":[".footer__copyright {margin: 0 auto !important;}","p {margin-bottom: -1.5rem;}","footer {background-color: #000;}"],"settings":{"color_scheme":"scheme-5","newsletter_enable":true,"newsletter_heading":"Subscribe to our emails","enable_follow_on_shop":false,"show_social":true,"enable_country_selector":false,"enable_language_selector":false,"payment_enable":false,"show_policy":true,"margin_top":0,"padding_top":44,"padding_bottom":36}}},"order":["footer"]}