{"name":"t:sections.header.name","type":"header","sections":{"announcement_bar_wACEBk":{"type":"announcement-bar","blocks":{"announcement_rExXkd":{"type":"announcement","settings":{"text":"Your 2025 glow up Starts Here!","link":"shopify:\/\/products\/the-basics"}},"announcement_RnBHtD":{"type":"announcement","settings":{"text":"7 bestsellers for ₹2025.","link":"shopify:\/\/products\/the-basics"}},"announcement_TWCGja":{"type":"announcement","settings":{"text":"Don’t Wait! —","link":"shopify:\/\/products\/the-basics"}}},"block_order":["announcement_rExXkd","announcement_RnBHtD","announcement_TWCGja"],"custom_css":[".utility-bar {display: flex; align-items: center; position: fixed !important; top: 0px !important; width: 100%; height: 40px; z-index: 10; background-color: #05052f;}"],"settings":{"color_scheme":"scheme-4","show_line_separator":false,"show_social":false,"auto_rotate":true,"change_slides_speed":3,"enable_country_selector":false,"enable_language_selector":false}},"header":{"type":"header","custom_css":[".header-wrapper {width: 100%; position: fixed; top: 40px;}"],"settings":{"logo_position":"middle-center","menu":"main-menu","menu_type_desktop":"drawer","sticky_header_type":"always","show_line_separator":false,"color_scheme":"scheme-3","menu_color_scheme":"scheme-3","enable_country_selector":false,"enable_language_selector":false,"mobile_logo_position":"center","margin_bottom":76,"padding_top":12,"padding_bottom":12}}},"order":["announcement_bar_wACEBk","header"]}