{"sections":{"cart-items":{"type":"main-cart-items","custom_css":[".button{display:none}"],"settings":{"color_scheme":"scheme-2","padding_top":36,"padding_bottom":36}},"cart-footer":{"type":"main-cart-footer","blocks":{"subtotal":{"type":"subtotal","settings":{}},"buttons":{"type":"buttons","settings":{}}},"block_order":["subtotal","buttons"],"custom_css":[".button {background-color: #00048a; color: #fff; font-weight: bold; font-size: 18px; padding: 10px 0px;}"],"settings":{"color_scheme":"scheme-2","padding_top":20,"padding_bottom":40}}},"order":["cart-items","cart-footer"]}