{"sections":{"banner":{"type":"main-collection-banner","custom_css":[],"settings":{"show_collection_description":true,"show_collection_image":false,"color_scheme":"scheme-5"}},"product-grid":{"type":"main-collection-product-grid","disabled":true,"custom_css":[".card-wrapper {border-radius: 10px; margin: 0px; background-color: #010118;}",".price__sale {display: flex !important;}","select > option {padding: 10px; background-color: #121239;}",".grid__item {margin: 5px 0;}",".button {background-color: white; color: #121239; font-family: \"Noto Sans B\"; border-radius: 0 0 10px 10px; margin-bottom: -10px;}"],"settings":{"products_per_page":8,"columns_desktop":4,"color_scheme":"scheme-3","image_ratio":"adapt","image_shape":"default","show_secondary_image":false,"show_vendor":false,"show_rating":false,"enable_quick_add":true,"enable_filtering":false,"filter_type":"vertical","enable_sorting":true,"columns_mobile":"2","padding_top":36,"padding_bottom":36}},"featured_collection_ba3VRq":{"type":"featured-collection","custom_css":["button {background-color: #00048A; color: white;}",".card-wrapper {border-radius: 10px; margin: 0px; border: 1px solid black;}",".grid__item {margin: 5px 0;}",".button {transform: scale(0.9); color: white; font-family: \"Noto Sans B\"; text-transform: uppercase; border-radius: 10px 10px; margin-top: -10px;}"],"settings":{"title":"","heading_size":"h1","description":"<p> <\/p>","show_description":false,"description_style":"body","collection":"shop-all-products","products_to_show":10,"columns_desktop":4,"full_width":false,"show_view_all":false,"view_all_style":"solid","enable_desktop_slider":false,"color_scheme":"scheme-5","image_ratio":"adapt","image_shape":"default","show_secondary_image":false,"show_vendor":false,"show_rating":false,"enable_quick_add":true,"columns_mobile":"2","swipe_on_mobile":false,"padding_top":24,"padding_bottom":24}}},"order":["banner","product-grid","featured_collection_ba3VRq"]}