{"layout":"theme","sections":{"beae-default-template":{"type":"beae-home-build","disabled":true,"settings":{}},"slideshow_CdwPH9":{"type":"slideshow","blocks":{"slide_8dLRUf":{"type":"slide","settings":{"image":"shopify:\/\/shop_images\/Frame_2147224417_1.png","heading":"","heading_size":"h1","subheading":"","button_label":"","link":"shopify:\/\/collections\/shop-all-products","button_style_secondary":false,"box_align":"middle-center","show_text_box":false,"text_alignment":"center","image_overlay_opacity":0,"color_scheme":"scheme-5","text_alignment_mobile":"center"}}},"block_order":["slide_8dLRUf"],"custom_css":[".button {background-color: #00048a; color: #ffffff;}","@media (max-width: 600px) {.button {transform: scale(0.8); top: 220px; width: 270px; }}","@media (min-width: 600px) {.button {transform: scale(1.4); top: 790px; width: 400px; }}"],"settings":{"layout":"full_bleed","slide_height":"adapt_image","slider_visual":"counter","auto_rotate":false,"change_slides_speed":5,"image_behavior":"none","show_text_below":false,"accessibility_info":""}},"rich_text_YcRrYf":{"type":"rich-text","blocks":{"button_FmDtxK":{"type":"button","settings":{"button_label":"Shop Now","button_link":"shopify:\/\/collections\/shop-all-products","button_style_secondary":false,"button_label_2":"","button_link_2":"","button_style_secondary_2":false}}},"block_order":["button_FmDtxK"],"custom_css":[".button {background-color: #00048a; color: #ffffff; width: 300px !important;}","@media only screen and (min-width: 600px) {.button {width: 600px !important; transform: scale(1.3); }}"],"settings":{"desktop_content_position":"center","content_alignment":"center","color_scheme":"scheme-5","full_width":true,"padding_top":20,"padding_bottom":20}},"rich_text_xTEP8q":{"type":"rich-text","blocks":{"text_Vkq3fV":{"type":"text","settings":{"text":"<p> Limited Time Only!  7@2025\/-<\/p>"}},"heading_JnMAG6":{"type":"heading","settings":{"heading":"Your New Year Kit disappears in","heading_size":"h2"}},"heading_33zye4":{"type":"heading","disabled":true,"settings":{"heading":"<strong>Sale Ending on Rakhi Mid-night..!<\/strong>","heading_size":"h1"}}},"block_order":["text_Vkq3fV","heading_JnMAG6","heading_33zye4"],"custom_css":["p {font-family: \"Noto Sans B\" !important; font-size: 2.7rem; padding: 15px 0; margin: 0; color: #000000;}",".rich-text__heading {font-family: \"Trio Hindi R\"; font-weight: 580; margin-top: -15px; font-size: 1.5rem;}",".h1 {font-family: \"Trio Hindi R\"; font-weight: 580; margin-top: 10px; font-size: 1.5rem;}"],"settings":{"desktop_content_position":"center","content_alignment":"center","color_scheme":"scheme-1","full_width":true,"padding_top":0,"padding_bottom":0}},"ss_countdown_bar_EVQgAD":{"type":"ss-countdown-bar","blocks":{"text_DQciCV":{"type":"text","disabled":true,"settings":{"heading":"","color":"#121239","font_size":20}},"timer_MwtTNP":{"type":"timer","settings":{"year":"2025","month":"01","day":"01","hour":"00","minute":"00","hide_timer_on_completed":true,"color":"#000000","font_size_number":32,"font_size_text":18}}},"block_order":["text_DQciCV","timer_MwtTNP"],"custom_css":[".countdown-banner-content-template--16876387762356__ss_countdown_bar_EVQgAD {overflow: none; top: -300px; \/* font-family: \"Trio Hindi R\"; *\/ padding-bottom: 14px;}",".time-block__unit {font-weight: 400px;}"],"settings":{"target_selector":"","use_cross":false,"background-color":"#ffffff"}},"rich_text_iHqkFb":{"type":"rich-text","blocks":{"text_7bLkqB":{"type":"text","settings":{"text":"<p>High Performance<\/p>"}},"heading_PdHPNP":{"type":"heading","settings":{"heading":"Masculine Care","heading_size":"h1"}}},"block_order":["text_7bLkqB","heading_PdHPNP"],"custom_css":[".rich-text__blocks {background: #000000;}",".rich-text__heading {text-align: center; color: #fff; font-size: 43.942px; font-style: normal; font-stretch: semi-condensed; font-weight: 700; margin-top: -14px; line-height: 150%; letter-spacing: -1.798px;}",".rich-text__text {\/* margin-top: -24px; *\/ color: #fff; text-align: center; font-family: \"Tiro Devanagari Hindi\"; font-size: 22.554px; font-style: normal; font-weight: 400; line-height: 100%; \/* 17.366px *\/ letter-spacing: -0.677px;}"],"settings":{"desktop_content_position":"center","content_alignment":"center","color_scheme":"scheme-5","full_width":true,"padding_top":20,"padding_bottom":0}},"featured_collection_zTNnGK":{"type":"featured-collection","custom_css":[".slider-buttons {display: none;}",".card-wrapper {height: auto; margin: 0px 10px; border-radius: 1rem !important; background-color: #000;}","h3 {font-size: 2rem;}",".card-information .light,.rating span {text-transform: capitalize; font-size: 1.5rem;}",".price__regular > span,.price__sale > span {font-size: 2rem;}",".collection {background-color: #000000;}",".button {margin-bottom: -10px; background-color: white !important; color: #000; border: none; border-radius: 0 0 1rem 1rem;}"],"settings":{"title":"","heading_size":"h1","description":"","show_description":false,"description_style":"body","collection":"buy-7-at-2025","products_to_show":6,"columns_desktop":4,"full_width":true,"show_view_all":false,"view_all_style":"solid","enable_desktop_slider":true,"color_scheme":"scheme-5","image_ratio":"adapt","image_shape":"default","show_secondary_image":true,"show_vendor":false,"show_rating":true,"enable_quick_add":true,"columns_mobile":"1","swipe_on_mobile":true,"padding_top":24,"padding_bottom":36}},"1722431973e2eb155b":{"type":"apps","blocks":{"reelup_shoppable_videos_reels_reelup_playlist_jWaipP":{"type":"shopify:\/\/apps\/reelup-shoppable-videos-reels\/blocks\/reelup-playlist\/a8ec9e4d-d192-44f7-9c23-595f9ee7dd5b","settings":{"playlist_id":"","debugging_script":""}}},"block_order":["reelup_shoppable_videos_reels_reelup_playlist_jWaipP"],"custom_css":[".reelUp_cards_carousel.reelUp_carousel {margin: 0;}"],"settings":{"include_margins":true}},"slideshow_ydapB6":{"type":"slideshow","blocks":{"slide_4VBjeY":{"type":"slide","settings":{"image":"shopify:\/\/shop_images\/Frame_1000004554_2.png","heading":"","heading_size":"h1","subheading":"","button_label":"Take the Quiz","link":"","button_style_secondary":false,"box_align":"middle-center","show_text_box":true,"text_alignment":"center","image_overlay_opacity":0,"color_scheme":"","text_alignment_mobile":"center"}}},"block_order":["slide_4VBjeY"],"disabled":true,"custom_css":["a {margin-top: -100px; width: 178.093px; height: 46.954px; justify-content: center; align-items: center;}",".slideshow__text-wrapper {z-index: 10; height: 0px; \/*display: none !important;*\/}","div {background-color: #121239; margin-top: 0px; position: relative; height: 100%;}",".slideshow__slide {height: 100%;}"],"settings":{"layout":"full_bleed","slide_height":"adapt_image","slider_visual":"counter","auto_rotate":false,"change_slides_speed":5,"image_behavior":"none","show_text_below":true,"accessibility_info":"Slideshow about our brand"}},"rich_text_drEwtz":{"type":"rich-text","blocks":{"button_MEftw8":{"type":"button","settings":{"button_label":"Button label","button_link":"shopify:\/\/collections\/all","button_style_secondary":false,"button_label_2":"","button_link_2":"","button_style_secondary_2":false}}},"block_order":["button_MEftw8"],"disabled":true,"custom_css":["div {position: relative; align-items: center; padding: 0px; margin-top: -24px; height: 0px;}"],"settings":{"desktop_content_position":"center","content_alignment":"center","color_scheme":"scheme-5","full_width":true,"padding_top":40,"padding_bottom":52}},"multicolumn_nDDLG6":{"type":"multicolumn","blocks":{"column_CnVhd4":{"type":"column","settings":{"image":"shopify:\/\/shop_images\/Group_1000003906_1.png","title":"","text":"","link_label":"","link":"#quiz-yGHXnG"}}},"block_order":["column_CnVhd4"],"custom_css":["div {display: block; margin: 0 auto; height: 100%;}",".multicolumn-card__info {display: none;}",".center {display: block; margin-top: -120px; margin-bottom: 60px;}",".button {color: #fff; width: 300px; margin-top: 36px; border-radius: 8.372px; background: #00048a;}"],"settings":{"title":"","heading_size":"h1","image_width":"full","image_ratio":"adapt","columns_desktop":3,"column_alignment":"left","background_style":"none","button_label":"Take the Quiz","button_link":"https:\/\/www.reginaldmen.com\/?utm_source=Quiz&utm_medium=home_direct&utm_campaign=SkinTest#quiz-gWH2J3","color_scheme":"scheme-5","columns_mobile":"1","swipe_on_mobile":false,"padding_top":52,"padding_bottom":28}},"rich_text_iQjizb":{"type":"rich-text","blocks":{"button_ir6RN7":{"type":"button","settings":{"button_label":"Take the Quiz","button_link":"","button_style_secondary":false,"button_label_2":"","button_link_2":"","button_style_secondary_2":false}}},"block_order":["button_ir6RN7"],"disabled":true,"custom_css":["div {margin-top: -96px; margin-bottom: 22px;}"],"settings":{"desktop_content_position":"center","content_alignment":"center","color_scheme":"","full_width":true,"padding_top":0,"padding_bottom":0}},"17309631012ca5b773":{"type":"apps","blocks":{"reelup_shoppable_videos_reels_reelup_playlist_yq6JWR":{"type":"shopify:\/\/apps\/reelup-shoppable-videos-reels\/blocks\/reelup-playlist\/a8ec9e4d-d192-44f7-9c23-595f9ee7dd5b","settings":{"playlist_id":"","debugging_script":""}}},"block_order":["reelup_shoppable_videos_reels_reelup_playlist_yq6JWR"],"custom_css":[".shopify-block {margin: 20px 0px;}"],"settings":{"include_margins":true}},"1731494644c82b8143":{"type":"apps","disabled":true,"custom_css":[".shopify-block {padding-top: 20px;}"],"settings":{"include_margins":true}},"rich_text_3HJCmx":{"type":"rich-text","blocks":{"text_agTQwQ":{"type":"text","settings":{"text":"<p>Selfcare<\/p>"}},"heading_nD94Ar":{"type":"heading","settings":{"heading":"Simplified","heading_size":"h1"}}},"block_order":["text_agTQwQ","heading_nD94Ar"],"custom_css":[".rich-text__heading {text-align: center; color: #fff; font-size: 43.942px; font-style: normal; font-stretch: semi-condensed; font-weight: 700; margin-top: -14px; line-height: 150%; letter-spacing: -1.798px;}",".rich-text__text {margin-top: -24px; color: #fff; text-align: center; font-family: \"Tiro Devanagari Hindi\"; font-size: 22.554px; font-style: normal; font-weight: 400; line-height: 100%; \/* 17.366px *\/ letter-spacing: -0.677px;}"],"settings":{"desktop_content_position":"center","content_alignment":"center","color_scheme":"scheme-5","full_width":true,"padding_top":80,"padding_bottom":36}},"rich_text_dfNqa7":{"type":"rich-text","blocks":{"text_jz8MBg":{"type":"text","disabled":true,"settings":{"text":"<p>Let's face it - Most Indian Men don’t look their best despite having good features. Their lack of good self-care and grooming habits is to blame for this.<\/p>"}}},"block_order":["text_jz8MBg"],"disabled":true,"custom_css":["p {color: #fff; line-height: 24px;}"],"settings":{"desktop_content_position":"center","content_alignment":"center","color_scheme":"scheme-3","full_width":true,"padding_top":20,"padding_bottom":0}},"slideshow_JcwRnF":{"type":"slideshow","blocks":{"slide_mN9rjd":{"type":"slide","settings":{"image":"shopify:\/\/shop_images\/Frame_1000004787_1.png","heading":"","heading_size":"h1","subheading":"","button_label":"","link":"","button_style_secondary":false,"box_align":"middle-center","show_text_box":true,"text_alignment":"center","image_overlay_opacity":0,"color_scheme":"","text_alignment_mobile":"center"}},"slide_Brtnad":{"type":"slide","settings":{"image":"shopify:\/\/shop_images\/Frame_1000004789.png","heading":"","heading_size":"h1","subheading":"","button_label":"","link":"","button_style_secondary":false,"box_align":"middle-center","show_text_box":true,"text_alignment":"center","image_overlay_opacity":0,"color_scheme":"","text_alignment_mobile":"center"}},"slide_naM6AJ":{"type":"slide","settings":{"image":"shopify:\/\/shop_images\/Frame_1000004790_1.png","heading":"","heading_size":"h1","subheading":"","button_label":"","link":"","button_style_secondary":false,"box_align":"middle-center","show_text_box":true,"text_alignment":"center","image_overlay_opacity":0,"color_scheme":"scheme-1","text_alignment_mobile":"center"}}},"block_order":["slide_mN9rjd","slide_Brtnad","slide_naM6AJ"],"disabled":true,"settings":{"layout":"full_bleed","slide_height":"adapt_image","slider_visual":"numbers","auto_rotate":false,"change_slides_speed":5,"image_behavior":"none","show_text_below":true,"accessibility_info":"Slideshow about our brand"}},"multicolumn_XJLwga":{"type":"multicolumn","blocks":{"column_MAXz49":{"type":"column","settings":{"image":"shopify:\/\/shop_images\/Frame_1000004787_2.png","title":"","text":"","link_label":"","link":""}},"column_fH7xFL":{"type":"column","settings":{"image":"shopify:\/\/shop_images\/Frame_1000004789_1.png","title":"","text":"","link_label":"","link":""}},"column_iMgexQ":{"type":"column","settings":{"image":"shopify:\/\/shop_images\/Frame_1000004804.png","title":"","text":"","link_label":"","link":""}},"column_PQqNRN":{"type":"column","settings":{"image":"shopify:\/\/shop_images\/Frame_1000004790_2.png","title":"","text":"","link_label":"","link":""}}},"block_order":["column_MAXz49","column_fH7xFL","column_iMgexQ","column_PQqNRN"],"custom_css":["div {padding: 0px; padding-bottom: 5px; padding-left: 10px;}","img {padding: 0px; transform: scale(1); border-radius: 22px;}",".slider-buttons {display: none;}"],"settings":{"title":"","heading_size":"h1","image_width":"full","image_ratio":"adapt","columns_desktop":4,"column_alignment":"left","background_style":"none","button_label":"","button_link":"","color_scheme":"scheme-5","columns_mobile":"1","swipe_on_mobile":true,"padding_top":0,"padding_bottom":64}},"rich_text_4kkwBR":{"type":"rich-text","blocks":{"text_6WqCJG":{"type":"text","settings":{"text":"<p>Wait we know your next excuse too, I am too busy and self care is too complex ??? <\/p><p>Well at Reginald Men we got that covered , we are creating multifunctional products with proven scientific results. So no more excuses , its time to change !!! <\/p><p>After all, a healthy you is something you should strive for, right?<\/p>"}},"button_eEPd73":{"type":"button","settings":{"button_label":"Let's treat it","button_link":"#quiz-yGHXnG","button_style_secondary":false,"button_label_2":"","button_link_2":"","button_style_secondary_2":false}}},"block_order":["text_6WqCJG","button_eEPd73"],"disabled":true,"custom_css":["p {color: #fff; line-height: 24px;}","a {color: #121239; display: flex; width: 329px; height: 59px; padding: 12.427px 56.807px; justify-content: center; align-items: center; corner-radius: 9px; background: #fff; font-family: \"Hind\"; font-size: 15.007px; font-style: normal; font-weight: 600; line-height: 130%; letter-spacing: -0px;}"],"settings":{"desktop_content_position":"center","content_alignment":"center","color_scheme":"scheme-3","full_width":true,"padding_top":24,"padding_bottom":52}},"1726461593ec5289f7":{"type":"apps","blocks":{"shop_quiz_product_recommender_inline_quiz_XdUfqt":{"type":"shopify:\/\/apps\/revenuehunt-recommender-quiz\/blocks\/inline-quiz\/672f3d48-fd3b-4227-8778-c6e58c4f8a98","settings":{"quiz_id":"gWH2J3","quiz_height":450,"quiz_autoscroll":true,"quiz_fixed_height":false}}},"block_order":["shop_quiz_product_recommender_inline_quiz_XdUfqt"],"disabled":true,"settings":{"include_margins":true}},"rich_text_UweQfF":{"type":"rich-text","blocks":{"text_39WAaA":{"type":"text","settings":{"text":"<p>Real Stories<\/p>"}},"heading_4GMKQ4":{"type":"heading","settings":{"heading":"Real Results","heading_size":"h1"}}},"block_order":["text_39WAaA","heading_4GMKQ4"],"custom_css":[".rich-text__heading {text-align: center; color: #fff; font-size: 43.942px; font-style: normal; font-stretch: semi-condensed; font-weight: 700; margin-top: -14px; line-height: 150%; letter-spacing: -1.798px;}",".rich-text__text {margin-top: -24px; color: #fff; text-align: center; font-family: \"Tiro Devanagari Hindi\"; font-size: 22.554px; font-style: normal; font-weight: 400; line-height: 100%; \/* 17.366px *\/ letter-spacing: -0.677px;}"],"settings":{"desktop_content_position":"center","content_alignment":"center","color_scheme":"scheme-5","full_width":true,"padding_top":80,"padding_bottom":0}},"multicolumn_Y7X9ze":{"type":"multicolumn","blocks":{"column_qYPVr8":{"type":"column","settings":{"image":"shopify:\/\/shop_images\/Group_1000006565.png","title":"","text":"","link_label":"","link":""}},"column_C4AwqT":{"type":"column","settings":{"image":"shopify:\/\/shop_images\/Group_1000006617_2.png","title":"","text":"","link_label":"","link":""}},"column_M4ep34":{"type":"column","settings":{"image":"shopify:\/\/shop_images\/Group_1000006562.png","title":"","text":"","link_label":"","link":""}}},"block_order":["column_qYPVr8","column_C4AwqT","column_M4ep34"],"custom_css":["div {padding: 0px; padding-bottom: 5px; padding-left: 10px;}"],"settings":{"title":"","heading_size":"h1","image_width":"full","image_ratio":"adapt","columns_desktop":3,"column_alignment":"center","background_style":"none","button_label":"","button_link":"","color_scheme":"scheme-5","columns_mobile":"1","swipe_on_mobile":true,"padding_top":0,"padding_bottom":20}},"rich_text_YAhEQm":{"type":"rich-text","blocks":{"button_YyRNDC":{"type":"button","settings":{"button_label":"Shop All","button_link":"shopify:\/\/collections\/shop-all-products","button_style_secondary":false,"button_label_2":"","button_link_2":"","button_style_secondary_2":false}}},"block_order":["button_YyRNDC"],"custom_css":[".button {background-color: white; color: #121239 !important; width: 100%; border-radius: 1rem; font-weight: bold;}"],"settings":{"desktop_content_position":"center","content_alignment":"center","color_scheme":"scheme-5","full_width":true,"padding_top":16,"padding_bottom":40}},"slideshow_RgirdY":{"type":"slideshow","blocks":{"slide_iyBJx4":{"type":"slide","settings":{"image":"shopify:\/\/shop_images\/Frame_2147224106_1.png","heading":"","heading_size":"h1","subheading":"","button_label":"Join Now","link":"https:\/\/whatsapp.com\/channel\/0029Vax73bD1XquWwcbc2s1z","button_style_secondary":false,"box_align":"middle-center","show_text_box":false,"text_alignment":"center","image_overlay_opacity":0,"color_scheme":"scheme-5","text_alignment_mobile":"center"}}},"block_order":["slide_iyBJx4"],"custom_css":[".button {background-color: #00048a !important; color: #ffffff !important; width: 100%; border-radius: 1rem; font-weight: bold; width: 400px; top: 330px;}","@media (max-width: 600px) {.button {background-color: #00048a !important; color: #ffffff !important; width: 100%; border-radius: 1rem; font-weight: bold; width: 300px; top: 170px; }}"],"settings":{"layout":"full_bleed","slide_height":"adapt_image","slider_visual":"counter","auto_rotate":false,"change_slides_speed":5,"image_behavior":"none","show_text_below":false,"accessibility_info":"Slideshow about our brand"}},"slideshow_GAxbRn":{"type":"slideshow","blocks":{"slide_KDwEzt":{"type":"slide","settings":{"image":"shopify:\/\/shop_images\/Frame_2147224096.png","heading":"","heading_size":"h1","subheading":"","button_label":"Join Now","link":"https:\/\/whatsapp.com\/channel\/0029Vax73bD1XquWwcbc2s1z","button_style_secondary":false,"box_align":"middle-center","show_text_box":false,"text_alignment":"center","image_overlay_opacity":0,"color_scheme":"scheme-5","text_alignment_mobile":"center"}}},"block_order":["slide_KDwEzt"],"custom_css":[".button {background-color: #00048a !important; color: #ffffff !important; width: 100%; border-radius: 1rem; font-weight: bold; width: 400px; top: 350px;}"],"settings":{"layout":"full_bleed","slide_height":"adapt_image","slider_visual":"counter","auto_rotate":false,"change_slides_speed":5,"image_behavior":"none","show_text_below":false,"accessibility_info":"Slideshow about our brand"}}},"order":["beae-default-template","slideshow_CdwPH9","rich_text_YcRrYf","rich_text_xTEP8q","ss_countdown_bar_EVQgAD","rich_text_iHqkFb","featured_collection_zTNnGK","1722431973e2eb155b","slideshow_ydapB6","rich_text_drEwtz","multicolumn_nDDLG6","rich_text_iQjizb","17309631012ca5b773","1731494644c82b8143","rich_text_3HJCmx","rich_text_dfNqa7","slideshow_JcwRnF","multicolumn_XJLwga","rich_text_4kkwBR","1726461593ec5289f7","rich_text_UweQfF","multicolumn_Y7X9ze","rich_text_YAhEQm","slideshow_RgirdY","slideshow_GAxbRn"]}