{"sections":{"image_banner":{"type":"image-banner","disabled":true,"settings":{}},"multicolumn_rmWarj":{"type":"multicolumn","blocks":{"column_a8Twy4":{"type":"column","settings":{"image":"shopify:\/\/shop_images\/Frame_1000004493TEST_SLIDE_WIDE.png","title":"Crafted for Perfectionist","text":"","link_label":"Gentlemen Kit","link":"shopify:\/\/products\/cleanser"}},"column_TPYqYn":{"type":"column","settings":{"image":"shopify:\/\/shop_images\/Frame_1000004494TEST_SLIDE_WIDE.png","title":"Challenging Judicious","text":"","link_label":"Revitalise Essentials","link":"shopify:\/\/products\/cleanser"}},"column_xMGHK9":{"type":"column","settings":{"image":"shopify:\/\/shop_images\/Frame_1000004493TEST_SLIDE_WIDE.png","title":"Exceptionally Solicitous:","text":"","link_label":"Gifting him?","link":""}},"column_pMU9Rm":{"type":"column","settings":{"title":"Column","text":"<p>Pair text with an image to focus on your chosen product, collection, or blog post. Add details on availability, style, or even provide a review.<\/p>","link_label":"","link":""}}},"block_order":["column_a8Twy4","column_TPYqYn","column_xMGHK9","column_pMU9Rm"],"settings":{"title":"Just what you needed.....","heading_size":"h1","image_width":"full","image_ratio":"adapt","columns_desktop":4,"column_alignment":"left","background_style":"primary","button_label":"","button_link":"shopify:\/\/products\/cleanser","color_scheme":"","columns_mobile":"1","swipe_on_mobile":true,"padding_top":36,"padding_bottom":36}}},"order":["image_banner","multicolumn_rmWarj"]}