{"sections":{"main":{"type":"main-page","disabled":true,"custom_css":[],"settings":{"padding_top":28,"padding_bottom":28}},"multicolumn_QeF8cp":{"type":"multicolumn","blocks":{"column_7TpX9f":{"type":"column","settings":{"image":"shopify:\/\/shop_images\/Group_1000003988.png","title":"","text":"","link_label":"","link":""}}},"block_order":["column_7TpX9f"],"custom_css":["div {padding: 0px;}",".multicolumn-list {padding: 0px; margin: 0px;}"],"settings":{"title":"","heading_size":"h1","image_width":"full","image_ratio":"adapt","columns_desktop":3,"column_alignment":"left","background_style":"none","button_label":"","button_link":"","color_scheme":"","columns_mobile":"1","swipe_on_mobile":false,"padding_top":36,"padding_bottom":36}},"slideshow_KdY73N":{"type":"slideshow","blocks":{"slide_y3hfXz":{"type":"slide","settings":{"image":"shopify:\/\/shop_images\/Frame_1000005708.png","heading":"","heading_size":"h1","subheading":"","button_label":"","link":"","button_style_secondary":false,"box_align":"middle-center","show_text_box":false,"text_alignment":"center","image_overlay_opacity":0,"color_scheme":"scheme-5","text_alignment_mobile":"center"}}},"block_order":["slide_y3hfXz"],"settings":{"layout":"full_bleed","slide_height":"medium","slider_visual":"counter","auto_rotate":false,"change_slides_speed":5,"image_behavior":"none","show_text_below":true,"accessibility_info":"Slideshow about our brand"}},"ss_timeline_horizontal_yxiMg7":{"type":"ss-timeline-horizontal","blocks":{"item_zNFwaD":{"type":"item","settings":{"title":"How we started","date":"","image":"shopify:\/\/shop_images\/Frame_1000004721.png","hide_image":false,"card_title":"","card_text":"","card_reverse":false}},"item_A67Nyt":{"type":"item","settings":{"title":"Where we currently are","date":"","image":"shopify:\/\/shop_images\/Frame_1000004722.png","hide_image":false,"card_title":"","card_text":"","card_reverse":false}},"item_4nY7XU":{"type":"item","settings":{"title":"Where we plan to be","date":"","image":"shopify:\/\/shop_images\/Frame_1000004723.png","hide_image":false,"card_title":"","card_text":"","card_reverse":false}}},"block_order":["item_zNFwaD","item_A67Nyt","item_4nY7XU"],"custom_css":[],"settings":{"heading":"","heading_custom":false,"heading_font":"josefin_sans_n4","heading_size":46,"heading_size_mobile":30,"heading_height":170,"heading_align":"left","heading_align_mobile":"center","items_width":100,"items_width_mobile":100,"items_align":"center","items_align_mobile":"center","items_gap":30,"items_gap_mobile":20,"items_mt":0,"line_thickness":1,"item_width":330,"item_width_mobile":290,"item_gap":0,"item_gap_mobile":0,"item_align":"center","item_align_mobile":"bottom","circle_size":25,"circle_border_thickness":1,"title_custom":false,"title_font":"josefin_sans_n4","title_size":30,"title_size_mobile":24,"title_height":100,"date_custom":false,"date_font":"josefin_sans_n4","date_size":14,"date_size_mobile":14,"date_height":100,"date_mt":16,"card_padding_vertical":20,"card_padding_horizontal":20,"card_radius":8,"card_border_thickness":0,"card_align":"left","card_align_mobile":"left","card_shadow":false,"image_radius":8,"image_border_thickness":0,"image_ratio":"original","image_ratio_mobile":"original","card_title_custom":false,"card_title_font":"josefin_sans_n4","card_title_size":18,"card_title_size_mobile":18,"card_title_height":130,"card_title_mt":16,"card_text_custom":false,"card_text_font":"josefin_sans_n4","card_text_size":14,"card_text_size_mobile":14,"card_text_height":150,"card_text_mt":8,"line_color":"#bababa","circle_color":"#ffffff","circle_border_color":"#ffffff","title_color":"#ffffff","date_color":"#bababa","card_bg":"#ffffff","card_border_color":"#000000","card_shadow_color":"#000000","image_border_color":"#000000","card_title_color":"#121212","card_text_color":"#000000","heading_color":"#000000","background_color":"#000000","background_gradient":"","border_color":"#000000","margin_top":0,"margin_bottom":0,"padding_top":100,"padding_bottom":36,"padding_horizontal":5,"padding_horizontal_mobile":2,"full_width":false,"content_width":180,"border_thickness":0,"lazy":true}},"slideshow_NVqtMY":{"type":"slideshow","blocks":{"slide_3q4L6q":{"type":"slide","settings":{"image":"shopify:\/\/shop_images\/Frame_1000005709.png","heading":"","heading_size":"h1","subheading":"","button_label":"","link":"","button_style_secondary":false,"box_align":"middle-center","show_text_box":false,"text_alignment":"center","image_overlay_opacity":0,"color_scheme":"scheme-5","text_alignment_mobile":"center"}},"slide_QgPjAe":{"type":"slide","settings":{"image":"shopify:\/\/shop_images\/Frame_1000005709_1.png","heading":"","heading_size":"h1","subheading":"","button_label":"","link":"","button_style_secondary":false,"box_align":"middle-center","show_text_box":false,"text_alignment":"center","image_overlay_opacity":0,"color_scheme":"","text_alignment_mobile":"center"}},"slide_epzEYm":{"type":"slide","settings":{"image":"shopify:\/\/shop_images\/Frame_1000005710.png","heading":"","heading_size":"h1","subheading":"","button_label":"","link":"","button_style_secondary":false,"box_align":"middle-center","show_text_box":false,"text_alignment":"center","image_overlay_opacity":0,"color_scheme":"scheme-5","text_alignment_mobile":"center"}}},"block_order":["slide_3q4L6q","slide_QgPjAe","slide_epzEYm"],"custom_css":[".slider-buttons {background-color: #000; color: #fff;}"],"settings":{"layout":"full_bleed","slide_height":"adapt_image","slider_visual":"counter","auto_rotate":false,"change_slides_speed":5,"image_behavior":"none","show_text_below":false,"accessibility_info":"Slideshow about our brand"}},"rich_text_8RGLQr":{"type":"rich-text","blocks":{"heading_ctzU6D":{"type":"heading","settings":{"heading":"Product Details","heading_size":"h0"}},"heading_z87CiF":{"type":"heading","settings":{"heading":"Marketed By","heading_size":"h1"}},"text_JGGBMa":{"type":"text","settings":{"text":"<p><strong>BTM Ventures<\/strong><\/p><p>info@reginaldmen.com<br\/>Plot no 194, Survey Of India Ayyappa Society, Survey of India Colony, Chanda Naik Nagar, Madhapur, Hyderabad, Telangana 500081<\/p>"}}},"block_order":["heading_ctzU6D","heading_z87CiF","text_JGGBMa"],"custom_css":[".rich-text__text {text-align: left; color: #fff;}"],"settings":{"desktop_content_position":"center","content_alignment":"center","color_scheme":"scheme-5","full_width":true,"padding_top":40,"padding_bottom":52}},"rich_text_X84jwT":{"type":"rich-text","blocks":{"heading_AgpGHm":{"type":"heading","settings":{"heading":"Manufactured By","heading_size":"h1"}},"text_73cQP3":{"type":"text","disabled":true,"settings":{"text":"<p><strong>Old: <\/strong>A.M Enterprises, Khasra No. 63, 64, Near Genious School, Uncha Parwanoo, Dist: Solan, Himachal Pradesh.<br\/>Mfg Lic No: S-COS\/13\/34<\/p>"}},"text_f7nx8L":{"type":"text","settings":{"text":"<p><strong>Aaroohee Healthcare Private Ltd<\/strong><\/p><p> Sy.No. 751 & 752, Burgula (V), Farooq Nagar (M), R.R.Dist. Telangana - 509 202.<br\/><strong>Mfg Lic No:<\/strong> 02\/MBNR\/TS\/2021\/C\/G<\/p>"}},"text_RhiD34":{"type":"text","settings":{"text":"<p>If you have any queries, contact us:<br\/>Email:info@reginaldmen.com<br\/>WhatsApp: 8374525213<br\/>If you have any type of irritation occurs, then consult dermatologist.<\/p>"}}},"block_order":["heading_AgpGHm","text_73cQP3","text_f7nx8L","text_RhiD34"],"custom_css":[".rich-text__text {text-align: left; color: #fff;}"],"settings":{"desktop_content_position":"center","content_alignment":"center","color_scheme":"scheme-5","full_width":true,"padding_top":40,"padding_bottom":52}},"rich_text_nPJFK7":{"type":"rich-text","blocks":{"text_i6kyjR":{"type":"text","settings":{"text":"<p>Note from the<\/p>"}},"heading_KYTtra":{"type":"heading","settings":{"heading":"Reginald Family","heading_size":"h1"}},"text_Yty7e3":{"type":"text","settings":{"text":"<h6><strong>If you're reading this, it means you care about what you put on your skin. We're building a brand for men just like you – Men who care.<\/strong><\/h6>"}},"text_TmpDTr":{"type":"text","settings":{"text":"<h6>Our products are crafted on the principles of  rentless : <\/h6>"}}},"block_order":["text_i6kyjR","heading_KYTtra","text_Yty7e3","text_TmpDTr"],"custom_css":["p {color: #fff; text-align: center; font-family: \"Tiro Devanagari Hindi\"; font-size: 22.554px; font-style: normal; font-weight: 400; line-height: 77%; \/* 17.366px *\/ letter-spacing: -0.6px;}","h2 {margin-top: 4px; color: #fff; font-family: \"Noto Sans\"; font-size: 42.942px; font-style: normal; font-weight: bold; font-stretch: condensed; line-height: 90%; letter-spacing: -1.798px;}","h6 {padding-top: 24px; color: #fff; font-family: Hind; font-size: 16px; font-style: normal; font-weight: 400; line-height: 120%; \/* 23.4px letter-spacing: -0.18px;*\/}"],"settings":{"desktop_content_position":"center","content_alignment":"center","color_scheme":"scheme-5","full_width":true,"padding_top":72,"padding_bottom":0}},"multicolumn_4xeUtB":{"type":"multicolumn","blocks":{"column_pAk6ne":{"type":"column","disabled":true,"settings":{"image":"shopify:\/\/shop_images\/Frame_1000004752_11_5b55e4bb-4b0d-4a71-8e32-70a863373b60.png","title":"","text":"","link_label":"","link":""}},"column_pGLcN8":{"type":"column","settings":{"image":"shopify:\/\/shop_images\/Frame_1000004736.png","title":"","text":"","link_label":"","link":""}},"column_AJybEC":{"type":"column","settings":{"image":"shopify:\/\/shop_images\/Frame_1000004738.png","title":"","text":"","link_label":"","link":""}},"column_LN8nAK":{"type":"column","settings":{"image":"shopify:\/\/shop_images\/Frame_1000004737.png","title":"","text":"","link_label":"","link":""}},"column_dtdF6J":{"type":"column","settings":{"image":"shopify:\/\/shop_images\/Frame_1000004739.png","title":"","text":"","link_label":"","link":""}}},"block_order":["column_pAk6ne","column_pGLcN8","column_AJybEC","column_LN8nAK","column_dtdF6J"],"settings":{"title":"","heading_size":"h1","image_width":"full","image_ratio":"adapt","columns_desktop":4,"column_alignment":"center","background_style":"none","button_label":"","button_link":"","color_scheme":"scheme-5","columns_mobile":"1","swipe_on_mobile":true,"padding_top":36,"padding_bottom":36}},"rich_text_dQtDDG":{"type":"rich-text","blocks":{"text_tQa9FE":{"type":"text","settings":{"text":"<h6>Because,<\/h6><h5>I DON’T CARE IS NOT COOL, <\/h5><h5>CARING IS COOL, <\/h5><h6>Not just about others but about yourself also. <\/h6>"}},"text_C3HrXP":{"type":"text","disabled":true,"settings":{"text":"<p>Yours in Care<\/p><p>Team,<\/p>"}}},"block_order":["text_tQa9FE","text_C3HrXP"],"custom_css":["h6 {color: #fff; font-family: \"Hind\"; font-size: 16px; font-style: normal; font-weight: 200; line-height: 110%; \/* 23.4px letter-spacing: -0.18px;*\/}","h5 {color: #fff; text-align: center; leading-trim: both; text-edge: cap; font-family: \"Tiro Devanagari Hindi\"; font-size: 16px; font-style: normal; font-weight: 400; line-height: 19%; \/* 31.2px *\/ letter-spacing: -0.24px;}","p {margin-top: 12px; color: #fff; font-family: \"Hind\"; font-size: 16px; font-style: normal; font-weight: 200; line-height: 4px;}"],"settings":{"desktop_content_position":"center","content_alignment":"center","color_scheme":"scheme-5","full_width":true,"padding_top":40,"padding_bottom":24}},"slideshow_JF43fn":{"type":"slideshow","blocks":{"slide_wnjfLQ":{"type":"slide","settings":{"image":"shopify:\/\/shop_images\/REGINALD_MEN_d08c7860-6797-4442-bfd2-833479921fe4.png","heading":"","heading_size":"h1","subheading":"","button_label":"","link":"","button_style_secondary":false,"box_align":"middle-center","show_text_box":true,"text_alignment":"center","image_overlay_opacity":0,"color_scheme":"scheme-3","text_alignment_mobile":"center"}}},"block_order":["slide_wnjfLQ"],"disabled":true,"custom_css":["img {transform: scale(0.3);}","div {z-index: -44; background: #121239; margin-top: -8px;}",".slideshow__text-wrapper {display: none;}"],"settings":{"layout":"full_bleed","slide_height":"adapt_image","slider_visual":"counter","auto_rotate":false,"change_slides_speed":5,"image_behavior":"none","show_text_below":true,"accessibility_info":"Slideshow about our brand"}},"multicolumn_VKhW98":{"type":"multicolumn","blocks":{"column_CJLtxV":{"type":"column","settings":{"image":"shopify:\/\/shop_images\/Frame_1000004684.png","title":"","text":"","link_label":"","link":""}},"column_BGQVKz":{"type":"column","settings":{"image":"shopify:\/\/shop_images\/Frame_1000004685.png","title":"","text":"","link_label":"","link":""}},"column_4FLkD7":{"type":"column","settings":{"image":"shopify:\/\/shop_images\/Frame_1000004686.png","title":"","text":"","link_label":"","link":""}},"column_LPgpXj":{"type":"column","settings":{"image":"shopify:\/\/shop_images\/Frame_1000004683.png","title":"","text":"","link_label":"","link":""}},"column_mwGKGx":{"type":"column","settings":{"image":"shopify:\/\/shop_images\/Frame_1000004687.png","title":"","text":"","link_label":"","link":""}}},"block_order":["column_CJLtxV","column_BGQVKz","column_4FLkD7","column_LPgpXj","column_mwGKGx"],"custom_css":[".slider-buttons {display: none;}"],"settings":{"title":"","heading_size":"h1","image_width":"full","image_ratio":"adapt","columns_desktop":5,"column_alignment":"center","background_style":"none","button_label":"","button_link":"","color_scheme":"scheme-5","columns_mobile":"1","swipe_on_mobile":true,"padding_top":24,"padding_bottom":24}},"slideshow_mUCUnp":{"type":"slideshow","blocks":{"slide_yDyXqQ":{"type":"slide","settings":{"image":"shopify:\/\/shop_images\/Frame_1000004702.png","heading":"","heading_size":"h1","subheading":"","button_label":"","link":"","button_style_secondary":false,"box_align":"middle-center","show_text_box":true,"text_alignment":"center","image_overlay_opacity":0,"color_scheme":"scheme-3","text_alignment_mobile":"center"}},"slide_6HhpmT":{"type":"slide","settings":{"image":"shopify:\/\/shop_images\/Frame_1000004701.png","heading":"","heading_size":"h1","subheading":"","button_label":"","link":"","button_style_secondary":false,"box_align":"middle-center","show_text_box":true,"text_alignment":"center","image_overlay_opacity":0,"color_scheme":"scheme-3","text_alignment_mobile":"center"}},"slide_VRLCqB":{"type":"slide","settings":{"image":"shopify:\/\/shop_images\/Frame_1000004705.png","heading":"","heading_size":"h1","subheading":"","button_label":"","link":"","button_style_secondary":false,"box_align":"middle-center","show_text_box":true,"text_alignment":"center","image_overlay_opacity":0,"color_scheme":"scheme-3","text_alignment_mobile":"center"}},"slide_KUMU9K":{"type":"slide","settings":{"image":"shopify:\/\/shop_images\/Frame_1000004704.png","heading":"","heading_size":"h1","subheading":"","button_label":"","link":"","button_style_secondary":false,"box_align":"middle-center","show_text_box":true,"text_alignment":"center","image_overlay_opacity":0,"color_scheme":"scheme-3","text_alignment_mobile":"center"}},"slide_X7M8Jq":{"type":"slide","settings":{"image":"shopify:\/\/shop_images\/Frame_1000004700.png","heading":"","heading_size":"h1","subheading":"","button_label":"","link":"","button_style_secondary":false,"box_align":"middle-center","show_text_box":true,"text_alignment":"center","image_overlay_opacity":0,"color_scheme":"scheme-3","text_alignment_mobile":"center"}}},"block_order":["slide_yDyXqQ","slide_6HhpmT","slide_VRLCqB","slide_KUMU9K","slide_X7M8Jq"],"disabled":true,"custom_css":[".slideshow__controls {display: none;}",".slideshow__text {display: none;}",".slideshow__media {background: transparent;}","img {padding: 0px; transform: scale(0.8); animation: subtleMovement 10s infinite alternate;}"],"settings":{"layout":"full_bleed","slide_height":"adapt_image","slider_visual":"counter","auto_rotate":true,"change_slides_speed":5,"image_behavior":"none","show_text_below":true,"accessibility_info":"Slideshow about our brand"}},"rich_text_dDbzQb":{"type":"rich-text","blocks":{"text_bYcm8g":{"type":"text","settings":{"text":"<p>The<\/p>"}},"heading_fAXwBj":{"type":"heading","settings":{"heading":"Reginald History","heading_size":"h1"}}},"block_order":["text_bYcm8g","heading_fAXwBj"],"custom_css":["p {color: #fff; text-align: center; font-family: \"Tiro Devanagari Hindi\"; font-size: 22.554px; font-style: normal; font-weight: 400; line-height: 77%; \/* 17.366px *\/ letter-spacing: -0.677px;}","h2 {margin-top: 12px; color: #fff; font-size: 42.942px; font-style: normal; font-weight: bold; font-stretch: condensed; line-height: 100%; letter-spacing: -1.798px;}","h6 {padding-top: 24px; color: #fff; font-size: 16px; font-style: normal; font-weight: 400; line-height: 195%; \/* 23.4px letter-spacing: -0.18px;*\/}"],"settings":{"desktop_content_position":"center","content_alignment":"center","color_scheme":"scheme-5","full_width":true,"padding_top":40,"padding_bottom":8}},"rich_text_dyUN4J":{"type":"rich-text","blocks":{"text_XdFYrg":{"type":"text","settings":{"text":"<h6>Join us in this journey of self-care, where every product is a testament to your commitment to excellence.<\/h6>"}},"button_MF9Jne":{"type":"button","settings":{"button_label":"Shop Now","button_link":"shopify:\/\/collections\/shop-all-products","button_style_secondary":false,"button_label_2":"","button_link_2":"","button_style_secondary_2":false}}},"block_order":["text_XdFYrg","button_MF9Jne"],"custom_css":[".button {width: 100%; background-color: #fff;}","a {color: #000; text-align: center; font-family: Noto Sans; font-size: 16px; font-style: normal; font-weight: 700; line-height: 115.6%; \/* 23.257px *\/ letter-spacing: -0.805px;}","h6 {color: #fff; text-align: center; leading-trim: both; text-edge: cap; font-family: \"Hind\"; font-size: 16px; font-style: normal; font-weight: 400; line-height: 195%; \/* 23.4px *\/ letter-spacing: -0.18px;}"],"settings":{"desktop_content_position":"center","content_alignment":"center","color_scheme":"scheme-5","full_width":true,"padding_top":40,"padding_bottom":52}}},"order":["main","multicolumn_QeF8cp","slideshow_KdY73N","ss_timeline_horizontal_yxiMg7","slideshow_NVqtMY","rich_text_8RGLQr","rich_text_X84jwT","rich_text_nPJFK7","multicolumn_4xeUtB","rich_text_dQtDDG","slideshow_JF43fn","multicolumn_VKhW98","slideshow_mUCUnp","rich_text_dDbzQb","rich_text_dyUN4J"]}