{"sections":{"main":{"type":"main-page","disabled":true,"settings":{"padding_top":36,"padding_bottom":36}},"rich_text_rY4p34":{"type":"rich-text","blocks":{"heading_4zGbin":{"type":"heading","settings":{"heading":"<strong>Contact Us<\/strong>","heading_size":"h0"}},"text_ijrQEe":{"type":"text","settings":{"text":"<p>Got questions or need assistance? We're here to help!<\/p><p><\/p>"}}},"block_order":["heading_4zGbin","text_ijrQEe"],"settings":{"desktop_content_position":"center","content_alignment":"center","color_scheme":"scheme-5","full_width":true,"padding_top":40,"padding_bottom":8}},"form":{"type":"contact-form","custom_css":[".button {width: 330px; background-color: white;}"],"settings":{"heading":"","heading_size":"h1","color_scheme":"scheme-5","padding_top":36,"padding_bottom":36}},"rich_text_XiXPhJ":{"type":"rich-text","blocks":{"heading_G6YdcE":{"type":"heading","disabled":true,"settings":{"heading":"Contact Us:","heading_size":"h0"}},"text_UzcyHA":{"type":"text","disabled":true,"settings":{"text":"<p>Call: +918062358966<\/p>"}},"text_YwFKqr":{"type":"text","settings":{"text":"<p>WhatsApp: +91 8374525213<br\/>Email: info@reginaldmen.com<\/p>"}},"button_grV9c9":{"type":"button","disabled":true,"settings":{"button_label":"Button label","button_link":"","button_style_secondary":false,"button_label_2":"","button_link_2":"","button_style_secondary_2":false}},"text_8Dz8JU":{"type":"text","settings":{"text":"<p>Address : Plot no 194, Survey Of India Ayyappa Society, Survey of India Colony, Chanda Naik Nagar, Madhapur, Hyderabad, Telangana 500081<\/p>"}}},"block_order":["heading_G6YdcE","text_UzcyHA","text_YwFKqr","button_grV9c9","text_8Dz8JU"],"disabled":true,"settings":{"desktop_content_position":"center","content_alignment":"center","color_scheme":"scheme-5","full_width":true,"padding_top":0,"padding_bottom":52}},"collapsible_content_HRV8yM":{"type":"collapsible-content","blocks":{"collapsible_row_NHPrzC":{"type":"collapsible_row","settings":{"heading":"Collapsible row","icon":"check_mark","row_content":"","page":""}},"collapsible_row_xbhLnX":{"type":"collapsible_row","settings":{"heading":"Collapsible row","icon":"check_mark","row_content":"","page":""}},"collapsible_row_gtWpBd":{"type":"collapsible_row","settings":{"heading":"Collapsible row","icon":"check_mark","row_content":"","page":""}},"collapsible_row_3TY4GL":{"type":"collapsible_row","settings":{"heading":"Collapsible row","icon":"check_mark","row_content":"","page":""}}},"block_order":["collapsible_row_NHPrzC","collapsible_row_xbhLnX","collapsible_row_gtWpBd","collapsible_row_3TY4GL"],"disabled":true,"settings":{"caption":"","heading":"Got some questions ?","heading_size":"h1","heading_alignment":"center","layout":"none","color_scheme":"scheme-3","container_color_scheme":"","open_first_collapsible_row":false,"image_ratio":"adapt","desktop_layout":"image_second","padding_top":36,"padding_bottom":36}}},"order":["main","rich_text_rY4p34","form","rich_text_XiXPhJ","collapsible_content_HRV8yM"]}