{"sections":{"multicolumn_gg6pbw":{"type":"multicolumn","blocks":{"column_fNBfJT":{"type":"column","settings":{"image":"shopify:\/\/shop_images\/Frame_1000005702.png","title":"","text":"","link_label":"","link":""}},"column_LAyHaw":{"type":"column","settings":{"image":"shopify:\/\/shop_images\/Group_1000006411_4.png","title":"","text":"","link_label":"","link":""}},"column_TCM98q":{"type":"column","settings":{"image":"shopify:\/\/shop_images\/Frame_1000005626.png","title":"","text":"","link_label":"","link":""}},"column_r9Eqng":{"type":"column","settings":{"image":"shopify:\/\/shop_images\/Frame_1000005627.png","title":"","text":"","link_label":"","link":""}},"column_MRf4DK":{"type":"column","settings":{"image":"shopify:\/\/shop_images\/Frame_1000005628.png","title":"","text":"","link_label":"","link":""}},"column_ChCNLh":{"type":"column","settings":{"image":"shopify:\/\/shop_images\/Group_1000006412_1.png","title":"","text":"","link_label":"","link":""}}},"block_order":["column_fNBfJT","column_LAyHaw","column_TCM98q","column_r9Eqng","column_MRf4DK","column_ChCNLh"],"custom_css":[".slider__slide {width: 100%;}"],"settings":{"title":"","heading_size":"h1","image_width":"full","image_ratio":"adapt","columns_desktop":1,"column_alignment":"center","background_style":"none","button_label":"","button_link":"","color_scheme":"scheme-5","columns_mobile":"1","swipe_on_mobile":true,"padding_top":0,"padding_bottom":0}},"slideshow_Hz3tWt":{"type":"slideshow","blocks":{"slide_DLGkg3":{"type":"slide","settings":{"image":"shopify:\/\/shop_images\/Group_1000006593.png","heading":"","heading_size":"h1","subheading":"","button_label":"","link":"","button_style_secondary":false,"box_align":"middle-center","show_text_box":false,"text_alignment":"center","image_overlay_opacity":0,"color_scheme":"scheme-5","text_alignment_mobile":"center"}},"slide_Hez9Wx":{"type":"slide","settings":{"image":"shopify:\/\/shop_images\/Frame_1000005557_1.png","heading":"","heading_size":"h1","subheading":"","button_label":"","link":"","button_style_secondary":false,"box_align":"middle-center","show_text_box":false,"text_alignment":"center","image_overlay_opacity":0,"color_scheme":"","text_alignment_mobile":"center"}},"slide_Ca9gDc":{"type":"slide","settings":{"image":"shopify:\/\/shop_images\/Frame_1000005691.png","heading":"","heading_size":"h1","subheading":"","button_label":"","link":"","button_style_secondary":false,"box_align":"middle-center","show_text_box":false,"text_alignment":"center","image_overlay_opacity":0,"color_scheme":"scheme-1","text_alignment_mobile":"center"}},"slide_xtiA4B":{"type":"slide","settings":{"image":"shopify:\/\/shop_images\/Frame_1000005692.png","heading":"","heading_size":"h1","subheading":"","button_label":"","link":"","button_style_secondary":false,"box_align":"middle-center","show_text_box":false,"text_alignment":"center","image_overlay_opacity":0,"color_scheme":"scheme-5","text_alignment_mobile":"center"}},"slide_VgEbeW":{"type":"slide","settings":{"image":"shopify:\/\/shop_images\/Frame_1000005696.png","heading":"","heading_size":"h1","subheading":"","button_label":"","link":"","button_style_secondary":false,"box_align":"middle-center","show_text_box":false,"text_alignment":"center","image_overlay_opacity":0,"color_scheme":"scheme-5","text_alignment_mobile":"center"}}},"block_order":["slide_DLGkg3","slide_Hez9Wx","slide_Ca9gDc","slide_xtiA4B","slide_VgEbeW"],"settings":{"layout":"full_bleed","slide_height":"adapt_image","slider_visual":"counter","auto_rotate":false,"change_slides_speed":5,"image_behavior":"none","show_text_below":false,"accessibility_info":"Slideshow about our brand"}},"main":{"type":"main-product","blocks":{"vendor":{"type":"text","disabled":true,"settings":{"text":"{{ product.vendor }}","text_style":"uppercase"}},"title":{"type":"title","disabled":true,"settings":{}},"description_eKLdiH":{"type":"description","disabled":true,"settings":{}},"rating_p74dnU":{"type":"rating","disabled":true,"settings":{}},"custom_liquid_cht4Ad":{"type":"custom_liquid","disabled":true,"settings":{"custom_liquid":"<p style=\"margin:0;padding-bottom:15px;text-transform:capitalize;font-family:Noto Sans R\"><span style=\"color:white;font-family:Noto Sans SB\">317+<\/span> units sold<\/p>"}},"price":{"type":"price","settings":{}},"custom_liquid_aw6myn":{"type":"custom_liquid","disabled":true,"settings":{"custom_liquid":"<div class=\"text_b1g1\" style='text-align:center;font-weight:bold;color:#fff' ><p  >B1G1 Sale! BUY 1 GET 1 FREE !<\/p><p style='text-align:center;font-weight:bold;margin-top:-15px;color:#fff'>Buy Each at 999, Lowest Price Ever.<\/p><\/div>"}},"judge_me_reviews_preview_badge_Fqj7qt":{"type":"shopify:\/\/apps\/judge-me-reviews\/blocks\/preview_badge\/61ccd3b1-a9f2-4160-9fe9-4fec8413e5d8","settings":{}},"custom_liquid_Qecjcb":{"type":"custom_liquid","disabled":true,"settings":{"custom_liquid":"<p style='color:#ffffff;font-weight:bold;'> Each at ₹1000 - Lowest Price Ever with B1G1! <\/p>"}},"custom_liquid_AchRM9":{"type":"custom_liquid","disabled":true,"settings":{"custom_liquid":"<p style=\"font-size:1.2rem;font-family:Noto Sans R;line-height:22px;padding-top:10px\">You asked for it so we did it - <\/br><span style=\"color:white;font-size:1.8rem;text-transform:capitalize;font-family:Noto Sans SB\">serum now available with fragrance :<\/span><\/p>"}},"variant_picker":{"type":"variant_picker","disabled":true,"settings":{"picker_type":"button","swatch_shape":"circle"}},"custom_liquid_tf4Can":{"type":"custom_liquid","disabled":true,"settings":{"custom_liquid":"<div>\n<ul style=\"margin:0;text-transform:capitalize;font-size:1rem;list-style:none;margin-left:-2rem\">\n<li>*IFRA tested fragrance<\/li>\n<li>**Choose Witout fragrance - for sensitive skin<\/li>\n<\/ul>\n<\/div>"}},"quantity_selector":{"type":"quantity_selector","disabled":true,"settings":{}},"custom_liquid_9WnqEM":{"type":"custom_liquid","disabled":true,"settings":{"custom_liquid":"<div style=\"font-size:2.4rem;carousel:pointer\"><h2>Available Offers<\/h2><\/div>\n<div  style=\"margin-top:20px;font-size:1.3rem;font-family:Noto Sans R; padding:20px;line-height:22px;padding:5px;background-color: rgb(255, 255, 255);color:#202067;border-radius:10px;\">\n<p style=\"margin:10px 20px\"><svg fill=\"#000000\" height=\"12px\" width=\"12px\" version=\"1.1\" xmlns=\"http:\/\/www.w3.org\/2000\/svg\" viewBox=\"0 0 512 512\" xmlns:xlink=\"http:\/\/www.w3.org\/1999\/xlink\" enable-background=\"new 0 0 512 512\"><g id=\"SVGRepo_bgCarrier\" stroke-width=\"0\"><\/g><g id=\"SVGRepo_tracerCarrier\" stroke-linecap=\"round\" stroke-linejoin=\"round\"><\/g><g id=\"SVGRepo_iconCarrier\"> <g> <path d=\"m368.4,90.3c-30.3,0-54.9,24.6-54.9,54.9s24.6,54.9 54.9,54.9c30.3,0 54.9-24.6 54.9-54.9s-24.6-54.9-54.9-54.9zm0,69.1c-7.8,0-14.2-6.3-14.2-14.2s6.3-14.2 14.2-14.2c7.8,0 14.2,6.3 14.2,14.2s-6.4,14.2-14.2,14.2z\"><\/path> <path d=\"m54.4,312.2l142.4,144.5 262.8-259-22.9-119.7-119.4-24.8-262.9,259h2.13163e-14zm142.4,188c-9.2,0-17.9-3.6-24.4-10.2l-151.6-153.9c-13.2-13.4-13.1-35.1 0.4-48.4l270-266c8.1-8 19.9-11.5 31-9.1l127,26.4c13.6,2.8 24,13.5 26.7,27.1l24.5,127.4c2.2,11.3-1.4,22.8-9.6,30.9l-270,266c-6.4,6.3-15,9.8-24,9.8z\"><\/path> <\/g> <\/g><\/svg> Buy Serum, Moisturizer, Sunscreen set for <strong>₹1899.<\/strong>   (Use Code:<strong class=\"copyCode\" style=\"cursor: pointer;\"> <svg xmlns=\"http:\/\/www.w3.org\/2000\/svg\" width=\"12px\" height=\"12px\" viewBox=\"0 0 20 20\" fill=\"none\">\n  <path fill=\"#000000\" fill-rule=\"evenodd\" d=\"M4 2a2 2 0 00-2 2v9a2 2 0 002 2h2v2a2 2 0 002 2h9a2 2 0 002-2V8a2 2 0 00-2-2h-2V4a2 2 0 00-2-2H4zm9 4V4H4v9h2V8a2 2 0 012-2h5zM8 8h9v9H8V8z\"\/>\n<\/svg> PDCARE<\/strong>) and <strong style=\"color:green\">save ₹1000<\/strong><br> \n<\/p>\n <p id=\"copyMessage\" style=\"display: none;padding:5px 20px;font-family:Noto Sans B;color:green;margin:0;\">Text copied to clipboard!<\/p>\n<\/div>"}},"share_BG96FD":{"type":"share","disabled":true,"settings":{"share_label":"Share"}},"buy_buttons":{"type":"buy_buttons","settings":{"show_dynamic_checkout":true,"show_gift_card_recipient":true}},"judge_me_reviews_preview_badge_TM9Qpd":{"type":"shopify:\/\/apps\/judge-me-reviews\/blocks\/preview_badge\/61ccd3b1-a9f2-4160-9fe9-4fec8413e5d8","disabled":true,"settings":{}}},"block_order":["vendor","title","description_eKLdiH","rating_p74dnU","custom_liquid_cht4Ad","price","custom_liquid_aw6myn","judge_me_reviews_preview_badge_Fqj7qt","custom_liquid_Qecjcb","custom_liquid_AchRM9","variant_picker","custom_liquid_tf4Can","quantity_selector","custom_liquid_9WnqEM","share_BG96FD","buy_buttons","judge_me_reviews_preview_badge_TM9Qpd"],"custom_css":[".button {background-color: #00048a; color: #ffffff; width: 300px; margin: auto;}",".jdgm-prev-badge {margin-top: 10px;}",".jdgm-prev-badge,.product-form__quantity {text-align: center;}",".quantity__label {display: none;}",".quantity {margin: auto;}",".price {margin-top: 10px; text-align: center;}","@media (min-width: 600px) {.product__info-wrapper {margin: -34.6rem 1rem 0rem 59.4rem; z-index: 1 !important; position: relative; } .button {width: 400px; } .jdgm-prev-badge, .product-form__quantity {text-align: left; } .price {font-size: 30px; text-align: left; }}"],"settings":{"enable_sticky_info":true,"color_scheme":"scheme-5","media_size":"medium","constrain_to_viewport":true,"media_fit":"contain","gallery_layout":"thumbnail_slider","media_position":"left","image_zoom":"none","mobile_thumbnails":"hide","hide_variants":true,"enable_video_looping":true,"padding_top":20,"padding_bottom":0}},"custom_liquid_3xENjf":{"type":"custom-liquid","disabled":true,"settings":{"custom_liquid":"<button style='background-color:#000E8B;color:#ffffff;width:300px;padding:10px;' class='addtocartsss'>\n            Add to cart\n<\/button>","color_scheme":"scheme-5","padding_top":40,"padding_bottom":52}},"rich_text_tWddpc":{"type":"rich-text","blocks":{"heading_8DDkiK":{"type":"heading","settings":{"heading":"Check the","heading_size":"h1"}},"text_gPWKwx":{"type":"text","settings":{"text":"<p>Results<\/p>"}}},"block_order":["heading_8DDkiK","text_gPWKwx"],"disabled":true,"custom_css":[".rich-text__heading {text-align: center; color: #fff; font-size: 43.942px; font-style: normal; font-stretch: semi-condensed; font-weight: 700; line-height: 77%; \/* 34.605px *\/ letter-spacing: -1.798px;}",".rich-text__text {margin-top: 6px; color: #fff; text-align: center; font-family: \"Tiro Devanagari Hindi\"; font-size: 22.554px; font-style: normal; font-weight: 400; line-height: 77%; \/* 17.366px *\/ letter-spacing: -0.677px;}"],"settings":{"desktop_content_position":"center","content_alignment":"center","color_scheme":"scheme-5","full_width":true,"padding_top":32,"padding_bottom":20}},"multicolumn_QrLqkd":{"type":"multicolumn","blocks":{"column_WW6mmt":{"type":"column","settings":{"image":"shopify:\/\/shop_images\/Group_1000006556_1.png","title":"","text":"","link_label":"","link":""}},"column_XAndMR":{"type":"column","settings":{"image":"shopify:\/\/shop_images\/Group_1000006591.png","title":"","text":"","link_label":"","link":""}}},"block_order":["column_WW6mmt","column_XAndMR"],"custom_css":[".slider__slide {padding: 20px;}"],"settings":{"title":"","heading_size":"h1","image_width":"full","image_ratio":"adapt","columns_desktop":2,"column_alignment":"center","background_style":"none","button_label":"","button_link":"","color_scheme":"scheme-5","columns_mobile":"1","swipe_on_mobile":true,"padding_top":0,"padding_bottom":0}},"custom_liquid_GcBfi9":{"type":"custom-liquid","custom_css":["@media (min-width: 600px) {form {display: none; }}"],"settings":{"custom_liquid":"<form style='padding:10px 0px;width:80%;margin:auto;background-color: #000000;' method=\"post\" action=\"\/cart\/add\" id=\"product-form-template--17348634837172__main\" accept-charset=\"UTF-8\" class=\"form\" enctype=\"multipart\/form-data\" novalidate=\"novalidate\" data-type=\"add-to-cart-form\"><input type=\"hidden\" name=\"form_type\" value=\"product\"><input type=\"hidden\" name=\"utf8\" value=\"✓\"><input type=\"hidden\" name=\"id\" value=\"43329526694068\" class=\"product-variant-id\"><div class=\"product-form__buttons\"><button style='background-color:#00048A;color:#ffffff' id=\"ProductSubmitButton-template--17348634837172__main\" type=\"submit\" name=\"add\" class=\"product-form__submit button button--full-width button--secondary\" aria-haspopup=\"dialog\" fdprocessedid=\"1gt8q5\">\n            <span>Add to cart\n<\/span>\n\n<link href=\"\/\/reginaldmen.com\/cdn\/shop\/t\/113\/assets\/component-loading-spinner.css?v=116724955567955766481728017297\" rel=\"stylesheet\" type=\"text\/css\" media=\"all\">\n\n<div class=\"loading__spinner hidden\">\n  <svg aria-hidden=\"true\" focusable=\"false\" class=\"spinner\" viewBox=\"0 0 66 66\" xmlns=\"http:\/\/www.w3.org\/2000\/svg\">\n    <circle class=\"path\" fill=\"none\" stroke-width=\"6\" cx=\"33\" cy=\"33\" r=\"30\"><\/circle>\n  <\/svg>\n<\/div>\n<\/button><div data-shopify=\"payment-button\" class=\"shopify-payment-button\"> <shopify-accelerated-checkout recommended=\"null\" fallback=\"{&quot;name&quot;:&quot;buy_it_now&quot;,&quot;wallet_params&quot;:{}}\" access-token=\"78328903bc2e486e74eaf073da31f9a1\" buyer-country=\"IN\" buyer-locale=\"en\" buyer-currency=\"INR\" variant-params=\"[{&quot;id&quot;:43329526694068,&quot;requiresShipping&quot;:true}]\" shop-id=\"63761940660\" requires-shipping=\"\"><shopify-buy-it-now-button access-token=\"78328903bc2e486e74eaf073da31f9a1\" buyer-country=\"IN\" buyer-currency=\"INR\" wallet-params=\"{}\" page-type=\"product\" slot=\"button\" requires-shipping=\"\" call-to-action=\"\"><button type=\"button\" class=\"shopify-payment-button__button shopify-payment-button__button--unbranded\" swc-type=\"buy_now\" style=\"display: none;\">Buy it now<\/button><button type=\"button\" class=\"shopify-payment-button__button shopify-payment-button__button--unbranded swc-btn\" swc-type=\"buy_now\" style=\"pointer-events: auto;\">Buy it now<\/button><\/shopify-buy-it-now-button><\/shopify-accelerated-checkout> <small id=\"shopify-buyer-consent\" class=\"hidden\" aria-hidden=\"true\"> This item is a recurring or deferred purchase. By continuing, I agree to the <span id=\"shopify-subscription-policy-button\">cancellation policy<\/span> and authorize you to charge my payment method at the prices, frequency and dates listed on this page until my order is fulfilled or I cancel, if permitted. <\/small> <\/div>\n<\/div><input type=\"hidden\" name=\"product-id\" value=\"7696772333748\"><input type=\"hidden\" name=\"section-id\" value=\"template--17348634837172__main\"><input type=\"hidden\" name=\"quantity\" value=\"1\"><\/form>","color_scheme":"scheme-5","padding_top":8,"padding_bottom":8}},"slideshow_39WjN4":{"type":"slideshow","blocks":{"slide_7xEqdb":{"type":"slide","settings":{"image":"shopify:\/\/shop_images\/Group_1000006544.png","heading":"","heading_size":"h1","subheading":"","button_label":"","link":"","button_style_secondary":false,"box_align":"middle-center","show_text_box":false,"text_alignment":"center","image_overlay_opacity":0,"color_scheme":"scheme-5","text_alignment_mobile":"center"}}},"block_order":["slide_7xEqdb"],"settings":{"layout":"full_bleed","slide_height":"adapt_image","slider_visual":"counter","auto_rotate":false,"change_slides_speed":5,"image_behavior":"none","show_text_below":false,"accessibility_info":"Slideshow about our brand"}},"collapsible_content_TMmbYb":{"type":"collapsible-content","blocks":{"collapsible_row_7WJPdn":{"type":"collapsible_row","settings":{"heading":"How to Use?","icon":"none","row_content":"<p><strong>Step 1<\/strong>- Wash your face to get rid of dirt and oil, then pat it dry.<\/p><p><strong>Step 2<\/strong>-<\/p><p>Put 2-3 drops of the serum on your fingers and gently massage it into your skin, including the areas around your beard.<\/p><p><strong>Step 3<\/strong>-<\/p><ul><li>Using moisturizer is optional. Take sunscreen, use three fingers' worth: apply two fingers on your face and one finger on your neck. <\/li><li>Don’t use less than this amount, thinking it will make your skin less oily. <\/li><li>Gently massage the sunscreen all over your face and neck, and let it sit for 40-50 seconds. Apply it 15 minutes before going outside, and remember to use sunscreen even when you're indoors<\/li><\/ul>","page":""}},"collapsible_row_yEAbh4":{"type":"collapsible_row","settings":{"heading":"Key Ingredients","icon":"none","row_content":"<h3><strong>Serum:<\/strong><\/h3><p><strong>Potassium Azeloyl Diglycinate:  <\/strong>Sourced from KoreaHyperpigmentation , Redness , Excess oil production<\/p><p><strong>Niacinamide:<\/strong> Sourced from USAStrengthens skin barrier , Improves skin texture <\/p><p><strong>Succinic Acid:<\/strong>  Sourced from SpainFights acne-causing bacteria , Inflammation , Reduces <\/p><p><strong>Skin Texture Betaine:<\/strong> Sourced from FinlandHydration , Enhances elasticity , Soothes dry, irritated skin <\/p><p><strong>Alpha Arbutin: <\/strong>Sourced from ChinaInhibits melanin production , Targets dark spots Dipotassium<\/p><p><strong>Glycyrrhizate: <\/strong>Sourced from ChinaAntioxidant better than Vitamin C , Anti Ageing , Brightening <\/p><p><strong>Ictasol: <\/strong>Sourced from GermanyAnti Inflammatory , Anti Acne , Better than Salicylic Acid Sorbitol: Sourced from GermanyHydration for 24 hrs , No fine linesPolylysine: Sourced from FranceAntimicrobial properties , Skin Repair  <\/p><p><strong>Glyceryl Glucoside:<\/strong> Sourced from JapanHydration , Skin Elasticity Sodium <\/p><p><strong>Hyaluronate: <\/strong>Sourced from KoreaPlumps the skin , No fine lines & wrinkles<\/p><h3><strong>Sunscreen:<\/strong><\/h3><p><strong>Cica Extract : <\/strong>Sourced  from KoreaReduces redness, inflammation , Suitable for sensitive or easily irritated skin types<\/p><p><strong>Xylitol:<\/strong> Sourced from FranceMaintains skin moisture , Protection against UV damage , Intense hydration & Barrier Repair , Softens skin & relieves sun burns <\/p><p><strong>Kojic Acid Dipalmitate: <\/strong>Sourced from ChinaReduces dark spots , Hyperpigmentation , Brightens Skin & Reduces  <\/p><p><strong>Tan Nano Glycerin: <\/strong>Sourced from SwedenMaintains skin moisture levels , Prevent dryness , Improve skin texture<\/p><p><strong>Glycerin: <\/strong>Draws moisture into the skin, hydrates, maintains skin moisture levels, prevent dryness & improve overall skin texture.<br\/><\/p>","page":""}},"collapsible_row_HyzPRH":{"type":"collapsible_row","settings":{"heading":"Sensory Profile","icon":"none","row_content":"<p><strong>How does it feel?<\/strong><\/p><p><strong>Helios - Protecting sunscreen : <\/strong>Our sunscreen has a light, creamy texture that absorbs into the skin within seconds as it is formulated with lightweight encapsulation technology.<\/p><p><strong>How does it smell like?:<\/strong><\/p><p>By default, our sunscreen is fragrance-free, but it may have a subtle, fresh scent due to the Cica extract.<\/p><p><strong>Hermes - All-In-One Serum<\/strong>: Due to its particular unique water technology formulation, It absorbs more quickly and leaves no oily or sticky feel.<\/p><p><strong>How does it smell like?:<\/strong><\/p><p>Our serum has a gasoline-like scent, although we haven't incorporated any fragrances due to their potential to cause irritations. We prioritize effectiveness over aesthetics!<\/p>","page":""}},"collapsible_row_3YHeeE":{"type":"collapsible_row","settings":{"heading":"Product Details","icon":"none","row_content":"<p><strong><br\/>Maximum Retail Price (Inclusive all taxes) :<\/strong>1999<br\/><strong>Net Qty:<\/strong> 80grams<\/p><p><strong>Marketed By:<\/strong><\/p><p>BTM Ventures info@reginaldmen.com<br\/>Plot no 194, Survey Of India Ayyappa Society, Survey of India Colony, Chanda Naik Nagar, Madhapur, Hyderabad, Telangana 500081<\/p><p><strong>Manufactured By:<br\/><\/strong>Aaroohee Healthcare Private Ltd., Sy.No. 751 & 752, Burgula (V), Farooq Nagar (M), R.R.Dist. Telangana - 509 202.<br\/><strong>Mfg Lic No: <\/strong>02\/MBNR\/TS\/2021\/C\/G<br\/><br\/><br\/><strong>Best Before:<\/strong><br\/>24 Months from the Manufacturing date.<\/p>","page":""}}},"block_order":["collapsible_row_7WJPdn","collapsible_row_yEAbh4","collapsible_row_HyzPRH","collapsible_row_3YHeeE"],"custom_css":["h3 {font-size: 18px;}",".accordion {background-color: rgb(0, 0, 0); border-bottom: 0.5px solid #fff; border-top: 0.5px solid #fff;}",".collapsible-content {margin-top: -10px; background-color: #000000; padding: 0px 30px 0px 30px;}","@media (max-width: 600px) {.collapsible-content__media {display: none; } .collapsible-content__header {display: none; }}","@media (min-width: 600px) {h3 {font-size: 24px; } h2 {font-size: 56.8px; } .grid__item {padding: 10px; margin: 40px 0px 0px 0px; } .collapsible-content__grid-item {margin: 0px !important; }}"],"settings":{"caption":"","heading":"What It Does ?","heading_size":"h1","heading_alignment":"center","layout":"none","color_scheme":"scheme-5","container_color_scheme":"scheme-5","open_first_collapsible_row":false,"image":"shopify:\/\/shop_images\/DETAN_DUO_WID_2.png","image_ratio":"adapt","desktop_layout":"image_first","padding_top":20,"padding_bottom":32}},"custom_liquid_myq6Yj":{"type":"custom-liquid","custom_css":["@media (min-width: 600px) {form {display: none; }}"],"settings":{"custom_liquid":"<form style='padding:10px 0px;width:80%;margin:auto;background-color: #000000;' method=\"post\" action=\"\/cart\/add\" id=\"product-form-template--17348634837172__main\" accept-charset=\"UTF-8\" class=\"form\" enctype=\"multipart\/form-data\" novalidate=\"novalidate\" data-type=\"add-to-cart-form\"><input type=\"hidden\" name=\"form_type\" value=\"product\"><input type=\"hidden\" name=\"utf8\" value=\"✓\"><input type=\"hidden\" name=\"id\" value=\"43329526694068\" class=\"product-variant-id\"><div class=\"product-form__buttons\"><button style='background-color:#00048A;color:#ffffff' id=\"ProductSubmitButton-template--17348634837172__main\" type=\"submit\" name=\"add\" class=\"product-form__submit button button--full-width button--secondary\" aria-haspopup=\"dialog\" fdprocessedid=\"1gt8q5\">\n            <span>Add to cart\n<\/span>\n\n<link href=\"\/\/reginaldmen.com\/cdn\/shop\/t\/113\/assets\/component-loading-spinner.css?v=116724955567955766481728017297\" rel=\"stylesheet\" type=\"text\/css\" media=\"all\">\n\n<div class=\"loading__spinner hidden\">\n  <svg aria-hidden=\"true\" focusable=\"false\" class=\"spinner\" viewBox=\"0 0 66 66\" xmlns=\"http:\/\/www.w3.org\/2000\/svg\">\n    <circle class=\"path\" fill=\"none\" stroke-width=\"6\" cx=\"33\" cy=\"33\" r=\"30\"><\/circle>\n  <\/svg>\n<\/div>\n<\/button><div data-shopify=\"payment-button\" class=\"shopify-payment-button\"> <shopify-accelerated-checkout recommended=\"null\" fallback=\"{&quot;name&quot;:&quot;buy_it_now&quot;,&quot;wallet_params&quot;:{}}\" access-token=\"78328903bc2e486e74eaf073da31f9a1\" buyer-country=\"IN\" buyer-locale=\"en\" buyer-currency=\"INR\" variant-params=\"[{&quot;id&quot;:43329526694068,&quot;requiresShipping&quot;:true}]\" shop-id=\"63761940660\" requires-shipping=\"\"><shopify-buy-it-now-button access-token=\"78328903bc2e486e74eaf073da31f9a1\" buyer-country=\"IN\" buyer-currency=\"INR\" wallet-params=\"{}\" page-type=\"product\" slot=\"button\" requires-shipping=\"\" call-to-action=\"\"><button type=\"button\" class=\"shopify-payment-button__button shopify-payment-button__button--unbranded\" swc-type=\"buy_now\" style=\"display: none;\">Buy it now<\/button><button type=\"button\" class=\"shopify-payment-button__button shopify-payment-button__button--unbranded swc-btn\" swc-type=\"buy_now\" style=\"pointer-events: auto;\">Buy it now<\/button><\/shopify-buy-it-now-button><\/shopify-accelerated-checkout> <small id=\"shopify-buyer-consent\" class=\"hidden\" aria-hidden=\"true\"> This item is a recurring or deferred purchase. By continuing, I agree to the <span id=\"shopify-subscription-policy-button\">cancellation policy<\/span> and authorize you to charge my payment method at the prices, frequency and dates listed on this page until my order is fulfilled or I cancel, if permitted. <\/small> <\/div>\n<\/div><input type=\"hidden\" name=\"product-id\" value=\"7696772333748\"><input type=\"hidden\" name=\"section-id\" value=\"template--17348634837172__main\"><input type=\"hidden\" name=\"quantity\" value=\"1\"><\/form>","color_scheme":"scheme-5","padding_top":8,"padding_bottom":8}},"custom_liquid_77g3pk":{"type":"custom-liquid","custom_css":["@media (max-width: 600px) {form {display: none; }}"],"settings":{"custom_liquid":"<form style='margin:-140px 10px 0px 790px;width:400px;background-color: #000000;'method=\"post\" action=\"\/cart\/add\" id=\"product-form-template--17348634837172__main\" accept-charset=\"UTF-8\" class=\"form\" enctype=\"multipart\/form-data\" novalidate=\"novalidate\" data-type=\"add-to-cart-form\"><input type=\"hidden\" name=\"form_type\" value=\"product\"><input type=\"hidden\" name=\"utf8\" value=\"✓\"><input type=\"hidden\" name=\"id\" value=\"43329526694068\" class=\"product-variant-id\"><div class=\"product-form__buttons\"><button style='background-color:#00048A;color:#ffffff' id=\"ProductSubmitButton-template--17348634837172__main\" type=\"submit\" name=\"add\" class=\"product-form__submit button button--full-width button--secondary\" aria-haspopup=\"dialog\" fdprocessedid=\"1gt8q5\">\n            <span>Add to cart\n<\/span>\n\n<link href=\"\/\/reginaldmen.com\/cdn\/shop\/t\/113\/assets\/component-loading-spinner.css?v=116724955567955766481728017297\" rel=\"stylesheet\" type=\"text\/css\" media=\"all\">\n\n<div class=\"loading__spinner hidden\">\n  <svg aria-hidden=\"true\" focusable=\"false\" class=\"spinner\" viewBox=\"0 0 66 66\" xmlns=\"http:\/\/www.w3.org\/2000\/svg\">\n    <circle class=\"path\" fill=\"none\" stroke-width=\"6\" cx=\"33\" cy=\"33\" r=\"30\"><\/circle>\n  <\/svg>\n<\/div>\n<\/button><div data-shopify=\"payment-button\" class=\"shopify-payment-button\"> <shopify-accelerated-checkout recommended=\"null\" fallback=\"{&quot;name&quot;:&quot;buy_it_now&quot;,&quot;wallet_params&quot;:{}}\" access-token=\"78328903bc2e486e74eaf073da31f9a1\" buyer-country=\"IN\" buyer-locale=\"en\" buyer-currency=\"INR\" variant-params=\"[{&quot;id&quot;:43329526694068,&quot;requiresShipping&quot;:true}]\" shop-id=\"63761940660\" requires-shipping=\"\"><shopify-buy-it-now-button access-token=\"78328903bc2e486e74eaf073da31f9a1\" buyer-country=\"IN\" buyer-currency=\"INR\" wallet-params=\"{}\" page-type=\"product\" slot=\"button\" requires-shipping=\"\" call-to-action=\"\"><button type=\"button\" class=\"shopify-payment-button__button shopify-payment-button__button--unbranded\" swc-type=\"buy_now\" style=\"display: none;\">Buy it now<\/button><button type=\"button\" class=\"shopify-payment-button__button shopify-payment-button__button--unbranded swc-btn\" swc-type=\"buy_now\" style=\"pointer-events: auto;\">Buy it now<\/button><\/shopify-buy-it-now-button><\/shopify-accelerated-checkout> <small id=\"shopify-buyer-consent\" class=\"hidden\" aria-hidden=\"true\"> This item is a recurring or deferred purchase. By continuing, I agree to the <span id=\"shopify-subscription-policy-button\">cancellation policy<\/span> and authorize you to charge my payment method at the prices, frequency and dates listed on this page until my order is fulfilled or I cancel, if permitted. <\/small> <\/div>\n<\/div><input type=\"hidden\" name=\"product-id\" value=\"7696772333748\"><input type=\"hidden\" name=\"section-id\" value=\"template--17348634837172__main\"><input type=\"hidden\" name=\"quantity\" value=\"1\"><\/form>","color_scheme":"scheme-5","padding_top":8,"padding_bottom":8}},"rich_text_LWitVR":{"type":"rich-text","blocks":{"heading_wrCJjm":{"type":"heading","settings":{"heading":"New Year Transformation Sale","heading_size":"h2"}},"text_wCzBFf":{"type":"text","settings":{"text":"<p>2 @ 999 & 4 @ 1299<\/p>"}}},"block_order":["heading_wrCJjm","text_wCzBFf"],"custom_css":[".rich-text__blocks {background: #000000;}",".rich-text__heading {text-align: center; color: #fff; font-size: 56.57px; font-style: normal; font-stretch: semi-condensed; font-weight: 700; line-height: 77%; \/* 34.605px *\/ letter-spacing: -1.798px;}",".rich-text__text {margin-top: 15px; color: #fff; text-align: center; font-family: \"Tiro Devanagari Hindi\"; font-size: 28.39px; font-style: normal; font-weight: 400; line-height: 77%; \/* 17.366px *\/ letter-spacing: -0.677px;}",".rich-text {background-color: #000000;}"],"settings":{"desktop_content_position":"center","content_alignment":"center","color_scheme":"scheme-5","full_width":true,"padding_top":52,"padding_bottom":56}},"featured_collection_URRqrH":{"type":"featured-collection","custom_css":["button {color: #ffffff; font-weight: bold; background-color: black; border: 1px solid #ffffff;}",".collection {background-color: #000000;}"],"settings":{"title":"","heading_size":"h1","description":"","show_description":false,"description_style":"body","collection":"cleanser-moisturizer","products_to_show":4,"columns_desktop":2,"full_width":false,"show_view_all":true,"view_all_style":"solid","enable_desktop_slider":false,"color_scheme":"scheme-5","image_ratio":"adapt","image_shape":"default","show_secondary_image":true,"show_vendor":false,"show_rating":true,"enable_quick_add":true,"columns_mobile":"2","swipe_on_mobile":false,"padding_top":12,"padding_bottom":12}},"slideshow_arPRpp":{"type":"slideshow","blocks":{"slide_8jziBj":{"type":"slide","settings":{"image":"shopify:\/\/shop_images\/Group_1000006592.png","heading":"","heading_size":"h1","subheading":"","button_label":"","link":"","button_style_secondary":false,"box_align":"middle-center","show_text_box":false,"text_alignment":"center","image_overlay_opacity":0,"color_scheme":"scheme-5","text_alignment_mobile":"center"}}},"block_order":["slide_8jziBj"],"settings":{"layout":"full_bleed","slide_height":"adapt_image","slider_visual":"counter","auto_rotate":false,"change_slides_speed":5,"image_behavior":"none","show_text_below":false,"accessibility_info":"Slideshow about our brand"}},"slideshow_7JXHPy":{"type":"slideshow","blocks":{"slide_3JPj4g":{"type":"slide","settings":{"image":"shopify:\/\/shop_images\/Frame_1000005672_1.png","heading":"","heading_size":"h1","subheading":"","button_label":"","link":"","button_style_secondary":false,"box_align":"middle-center","show_text_box":false,"text_alignment":"center","image_overlay_opacity":0,"color_scheme":"","text_alignment_mobile":"center"}}},"block_order":["slide_3JPj4g"],"settings":{"layout":"full_bleed","slide_height":"adapt_image","slider_visual":"counter","auto_rotate":false,"change_slides_speed":5,"image_behavior":"none","show_text_below":false,"accessibility_info":"Slideshow about our brand"}},"custom_liquid_JX9ijA":{"type":"custom-liquid","custom_css":["@media (max-width: 600px) {form {display: none; }}"],"settings":{"custom_liquid":"<form style='margin:-300px 10px 0px 880px;width:400px;background-color: #000000;'method=\"post\" action=\"\/cart\/add\" id=\"product-form-template--17348634837172__main\" accept-charset=\"UTF-8\" class=\"form\" enctype=\"multipart\/form-data\" novalidate=\"novalidate\" data-type=\"add-to-cart-form\"><input type=\"hidden\" name=\"form_type\" value=\"product\"><input type=\"hidden\" name=\"utf8\" value=\"✓\"><input type=\"hidden\" name=\"id\" value=\"43329526694068\" class=\"product-variant-id\"><div class=\"product-form__buttons\"><button style='background-color:#00048A;color:#ffffff' id=\"ProductSubmitButton-template--17348634837172__main\" type=\"submit\" name=\"add\" class=\"product-form__submit button button--full-width button--secondary\" aria-haspopup=\"dialog\" fdprocessedid=\"1gt8q5\">\n            <span>Add to cart\n<\/span>\n\n<link href=\"\/\/reginaldmen.com\/cdn\/shop\/t\/113\/assets\/component-loading-spinner.css?v=116724955567955766481728017297\" rel=\"stylesheet\" type=\"text\/css\" media=\"all\">\n\n<div class=\"loading__spinner hidden\">\n  <svg aria-hidden=\"true\" focusable=\"false\" class=\"spinner\" viewBox=\"0 0 66 66\" xmlns=\"http:\/\/www.w3.org\/2000\/svg\">\n    <circle class=\"path\" fill=\"none\" stroke-width=\"6\" cx=\"33\" cy=\"33\" r=\"30\"><\/circle>\n  <\/svg>\n<\/div>\n<\/button><div data-shopify=\"payment-button\" class=\"shopify-payment-button\"> <shopify-accelerated-checkout recommended=\"null\" fallback=\"{&quot;name&quot;:&quot;buy_it_now&quot;,&quot;wallet_params&quot;:{}}\" access-token=\"78328903bc2e486e74eaf073da31f9a1\" buyer-country=\"IN\" buyer-locale=\"en\" buyer-currency=\"INR\" variant-params=\"[{&quot;id&quot;:43329526694068,&quot;requiresShipping&quot;:true}]\" shop-id=\"63761940660\" requires-shipping=\"\"><shopify-buy-it-now-button access-token=\"78328903bc2e486e74eaf073da31f9a1\" buyer-country=\"IN\" buyer-currency=\"INR\" wallet-params=\"{}\" page-type=\"product\" slot=\"button\" requires-shipping=\"\" call-to-action=\"\"><button type=\"button\" class=\"shopify-payment-button__button shopify-payment-button__button--unbranded\" swc-type=\"buy_now\" style=\"display: none;\">Buy it now<\/button><button type=\"button\" class=\"shopify-payment-button__button shopify-payment-button__button--unbranded swc-btn\" swc-type=\"buy_now\" style=\"pointer-events: auto;\">Buy it now<\/button><\/shopify-buy-it-now-button><\/shopify-accelerated-checkout> <small id=\"shopify-buyer-consent\" class=\"hidden\" aria-hidden=\"true\"> This item is a recurring or deferred purchase. By continuing, I agree to the <span id=\"shopify-subscription-policy-button\">cancellation policy<\/span> and authorize you to charge my payment method at the prices, frequency and dates listed on this page until my order is fulfilled or I cancel, if permitted. <\/small> <\/div>\n<\/div><input type=\"hidden\" name=\"product-id\" value=\"7696772333748\"><input type=\"hidden\" name=\"section-id\" value=\"template--17348634837172__main\"><input type=\"hidden\" name=\"quantity\" value=\"1\"><\/form>","color_scheme":"scheme-5","padding_top":8,"padding_bottom":8}},"1711451785618d8af4":{"type":"apps","blocks":{"judge_me_reviews_review_widget_hhtMie":{"type":"shopify:\/\/apps\/judge-me-reviews\/blocks\/review_widget\/61ccd3b1-a9f2-4160-9fe9-4fec8413e5d8","settings":{}}},"block_order":["judge_me_reviews_review_widget_hhtMie"],"settings":{"include_margins":true}},"slideshow_CgK3Jz":{"type":"slideshow","blocks":{"slide_hQVcCe":{"type":"slide","settings":{"image":"shopify:\/\/shop_images\/Group_1000006541.png","heading":"","heading_size":"h1","subheading":"","button_label":"","link":"","button_style_secondary":false,"box_align":"middle-center","show_text_box":false,"text_alignment":"center","image_overlay_opacity":0,"color_scheme":"scheme-5","text_alignment_mobile":"center"}}},"block_order":["slide_hQVcCe"],"settings":{"layout":"full_bleed","slide_height":"adapt_image","slider_visual":"counter","auto_rotate":false,"change_slides_speed":5,"image_behavior":"none","show_text_below":false,"accessibility_info":"Slideshow about our brand"}},"slideshow_HcGbkF":{"type":"slideshow","blocks":{"slide_7dFWr7":{"type":"slide","settings":{"image":"shopify:\/\/shop_images\/Frame_1000005472_2.png","heading":"","heading_size":"h1","subheading":"","button_label":"","link":"","button_style_secondary":false,"box_align":"middle-center","show_text_box":false,"text_alignment":"center","image_overlay_opacity":0,"color_scheme":"scheme-5","text_alignment_mobile":"center"}}},"block_order":["slide_7dFWr7"],"settings":{"layout":"full_bleed","slide_height":"adapt_image","slider_visual":"counter","auto_rotate":false,"change_slides_speed":5,"image_behavior":"none","show_text_below":false,"accessibility_info":"Slideshow about our brand"}},"related-products":{"type":"related-products","disabled":true,"settings":{"heading":"You may also like","heading_size":"h2","products_to_show":4,"columns_desktop":4,"color_scheme":"scheme-1","image_ratio":"square","image_shape":"default","show_secondary_image":true,"show_vendor":false,"show_rating":false,"columns_mobile":"2","padding_top":36,"padding_bottom":28}}},"order":["multicolumn_gg6pbw","slideshow_Hz3tWt","main","custom_liquid_3xENjf","rich_text_tWddpc","multicolumn_QrLqkd","custom_liquid_GcBfi9","slideshow_39WjN4","collapsible_content_TMmbYb","custom_liquid_myq6Yj","custom_liquid_77g3pk","rich_text_LWitVR","featured_collection_URRqrH","slideshow_arPRpp","slideshow_7JXHPy","custom_liquid_JX9ijA","1711451785618d8af4","slideshow_CgK3Jz","slideshow_HcGbkF","related-products"]}