{"sections":{"custom_liquid_yg7mpW":{"type":"custom-liquid","settings":{"custom_liquid":"<div class=\"p_head\" style=\"padding: 0px 1rem\">\n      <h3 style=\"margin: 10px 0; padding: 0 8px\">\n        Super light, moisturizer with 24 hr moisturization\n      <\/h3>\n      <div\n        style=\"\n          display: flex;\n          flex-wrap: wrap;\n          gap: 4px;\n          font-size: 11px;\n          margin: 0 auto;\n          padding: 0 6px;\n        \">\n        <span\n          style=\"\n            display: flex;\n            align-items: center;\n            gap: 0.4rem;\n            background-color: white;\n            color: #010118;\n            font-weight: 600;\n            padding: 5px 10px;\n            border-radius: 25px;\n          \"\n          ><svg\n            xmlns=\"http:\/\/www.w3.org\/2000\/svg\"\n            fill=\"#000000\"\n            width=\"20px\"\n            height=\"20px\"\n            viewBox=\"0 0 24 24\">\n            <path\n              d=\"M12,2A10,10,0,1,0,22,12,10,10,0,0,0,12,2Zm5.676,8.237-6,5.5a1,1,0,0,1-1.383-.03l-3-3a1,1,0,1,1,1.414-1.414l2.323,2.323,5.294-4.853a1,1,0,1,1,1.352,1.474Z\" \/>\n          <\/svg>\n          Absorbs in minutes<\/span\n        ><span\n          style=\"\n            display: flex;\n            align-items: center;\n            gap: 0.4rem;\n            background-color: white;\n            color: #010118;\n            font-weight: 600;\n            padding: 5px 10px;\n            border-radius: 25px;\n          \"\n          ><svg\n            xmlns=\"http:\/\/www.w3.org\/2000\/svg\"\n            fill=\"#000000\"\n            width=\"20px\"\n            height=\"20px\"\n            viewBox=\"0 0 24 24\">\n            <path\n              d=\"M12,2A10,10,0,1,0,22,12,10,10,0,0,0,12,2Zm5.676,8.237-6,5.5a1,1,0,0,1-1.383-.03l-3-3a1,1,0,1,1,1.414-1.414l2.323,2.323,5.294-4.853a1,1,0,1,1,1.352,1.474Z\" \/>\n          <\/svg>\n          Barrier Repair & Nourishment\n        <\/span>\n        <span\n          style=\"\n            display: flex;\n            align-items: center;\n            gap: 0.4rem;\n            background-color: white;\n            color: #010118;\n            font-weight: 600;\n            padding: 5px 10px;\n            border-radius: 25px;\n          \"\n          ><svg\n            xmlns=\"http:\/\/www.w3.org\/2000\/svg\"\n            fill=\"#000000\"\n            width=\"20px\"\n            height=\"20px\"\n            viewBox=\"0 0 24 24\">\n            <path\n              d=\"M12,2A10,10,0,1,0,22,12,10,10,0,0,0,12,2Zm5.676,8.237-6,5.5a1,1,0,0,1-1.383-.03l-3-3a1,1,0,1,1,1.414-1.414l2.323,2.323,5.294-4.853a1,1,0,1,1,1.352,1.474Z\" \/>\n          <\/svg>\n          Multi Functional Product\n        <\/span>\n        <span\n          style=\"\n            display: flex;\n            align-items: center;\n            gap: 0.4rem;\n            background-color: white;\n            color: #010118;\n            font-weight: 600;\n            padding: 5px 10px;\n            border-radius: 25px;\n          \"\n          ><svg\n            xmlns=\"http:\/\/www.w3.org\/2000\/svg\"\n            fill=\"#000000\"\n            width=\"20px\"\n            height=\"20px\"\n            viewBox=\"0 0 24 24\">\n            <path\n              d=\"M12,2A10,10,0,1,0,22,12,10,10,0,0,0,12,2Zm5.676,8.237-6,5.5a1,1,0,0,1-1.383-.03l-3-3a1,1,0,1,1,1.414-1.414l2.323,2.323,5.294-4.853a1,1,0,1,1,1.352,1.474Z\" \/>\n          <\/svg>\n          Clinically Proven<\/span\n        >\n      <\/div>\n    <\/div>","color_scheme":"scheme-3","padding_top":20,"padding_bottom":0}},"main":{"type":"main-product","blocks":{"vendor":{"type":"text","disabled":true,"settings":{"text":"{{ product.vendor }}","text_style":"uppercase"}},"title":{"type":"title","settings":{}},"description_NqV7pW":{"type":"description","disabled":true,"settings":{}},"rating_p74dnU":{"type":"rating","disabled":true,"settings":{}},"judge_me_reviews_preview_badge_Harbqf":{"type":"shopify:\/\/apps\/judge-me-reviews\/blocks\/preview_badge\/61ccd3b1-a9f2-4160-9fe9-4fec8413e5d8","disabled":true,"settings":{}},"custom_liquid_UdCL4K":{"type":"custom_liquid","settings":{"custom_liquid":"<div id=\"shopify-block-judge_me_reviews_preview_badge_Harbqf\" class=\"shopify-block shopify-app-block\"><div class=\"jdgm-widget jdgm-preview-badge jdgm-preview-badge--with-link jdgm--done-setup\" data-id=\"7517413540020\" data-template=\"manual-installation\">\n  <div style=\"display:none\" class=\"jdgm-prev-badge\" data-average-rating=\"4.17\" data-number-of-reviews=\"77\" data-number-of-questions=\"0\"> <span class=\"jdgm-prev-badge__stars\" data-score=\"4.17\" tabindex=\"0\" aria-label=\"4.17 stars\" role=\"button\"> <span class=\"jdgm-star jdgm--on\"><\/span><span class=\"jdgm-star jdgm--on\"><\/span><span class=\"jdgm-star jdgm--on\"><\/span><span class=\"jdgm-star jdgm--on\"><\/span><span class=\"jdgm-star jdgm--off\"><\/span> <\/span> <span class=\"jdgm-prev-badge__text\">[4.17] - 77 reviews<\/span> <\/div>\n<\/div>\n\n\n\n\n<\/div>"}},"custom_liquid_y9NB4E":{"type":"custom_liquid","settings":{"custom_liquid":"<p style=\"margin:0;padding-bottom:15px;text-transform:capitalize;font-family:Noto Sans R\"><span style=\"color:white;font-family:Noto Sans SB\">202+<\/span> units sold<\/p>"}},"price":{"type":"price","settings":{}},"variant_picker":{"type":"variant_picker","settings":{"picker_type":"button","swatch_shape":"circle"}},"custom_liquid_Tf948V":{"type":"custom_liquid","disabled":true,"settings":{"custom_liquid":"<div style=\"font-size:2.4rem\"><h2>Payday Offers<\/h2><\/div>\n<div  style=\"margin-top:20px;font-size:1.3rem;font-family:Noto Sans R; padding:20px;line-height:22px;padding:5px;background-color: rgb(255, 255, 255);color:#202067;border-radius:10px;\">\n<p style=\"margin:10px 20px\"><svg fill=\"#000000\" height=\"12px\" width=\"12px\" version=\"1.1\" xmlns=\"http:\/\/www.w3.org\/2000\/svg\" viewBox=\"0 0 512 512\" xmlns:xlink=\"http:\/\/www.w3.org\/1999\/xlink\" enable-background=\"new 0 0 512 512\"><g id=\"SVGRepo_bgCarrier\" stroke-width=\"0\"><\/g><g id=\"SVGRepo_tracerCarrier\" stroke-linecap=\"round\" stroke-linejoin=\"round\"><\/g><g id=\"SVGRepo_iconCarrier\"> <g> <path d=\"m368.4,90.3c-30.3,0-54.9,24.6-54.9,54.9s24.6,54.9 54.9,54.9c30.3,0 54.9-24.6 54.9-54.9s-24.6-54.9-54.9-54.9zm0,69.1c-7.8,0-14.2-6.3-14.2-14.2s6.3-14.2 14.2-14.2c7.8,0 14.2,6.3 14.2,14.2s-6.4,14.2-14.2,14.2z\"><\/path> <path d=\"m54.4,312.2l142.4,144.5 262.8-259-22.9-119.7-119.4-24.8-262.9,259h2.13163e-14zm142.4,188c-9.2,0-17.9-3.6-24.4-10.2l-151.6-153.9c-13.2-13.4-13.1-35.1 0.4-48.4l270-266c8.1-8 19.9-11.5 31-9.1l127,26.4c13.6,2.8 24,13.5 26.7,27.1l24.5,127.4c2.2,11.3-1.4,22.8-9.6,30.9l-270,266c-6.4,6.3-15,9.8-24,9.8z\"><\/path> <\/g> <\/g><\/svg> Get Moisturizer, Sunscreen for <strong>₹1099.<\/strong>   (Use Code:<strong class=\"copyCode\" style=\"cursor: pointer;\"> <svg xmlns=\"http:\/\/www.w3.org\/2000\/svg\" width=\"12px\" height=\"12px\" viewBox=\"0 0 20 20\" fill=\"none\">\n  <path fill=\"#000000\" fill-rule=\"evenodd\" d=\"M4 2a2 2 0 00-2 2v9a2 2 0 002 2h2v2a2 2 0 002 2h9a2 2 0 002-2V8a2 2 0 00-2-2h-2V4a2 2 0 00-2-2H4zm9 4V4H4v9h2V8a2 2 0 012-2h5zM8 8h9v9H8V8z\"\/>\n<\/svg>PDSHINE<\/strong>) and <strong style=\"color:green\">save ₹500<\/strong><br> \n<\/p>\n\n<p style=\"margin:10px 20px\"><svg fill=\"#000000\" height=\"12px\" width=\"12px\" version=\"1.1\" xmlns=\"http:\/\/www.w3.org\/2000\/svg\" viewBox=\"0 0 512 512\" xmlns:xlink=\"http:\/\/www.w3.org\/1999\/xlink\" enable-background=\"new 0 0 512 512\"><g id=\"SVGRepo_bgCarrier\" stroke-width=\"0\"><\/g><g id=\"SVGRepo_tracerCarrier\" stroke-linecap=\"round\" stroke-linejoin=\"round\"><\/g><g id=\"SVGRepo_iconCarrier\"> <g> <path d=\"m368.4,90.3c-30.3,0-54.9,24.6-54.9,54.9s24.6,54.9 54.9,54.9c30.3,0 54.9-24.6 54.9-54.9s-24.6-54.9-54.9-54.9zm0,69.1c-7.8,0-14.2-6.3-14.2-14.2s6.3-14.2 14.2-14.2c7.8,0 14.2,6.3 14.2,14.2s-6.4,14.2-14.2,14.2z\"><\/path> <path d=\"m54.4,312.2l142.4,144.5 262.8-259-22.9-119.7-119.4-24.8-262.9,259h2.13163e-14zm142.4,188c-9.2,0-17.9-3.6-24.4-10.2l-151.6-153.9c-13.2-13.4-13.1-35.1 0.4-48.4l270-266c8.1-8 19.9-11.5 31-9.1l127,26.4c13.6,2.8 24,13.5 26.7,27.1l24.5,127.4c2.2,11.3-1.4,22.8-9.6,30.9l-270,266c-6.4,6.3-15,9.8-24,9.8z\"><\/path> <\/g> <\/g><\/svg> Buy Serum, Sunscreen & Moisturizer for <strong>₹1999.<\/strong>  \n(Use Code:<strong class=\"copyCode\" style=\"cursor: pointer;\"> <svg xmlns=\"http:\/\/www.w3.org\/2000\/svg\" width=\"12px\" height=\"12px\" viewBox=\"0 0 20 20\" fill=\"none\">\n  <path fill=\"#000000\" fill-rule=\"evenodd\" d=\"M4 2a2 2 0 00-2 2v9a2 2 0 002 2h2v2a2 2 0 002 2h9a2 2 0 002-2V8a2 2 0 00-2-2h-2V4a2 2 0 00-2-2H4zm9 4V4H4v9h2V8a2 2 0 012-2h5zM8 8h9v9H8V8z\"\/><\/svg>PDSALE3<\/strong>) and <strong style=\"color:green\">save ₹900<\/strong>\n<\/p>\n\n<p id=\"copyMessage\" style=\"display: none;padding:5px 20px;font-family:Noto Sans B;color:green;margin:0\">Text copied to clipboard!<\/p>\n<\/div>"}},"custom_liquid_Ntie6A":{"type":"custom_liquid","disabled":true,"settings":{"custom_liquid":"<p style=\"font-size:1.2rem;font-family:Noto Sans R;line-height:22px;padding-top:10px\">You asked for it so we did it - <\/br><span style=\"color:white;font-size:1.8rem;text-transform:capitalize;font-family:Noto Sans SB\">now available with fragrance :<\/span><\/p>"}},"quantity_selector":{"type":"quantity_selector","settings":{}},"buy_buttons":{"type":"buy_buttons","settings":{"show_dynamic_checkout":true,"show_gift_card_recipient":true}},"judge_me_reviews_preview_badge_TM9Qpd":{"type":"shopify:\/\/apps\/judge-me-reviews\/blocks\/preview_badge\/61ccd3b1-a9f2-4160-9fe9-4fec8413e5d8","disabled":true,"settings":{}}},"block_order":["vendor","title","description_NqV7pW","rating_p74dnU","judge_me_reviews_preview_badge_Harbqf","custom_liquid_UdCL4K","custom_liquid_y9NB4E","price","variant_picker","custom_liquid_Tf948V","custom_liquid_Ntie6A","quantity_selector","buy_buttons","judge_me_reviews_preview_badge_TM9Qpd"],"custom_css":[],"settings":{"enable_sticky_info":true,"color_scheme":"scheme-3","media_size":"medium","constrain_to_viewport":true,"media_fit":"contain","gallery_layout":"thumbnail_slider","media_position":"left","image_zoom":"none","mobile_thumbnails":"hide","hide_variants":true,"enable_video_looping":false,"padding_top":20,"padding_bottom":0}},"ss_feature_1_AxpJjH":{"type":"ss-feature-1","blocks":{"image_BWK8kw":{"type":"image","settings":{"feature_title":"4k+ Happy Customers","feature_text":"","feature_image":"shopify:\/\/shop_images\/review.png","feature_url":"","hide_image":false}},"image_igFCjt":{"type":"image","settings":{"feature_title":"Secure Payment Options","feature_text":"","feature_image":"shopify:\/\/shop_images\/credit-card.png","feature_url":"","hide_image":false}},"image_9iNXxY":{"type":"image","settings":{"feature_title":"On Time Delivery","feature_text":"","feature_image":"shopify:\/\/shop_images\/delivery-truck.png","feature_url":"","hide_image":false}}},"block_order":["image_BWK8kw","image_igFCjt","image_9iNXxY"],"settings":{"feature_row":3,"feature_row_mobile":3,"feature_gap":24,"feature_gap_mobile":20,"feature_padding_vertical":0,"feature_padding_horizontal":0,"feature_radius":0,"feature_border_thickness":0,"feature_shadow":false,"feature_heading_custom":true,"feature_heading_font":"josefin_sans_n4","feature_heading_size":16,"feature_heading_size_mobile":12,"feature_heading_height":100,"feature_heading_mt":4,"feature_text_custom":true,"feature_text_font":"josefin_sans_n4","feature_text_size":10,"feature_text_size_mobile":10,"feature_text_height":80,"feature_text_mt":0,"feature_icon_size":40,"feature_icon_size_mobile":40,"feature_bg":"#121239","feature_border_color":"#000000","feature_shadow_color":"#000000","feature_heading_color":"#ffffff","feature_text_color":"#ffffff","feature_icon_color":"#000000","background_color":"#121239","background_gradient":"","border_color":"#ffffff","margin_top":0,"margin_bottom":0,"padding_top":40,"padding_bottom":40,"padding_horizontal":24,"padding_horizontal_mobile":2,"full_width":true,"content_width":0,"border_thickness":0,"lazy":true}},"ss_scrolling_announcement_bar_JyjAE4":{"type":"ss-scrolling-announcement-bar","blocks":{"text_nLBXWT":{"type":"text","settings":{"text":"Hypoallergenic"}},"text_3NqLrY":{"type":"text","settings":{"text":"Dermatologically Tested"}},"text_RLLna3":{"type":"text","settings":{"text":"Fragrance Free"}},"text_aNY9UG":{"type":"text","settings":{"text":"Essential Oil Free"}},"text_AFwzxg":{"type":"text","settings":{"text":"Clinically Proven"}},"text_h7T9xc":{"type":"text","settings":{"text":"Non Comedogenic"}}},"block_order":["text_nLBXWT","text_3NqLrY","text_RLLna3","text_aNY9UG","text_AFwzxg","text_h7T9xc"],"custom_css":[".ss-announcement-bar__message li {font-family: \"Noto Sans B\";}"],"settings":{"insert_css_class_target":"","text_size":14,"ss_font_family":"montserrat_n4","link":"","animation_duration":70,"animation_direction":"right","pause_hover":true,"bg":"#ffffff","text_color":"#040c44","hover_opacity":90,"padding_horizontal":0,"padding_vertical":2}},"multicolumn_3Ett7N":{"type":"multicolumn","blocks":{"column_MH4HxN":{"type":"column","settings":{"image":"shopify:\/\/shop_images\/Group_1000006081_1.png","title":"","text":"","link_label":"","link":""}}},"block_order":["column_MH4HxN"],"disabled":true,"custom_css":[],"settings":{"title":"","heading_size":"h1","image_width":"full","image_ratio":"adapt","columns_desktop":3,"column_alignment":"left","background_style":"none","button_label":"","button_link":"","color_scheme":"scheme-3","columns_mobile":"1","swipe_on_mobile":false,"padding_top":36,"padding_bottom":36}},"rich_text_tWddpc":{"type":"rich-text","blocks":{"heading_8DDkiK":{"type":"heading","settings":{"heading":"Check the","heading_size":"h1"}},"text_gPWKwx":{"type":"text","settings":{"text":"<p>Results<\/p>"}}},"block_order":["heading_8DDkiK","text_gPWKwx"],"custom_css":[".rich-text__blocks {background: #121239;}",".rich-text__heading {text-align: center; color: #fff; font-size: 43.942px; font-style: normal; font-stretch: semi-condensed; font-weight: 700; line-height: 77%; \/* 34.605px *\/ letter-spacing: -1.798px;}",".rich-text__text {margin-top: 6px; color: #fff; text-align: center; font-family: \"Tiro Devanagari Hindi\"; font-size: 22.554px; font-style: normal; font-weight: 400; line-height: 77%; \/* 17.366px *\/ letter-spacing: -0.677px;}"],"settings":{"desktop_content_position":"center","content_alignment":"center","color_scheme":"scheme-3","full_width":true,"padding_top":20,"padding_bottom":20}},"multicolumn_QrLqkd":{"type":"multicolumn","blocks":{"column_XAndMR":{"type":"column","settings":{"image":"shopify:\/\/shop_images\/Frame_1000004774_3.png","title":"","text":"","link_label":"","link":""}}},"block_order":["column_XAndMR"],"settings":{"title":"","heading_size":"h1","image_width":"full","image_ratio":"adapt","columns_desktop":3,"column_alignment":"center","background_style":"none","button_label":"","button_link":"","color_scheme":"scheme-3","columns_mobile":"1","swipe_on_mobile":false,"padding_top":0,"padding_bottom":20}},"collapsible_content_TMmbYb":{"type":"collapsible-content","blocks":{"collapsible_row_yEAbh4":{"type":"collapsible_row","settings":{"heading":"Active Ingredient List","icon":"none","row_content":"<p><strong>Hyaluronic Acid:<\/strong> Sourced from Derry, Proven to hydrate and plump the skin, reduces the appearance of fine lines and wrinkles by 98% & supports the skin's natural barrier function, keeping it healthy<\/p><p><br\/><strong>Squalene: <\/strong>Sourced from Japan, a natural lipid found in the skin that helps to maintain moisture balance for 24 hrs & nourishes and moisturizes the skin, leaving it soft and supple. Has antioxidant properties, that protects the skin from free radical damage and premature aging.<\/p><p><br\/><strong>Alpha-Glucan Oligosaccharide: <\/strong>Sourced from Paris, a prebiotic that supports the skin's natural microbiome, promotes the growth of beneficial bacteria on the skin from day 2, strengthens the skin's defense against harmful microorganisms and helps maintain a healthy skin barrier & making it suitable for sensitive or irritated skin.<\/p><p><br\/><strong>Urea: <\/strong> Sourced from  Darmstadt, a natural moisturizing factor (NMF) that helps to attract and retain water in the skin, has excellent hydrating properties, making it effective for dry or dehydrated skin conditions. Exfoliate dead skin cells, improving skin texture and allowing other ingredients to penetrate more effectively by 99%<\/p>","page":""}},"collapsible_row_XaxkKn":{"type":"collapsible_row","settings":{"heading":"How to Use?","icon":"none","row_content":"<p>1. Use our moisturizer both in the AM and PM.<\/p><p>2. Take 1 finger worth product and gently rub it on your face and neck.<\/p><p>3. Let it sit for 40 to 50 secs until fully absorbed.<\/p><p>4. Make sure to follow it up with our sunscreen in the AM for the best results.<\/p>","page":""}},"collapsible_row_mkKR7k":{"type":"collapsible_row","settings":{"heading":"Full Ingredient List Decoded","icon":"none","row_content":"<p><strong>Aqua:<\/strong> Provides hydration and serves as a solvent for other ingredients, keeping the skin moisturized and supple.<\/p><p><strong>Urea:<\/strong> Acts as a humectant, attracting moisture to the skin and helping to retain it, resulting in improved hydration and a smoother complexion.<\/p><p><strong>Glycerin:<\/strong> Another humectant that draws moisture from the environment into the skin, keeping it soft, hydrated, and less prone to dryness or irritation.<\/p><p><strong>Squalene: <\/strong>Helps to maintain skin's moisture barrier, preventing water loss and enhancing the skin's overall hydration and suppleness.<\/p><p><strong>1,2-Hexanediol: <\/strong>Functions as a solvent and conditioning agent, contributing to the product's texture and aiding in the delivery of other beneficial ingredients to the skin.<\/p><p><strong>Sodium Hyaluronate:<\/strong> A form of hyaluronic acid that deeply hydrates the skin, plumping up fine lines and wrinkles for a smoother and more youthful appearance.<\/p><p><strong>Glyceryl Glucoside: <\/strong>Enhances the skin's natural moisture reserves, promoting long-lasting hydration and a healthy-looking complexion.<\/p><p><strong>Sodium acrylates Copolymer:<\/strong> Helps to improve the texture and spreadability of the product, ensuring even application and absorption on the skin.<\/p><p><strong>Lecithin:<\/strong> Acts as an emollient, softening and smoothing the skin's texture while also supporting the delivery of other beneficial ingredients.<\/p><p><strong>Alpha-Glucan Oligosaccharide:<\/strong> Supports the skin's natural protective barrier, enhancing its resilience against environmental stressors and maintaining optimal hydration levels.<\/p><p><strong>Sodium Levulinate:<\/strong> Acts as a preservative while also providing mild antimicrobial properties, helping to keep the product fresh and safe for use.<\/p><p><strong>Potassium Sorbate:<\/strong> Another preservative that helps to prevent microbial growth, ensuring the product's stability and safety over time.<\/p><p><strong>Polyacrylate Crosspolymer-6: <\/strong>A film-forming agent that creates a protective barrier on the skin, locking in moisture and enhancing the overall efficacy of the moisturizer.<\/p><p><strong>Sodium Gluconate:<\/strong> Helps to stabilize the formulation and maintain the pH balance of the product, ensuring its effectiveness and compatibility with the skin.<\/p>","page":""}},"collapsible_row_HyzPRH":{"type":"collapsible_row","settings":{"heading":"Sensory Profile","icon":"none","row_content":"<h3><strong>What does it smell like? <\/strong><\/h3><h3>It has no smell<\/h3><h3><strong>What does it feel like?<\/strong><\/h3><h3> Gel Cream<\/h3>","page":""}}},"block_order":["collapsible_row_yEAbh4","collapsible_row_XaxkKn","collapsible_row_mkKR7k","collapsible_row_HyzPRH"],"custom_css":["\/* .collapsible-content {margin-top: -32px;}"," *\/.accordion {background-color: #fff; padding: 4px; border-radius: 8px; margin: 6px 0px 6px;}",".inline-richtext {color: #121239; font-size: 16.589px; font-style: normal; font-weight: 600; line-height: 130%; \/* 21.565px *\/ letter-spacing: -0.664px; padding-left: 12px;}",".icon {color: #121239;}","p,h2,h3,h4,h5 {color: #121239; text-decoration: none;}"],"settings":{"caption":"","heading":"","heading_size":"h1","heading_alignment":"center","layout":"none","color_scheme":"scheme-3","container_color_scheme":"scheme-3","open_first_collapsible_row":false,"image_ratio":"adapt","desktop_layout":"image_second","padding_top":20,"padding_bottom":32}},"multicolumn_7khwDt":{"type":"multicolumn","blocks":{"column_PzBq9f":{"type":"column","settings":{"image":"shopify:\/\/shop_images\/Frame_1000004645-mois.png","title":"","text":"","link_label":"","link":""}},"column_PnDyWX":{"type":"column","settings":{"image":"shopify:\/\/shop_images\/Frame_1000004676-mois.png","title":"","text":"","link_label":"","link":""}}},"block_order":["column_PzBq9f","column_PnDyWX"],"disabled":true,"custom_css":[".multicolumn {margin-top: px; z-index: ;}",".multicolumn-card__info {margin-top: -44px;}","h3 {text-align: center; color: #fff; font-size: 43.942px; font-style: normal; font-stretch: semi-condensed; font-weight: 700; line-height: 77%; \/* 34.605px *\/ letter-spacing: -1.798px;}","p {margin-top: 6px; color: #fff; text-align: center; font-family: \"Tiro Devanagari Hindi\"; font-size: 22.554px; font-style: normal; font-weight: 400; line-height: 77%; \/* 17.366px *\/ letter-spacing: -0.677px;}",".slider-buttons {display: none;}"],"settings":{"title":"","heading_size":"h1","image_width":"full","image_ratio":"adapt","columns_desktop":2,"column_alignment":"center","background_style":"none","button_label":"","button_link":"","color_scheme":"scheme-3","columns_mobile":"1","swipe_on_mobile":true,"padding_top":52,"padding_bottom":36}},"rich_text_LWitVR":{"type":"rich-text","blocks":{"text_wCzBFf":{"type":"text","settings":{"text":"<p>Best<\/p>"}},"heading_wrCJjm":{"type":"heading","settings":{"heading":"Paired With","heading_size":"h1"}}},"block_order":["text_wCzBFf","heading_wrCJjm"],"disabled":true,"custom_css":[".rich-text__blocks {background: #121239;}",".rich-text__heading {text-align: center; color: #fff; font-size: 43.942px; font-style: normal; font-stretch: semi-condensed; font-weight: 700; line-height: 77%; \/* 34.605px *\/ letter-spacing: -1.798px;}",".rich-text__text {margin-bottom: -16px; color: #fff; text-align: center; font-family: \"Tiro Devanagari Hindi\"; font-size: 22.554px; font-style: normal; font-weight: 400; line-height: 77%; \/* 17.366px *\/ letter-spacing: -0.677px;}"],"settings":{"desktop_content_position":"center","content_alignment":"center","color_scheme":"scheme-3","full_width":true,"padding_top":72,"padding_bottom":32}},"related-products":{"type":"related-products","disabled":true,"settings":{"heading":"You may also like","heading_size":"h2","products_to_show":4,"columns_desktop":4,"color_scheme":"scheme-1","image_ratio":"square","image_shape":"default","show_secondary_image":true,"show_vendor":false,"show_rating":false,"columns_mobile":"2","padding_top":36,"padding_bottom":28}},"featured_product_La3Vhb":{"type":"featured-product","blocks":{"text_GaqFxA":{"type":"text","disabled":true,"settings":{"text":"{{ section.settings.product.vendor }}","text_style":"uppercase"}},"title_WTmKcM":{"type":"title","settings":{"heading_size":"h1"}},"price_eYRU4f":{"type":"price","settings":{}},"variant_picker_BFdBKE":{"type":"variant_picker","disabled":true,"settings":{"picker_type":"button","swatch_shape":"circle"}},"quantity_selector_EjXByq":{"type":"quantity_selector","disabled":true,"settings":{}},"buy_buttons_jEYXAE":{"type":"buy_buttons","settings":{"show_dynamic_checkout":true,"show_gift_card_recipient":true}}},"block_order":["text_GaqFxA","title_WTmKcM","price_eYRU4f","variant_picker_BFdBKE","quantity_selector_EjXByq","buy_buttons_jEYXAE"],"disabled":true,"custom_css":["div {text-align: center; justify-content: center; align-content: center;}",".shopify-payment-button__button,.product__tax,.product__view-details {display: none;}",".button {background-color: #fff; color: #121239; font-family: Hind; font-weight: 600; letter-spacing: -0.4px; height: 64px; margin-inline: auto;}","h2 {margin-top: 0px; font-family: \"Noto Sans\"; font-size: 32.79px; letter-spacing: -1.232px;}",".media-fit-contain {border-radius: 22px; transform: scale(0.9);}",".product__media {border-radius: 22px;}"],"settings":{"product":"serum","color_scheme":"scheme-3","secondary_background":false,"media_size":"medium","constrain_to_viewport":true,"media_fit":"contain","media_position":"left","image_zoom":"none","hide_variants":false,"enable_video_looping":false,"padding_top":0,"padding_bottom":52}},"custom_liquid_zAhpnk":{"type":"custom-liquid","settings":{"custom_liquid":"<section id=\"shopify-section-template--16876388384948__1711451785618d8af4\" class=\"shopify-section section\"><div class=\"page-width scroll-trigger animate--slide-in\"><div id=\"shopify-block-judge_me_reviews_review_widget_hhtMie\" class=\"shopify-block shopify-app-block\"><div style=\"clear:both\"><\/div>\n<div id=\"judgeme_product_reviews\" class=\"jdgm-widget jdgm-review-widget jdgm--done-setup-widget\" data-product-title=\"Kratos - Strengthening Moisturizer\" data-id=\"7517413540020\" data-widget-name=\"review_widget\" data-impressions-tracked=\"true\" data-views-tracked=\"true\">\n  <div class=\"jdgm-rev-widg\" data-updated-at=\"2024-06-29T07:05:25Z\" data-average-rating=\"4.17\" data-number-of-reviews=\"77\" data-number-of-questions=\"0\"> <style class=\"jdgm-temp-hiding-style\">.jdgm-rev-widg{ display: none }<\/style> <div class=\"jdgm-rev-widg__header\"> <h2 class=\"jdgm-rev-widg__title\">Customer Reviews<\/h2>      <div class=\"jdgm-row-stars\"><div class=\"jdgm-rev-widg__summary\"><div class=\"jdgm-rev-widg__summary-inner\"> <div class=\"jdgm-rev-widg__summary-stars\" aria-label=\"Average rating is 4.17 stars\" role=\"img\"> <span class=\"jdgm-star jdgm--on\"><\/span><span class=\"jdgm-star jdgm--on\"><\/span><span class=\"jdgm-star jdgm--on\"><\/span><span class=\"jdgm-star jdgm--on\"><\/span><span class=\"jdgm-star jdgm--off\"><\/span> <span class=\"jdgm-rev-widg__summary-average\">4.17 out of 5<\/span><\/div> <div class=\"jdgm-rev-widg__summary-text\">Based on 77 reviews<\/div> <\/div><\/div><div class=\"jdgm-histogram jdgm-temp-hidden\">  <div class=\"jdgm-histogram__row\" data-rating=\"5\" data-frequency=\"28\" data-percentage=\"36\">  <div class=\"jdgm-histogram__star\" role=\"button\" aria-label=\"36% (28) reviews with 5 star rating\" tabindex=\"0\"><span class=\"jdgm-star jdgm--on\"><\/span><span class=\"jdgm-star jdgm--on\"><\/span><span class=\"jdgm-star jdgm--on\"><\/span><span class=\"jdgm-star jdgm--on\"><\/span><span class=\"jdgm-star jdgm--on\"><\/span><\/div> <div class=\"jdgm-histogram__bar\"> <div class=\"jdgm-histogram__bar-content\" style=\"width: 36%;\"> <\/div> <\/div>  <div class=\"jdgm-histogram__frequency\">28<\/div> <\/div>  <div class=\"jdgm-histogram__row\" data-rating=\"4\" data-frequency=\"40\" data-percentage=\"52\">  <div class=\"jdgm-histogram__star\" role=\"button\" aria-label=\"52% (40) reviews with 4 star rating\" tabindex=\"0\"><span class=\"jdgm-star jdgm--on\"><\/span><span class=\"jdgm-star jdgm--on\"><\/span><span class=\"jdgm-star jdgm--on\"><\/span><span class=\"jdgm-star jdgm--on\"><\/span><span class=\"jdgm-star jdgm--off\"><\/span><\/div> <div class=\"jdgm-histogram__bar\"> <div class=\"jdgm-histogram__bar-content\" style=\"width: 52%;\"> <\/div> <\/div>  <div class=\"jdgm-histogram__frequency\">40<\/div> <\/div>  <div class=\"jdgm-histogram__row\" data-rating=\"3\" data-frequency=\"4\" data-percentage=\"5\">  <div class=\"jdgm-histogram__star\" role=\"button\" aria-label=\"5% (4) reviews with 3 star rating\" tabindex=\"0\"><span class=\"jdgm-star jdgm--on\"><\/span><span class=\"jdgm-star jdgm--on\"><\/span><span class=\"jdgm-star jdgm--on\"><\/span><span class=\"jdgm-star jdgm--off\"><\/span><span class=\"jdgm-star jdgm--off\"><\/span><\/div> <div class=\"jdgm-histogram__bar\"> <div class=\"jdgm-histogram__bar-content\" style=\"width: 5%;\"> <\/div> <\/div>  <div class=\"jdgm-histogram__frequency\">4<\/div> <\/div>  <div class=\"jdgm-histogram__row\" data-rating=\"2\" data-frequency=\"4\" data-percentage=\"5\">  <div class=\"jdgm-histogram__star\" role=\"button\" aria-label=\"5% (4) reviews with 2 star rating\" tabindex=\"0\"><span class=\"jdgm-star jdgm--on\"><\/span><span class=\"jdgm-star jdgm--on\"><\/span><span class=\"jdgm-star jdgm--off\"><\/span><span class=\"jdgm-star jdgm--off\"><\/span><span class=\"jdgm-star jdgm--off\"><\/span><\/div> <div class=\"jdgm-histogram__bar\"> <div class=\"jdgm-histogram__bar-content\" style=\"width: 5%;\"> <\/div> <\/div>  <div class=\"jdgm-histogram__frequency\">4<\/div> <\/div>  <div class=\"jdgm-histogram__row\" data-rating=\"1\" data-frequency=\"1\" data-percentage=\"1\">  <div class=\"jdgm-histogram__star\" role=\"button\" aria-label=\"1% (1) reviews with 1 star rating\" tabindex=\"0\"><span class=\"jdgm-star jdgm--on\"><\/span><span class=\"jdgm-star jdgm--off\"><\/span><span class=\"jdgm-star jdgm--off\"><\/span><span class=\"jdgm-star jdgm--off\"><\/span><span class=\"jdgm-star jdgm--off\"><\/span><\/div> <div class=\"jdgm-histogram__bar\"> <div class=\"jdgm-histogram__bar-content\" style=\"width: 1%;\"> <\/div> <\/div>  <div class=\"jdgm-histogram__frequency\">1<\/div> <\/div>  <div class=\"jdgm-histogram__row jdgm-histogram__clear-filter\" data-rating=\"null\" tabindex=\"0\">See all reviews<\/div> <\/div><div class=\"jdgm-widget-actions-wrapper\">\n  \n<a style=\"\" href=\"#\" class=\"jdgm-write-rev-link\" role=\"button\" aria-expanded=\"false\">Write a review<\/a><\/div>\n<\/div>\n\n<div class=\"jdgm-form-wrapper\" style=\"display: none\">\n  <form class=\"jdgm-form\" novalidate=\"novalidate\">\n    <div class=\"jdgm-form__title\">Write a review<\/div>\n\n    <div class=\"jdgm-form__fieldset\" aria-label=\"Rating\">\n      <label>Rating<\/label>\n      <span class=\"jdgm-form__rating\" style=\"cursor: pointer;\"><a data-alt=\"1\" class=\"jdgm-star jdgm--off\" title=\"1 star\" role=\"button\" aria-label=\"1 star\"><\/a><a data-alt=\"2\" class=\"jdgm-star jdgm--off\" title=\"2 stars\" role=\"button\" aria-label=\"2 stars\"><\/a><a data-alt=\"3\" class=\"jdgm-star jdgm--off\" title=\"3 stars\" role=\"button\" aria-label=\"3 stars\"><\/a><a data-alt=\"4\" class=\"jdgm-star jdgm--off\" title=\"4 stars\" role=\"button\" aria-label=\"4 stars\"><\/a><a data-alt=\"5\" class=\"jdgm-star jdgm--off\" title=\"5 stars\" role=\"button\" aria-label=\"5 stars\"><\/a><input name=\"score\" type=\"hidden\"><\/span>\n    <\/div>\n\n    <div class=\"jdgm-form__fieldset\">\n      \n      <label class=\"jdgm-form__inline-label\" for=\"jdgm_review_title_zy36xoqal\">Review Title<\/label><span class=\"jdgm-countdown\"><\/span>\n      <input id=\"jdgm_review_title_zy36xoqal\" name=\"review_title\" type=\"text\" placeholder=\"Give your review a title\" aria-label=\"Review Title\">\n    <\/div>\n\n    <div class=\"jdgm-form__fieldset\">\n      \n      <label class=\"jdgm-form__inline-label\" for=\"jdgm_review_body_zy36xoqal\">Review<\/label><span class=\"jdgm-countdown\"><\/span>\n      <textarea id=\"jdgm_review_body_zy36xoqal\" rows=\"5\" name=\"review_body\" placeholder=\"Write your comments here\" aria-label=\"Review\"><\/textarea>\n    <\/div>\n\n    \n      <div class=\"jdgm-form__fieldset\">\n        <label>Picture\/Video (optional)<\/label>\n        \n\n        <div class=\"jdgm-media-fieldset__container\">\n          <div class=\"jdgm-picture-fieldset__box jdgm-picture-fieldset__box--input\">\n            <div class=\"jdgm-picture-fieldset__box-wrapper\">\n              <div class=\"jdgm-media-fieldset__icon\">\n              <\/div>\n            <\/div>\n\n            <input type=\"file\" name=\"media\" class=\"jdgm-media-fieldset__input\" multiple=\"\" accept=\"image\/gif,image\/jpeg,image\/jpg,image\/png,image\/webp\" aria-label=\"Choose a review picture\/video (optional)\">\n            <div style=\"display: none !important\" aria-label=\"Choose a review picture\/video (optional)\">Choose a review picture\/video (optional)<\/div>\n          <\/div>\n        <\/div>\n      <\/div>\n\n      \n    \n\n    <div class=\"jdgm-custom-forms\"><\/div>\n\n    <div class=\"jdgm-form__fieldset\">\n      \n      <label class=\"jdgm-form__inline-label\" for=\"jdgm_review_reviewer_name_zy36xoqal\">Name<\/label>\n      \n      <span class=\"jdgm-form__reviewer-name-format-container\">\n        (<label for=\"jdgm_review_reviewer_name_format_zy36xoqal\" class=\"jdgm-form__inline-label jdgm-always-visible\">displayed publicly like<\/label>\n        <span class=\"jdgm-sort-dropdown-wrapper\">\n          <select id=\"jdgm_review_reviewer_name_format_zy36xoqal\" name=\"reviewer_name_format\" class=\"jdgm-sort-dropdown\" aria-label=\"Name format\">\n            \n            \n              <option value=\"\" selected=\"\">John Smith<\/option>\n            \n              <option value=\"last_initial\">John S.<\/option>\n            \n              <option value=\"all_initials\">J.S.<\/option>\n            \n              <option value=\"anonymous\">Anonymous<\/option>\n            \n          <\/select>\n          <span class=\"jdgm-sort-dropdown-arrow\"><\/span>\n        <\/span>\n        )\n      <\/span>\n\n      <input id=\"jdgm_review_reviewer_name_zy36xoqal\" name=\"reviewer_name\" type=\"text\" placeholder=\"Enter your name (public)\" aria-label=\"Name\">\n    <\/div>\n\n    <div class=\"jdgm-form__fieldset jdgm-form__email-fieldset\">\n      \n      <label for=\"jdgm_review_reviewer_email_zy36xoqal\">Email<\/label>\n      <input id=\"jdgm_review_reviewer_email_zy36xoqal\" name=\"reviewer_email\" type=\"email\" required=\"\" placeholder=\"Enter your email (private)\" aria-label=\"Email\" aria-required=\"true\">\n    <\/div>\n\n    <div class=\"jdgm-form__fieldset\">\n      <p>How we use your data: We’ll only contact you about the review you left, and only if necessary. By submitting your review, you agree to Judge.me’s <a href=\"https:\/\/judge.me\/terms\" target=\"_blank\" rel=\"nofollow noopener\">terms<\/a>, <a href=\"https:\/\/judge.me\/privacy\" target=\"_blank\" rel=\"nofollow noopener\">privacy<\/a> and <a href=\"https:\/\/judge.me\/content-policy\" target=\"_blank\" rel=\"nofollow noopener\">content<\/a> policies.<\/p>\n    <\/div>\n\n    <div class=\"jdgm-form__fieldset jdgm-form__fieldset-actions\">\n      <a href=\"#judgeme_product_reviews\" role=\"button\" class=\"jdgm-btn jdgm-btn--border jdgm-cancel-rev \">Cancel review<\/a>\n      <input type=\"submit\" class=\"jdgm-btn jdgm-btn--solid jdgm-submit-rev \" value=\"Submit Review\">\n    <\/div>\n  <\/form>\n<\/div>\n<div class=\"jdgm-row-media\"><div class=\"jdgm-gallery-wrapper\"><div class=\"jdgm-gallery-title\">Customer photos &amp; videos<\/div><div class=\"jdgm-gallery\" data-url=\"reviews\/reviews_for_widget\" data-per-page=\"10\" data-loaded=\"true\" data-id=\"gallery-data-0\" data-setup-event=\"true\">  \n\n\n  \n    \n    <div class=\"jdgm-gallery__thumbnail-link\">\n      <div class=\"jdgm-gallery__thumbnail-wrapper\">\n        <img class=\"jdgm-gallery__thumbnail\" alt=\"User picture\" data-src=\"https:\/\/judgeme.imgix.net\/reginald-men\/1719411375__whatsappimage2024-06-26at151711_144bfd17__original.jpg?auto=format&amp;w=160\" data-mfp-src=\"https:\/\/judgeme.imgix.net\/reginald-men\/1719411375__whatsappimage2024-06-26at151711_144bfd17__original.jpg?auto=format\" data-review-id=\"99fe449d-4b5e-4cd4-84ea-e4a448aae322\" src=\"https:\/\/judgeme.imgix.net\/reginald-men\/1719411375__whatsappimage2024-06-26at151711_144bfd17__original.jpg?auto=format&amp;w=160\">\n      <\/div>\n    <\/div>\n  \n\n\n\n  \n\n\n\n  \n\n\n\n\n  \n    \n    <div class=\"jdgm-gallery__thumbnail-link\">\n      <div class=\"jdgm-gallery__thumbnail-wrapper\">\n        <img class=\"jdgm-gallery__thumbnail\" alt=\"User picture\" data-src=\"https:\/\/judgeme.imgix.net\/reginald-men\/1719409565__whatsappimage2024-06-26at151710_70f32a03__original.jpg?auto=format&amp;w=160\" data-mfp-src=\"https:\/\/judgeme.imgix.net\/reginald-men\/1719409565__whatsappimage2024-06-26at151710_70f32a03__original.jpg?auto=format\" data-review-id=\"bc8079f1-bd00-4d13-b3c8-7b95ce799773\" src=\"https:\/\/judgeme.imgix.net\/reginald-men\/1719409565__whatsappimage2024-06-26at151710_70f32a03__original.jpg?auto=format&amp;w=160\">\n      <\/div>\n    <\/div>\n  \n\n\n\n  \n\n\n\n  \n\n\n\n\n  \n    \n    <div class=\"jdgm-gallery__thumbnail-link\">\n      <div class=\"jdgm-gallery__thumbnail-wrapper\">\n        <img class=\"jdgm-gallery__thumbnail\" alt=\"User picture\" data-src=\"https:\/\/judgeme.imgix.net\/reginald-men\/1719409079__whatsappimage2024-06-26at151711_aeb2057c__original.jpg?auto=format&amp;w=160\" data-mfp-src=\"https:\/\/judgeme.imgix.net\/reginald-men\/1719409079__whatsappimage2024-06-26at151711_aeb2057c__original.jpg?auto=format\" data-review-id=\"ed411efb-d5c5-41da-947a-5a0485d37a78\" src=\"https:\/\/judgeme.imgix.net\/reginald-men\/1719409079__whatsappimage2024-06-26at151711_aeb2057c__original.jpg?auto=format&amp;w=160\">\n      <\/div>\n    <\/div>\n  \n\n\n\n  \n\n\n\n  \n\n\n\n\n  \n    \n    <div class=\"jdgm-gallery__thumbnail-link\">\n      <div class=\"jdgm-gallery__thumbnail-wrapper\">\n        <img class=\"jdgm-gallery__thumbnail\" alt=\"User picture\" data-src=\"https:\/\/judgeme.imgix.net\/reginald-men\/1719408314__whatsappimage2024-06-26at151709_d3ac61e7__original.jpg?auto=format&amp;w=160\" data-mfp-src=\"https:\/\/judgeme.imgix.net\/reginald-men\/1719408314__whatsappimage2024-06-26at151709_d3ac61e7__original.jpg?auto=format\" data-review-id=\"a1044dbc-47b5-4988-a76e-4b01d7c1ba14\" src=\"https:\/\/judgeme.imgix.net\/reginald-men\/1719408314__whatsappimage2024-06-26at151709_d3ac61e7__original.jpg?auto=format&amp;w=160\">\n      <\/div>\n    <\/div>\n  \n\n\n\n  \n\n\n\n  \n\n\n\n\n  \n    \n    <div class=\"jdgm-gallery__thumbnail-link\">\n      <div class=\"jdgm-gallery__thumbnail-wrapper\">\n        <img class=\"jdgm-gallery__thumbnail\" alt=\"User picture\" data-src=\"https:\/\/judgeme.imgix.net\/reginald-men\/1719407784__whatsappimage2024-06-26at151709_e9a13dfd__original.jpg?auto=format&amp;w=160\" data-mfp-src=\"https:\/\/judgeme.imgix.net\/reginald-men\/1719407784__whatsappimage2024-06-26at151709_e9a13dfd__original.jpg?auto=format\" data-review-id=\"d8423581-b8bb-4750-94a7-9315844cd1fa\" src=\"https:\/\/judgeme.imgix.net\/reginald-men\/1719407784__whatsappimage2024-06-26at151709_e9a13dfd__original.jpg?auto=format&amp;w=160\">\n      <\/div>\n    <\/div>\n  \n\n\n\n  \n\n\n\n  \n\n\n\n\n  \n    \n    <div class=\"jdgm-gallery__thumbnail-link\">\n      <div class=\"jdgm-gallery__thumbnail-wrapper\">\n        <img class=\"jdgm-gallery__thumbnail\" alt=\"User picture\" data-src=\"https:\/\/judgeme.imgix.net\/reginald-men\/1719406603__whatsappimage2024-06-26at151711_331cfe1f__original.jpg?auto=format&amp;w=160\" data-mfp-src=\"https:\/\/judgeme.imgix.net\/reginald-men\/1719406603__whatsappimage2024-06-26at151711_331cfe1f__original.jpg?auto=format\" data-review-id=\"01819229-43d6-4099-8f58-6a08bfe83aab\" src=\"https:\/\/judgeme.imgix.net\/reginald-men\/1719406603__whatsappimage2024-06-26at151711_331cfe1f__original.jpg?auto=format&amp;w=160\">\n      <\/div>\n    <\/div>\n  \n\n\n\n  \n\n\n\n  \n\n\n\n\n  \n    \n    <div class=\"jdgm-gallery__thumbnail-link\">\n      <div class=\"jdgm-gallery__thumbnail-wrapper\">\n        <img class=\"jdgm-gallery__thumbnail\" alt=\"User picture\" data-src=\"https:\/\/judgeme.imgix.net\/reginald-men\/1719405418__whatsappimage2024-06-26at151709_01e6c1e2__original.jpg?auto=format&amp;w=160\" data-mfp-src=\"https:\/\/judgeme.imgix.net\/reginald-men\/1719405418__whatsappimage2024-06-26at151709_01e6c1e2__original.jpg?auto=format\" data-review-id=\"5fd1212c-0619-42c4-979f-01efd15010e1\" src=\"https:\/\/judgeme.imgix.net\/reginald-men\/1719405418__whatsappimage2024-06-26at151709_01e6c1e2__original.jpg?auto=format&amp;w=160\">\n      <\/div>\n    <\/div>\n  \n\n\n\n  \n\n\n\n  \n\n<\/div><\/div><\/div>        <div class=\"jdgm-form-dynamic-wrapper\" style=\"display: none\">\n  <form class=\"jdgm-form jdgm-form-dynamic\" novalidate=\"novalidate\">\n\n    <div class=\"jdgm-form-dynamic__close jdgm-close-ico\"><\/div>\n\n    <div class=\"jdgm-form-dynamic__row jdgm-form-dynamic__picture-upload-field\" data-pos=\"0\">\n      <div class=\"jdgm-form-dynamic__row-inner\">\n        <div class=\"jdgm-form__title\">Picture\/Video (optional)<\/div>\n        \n\n        <div class=\"jdgm-form__fieldset\">\n          <div class=\"jdgm-media-fieldset__container\">\n            <div class=\"jdgm-picture-fieldset__box jdgm-picture-fieldset__box--input\">\n              <div class=\"jdgm-picture-fieldset__box-wrapper\">\n                <div class=\"jdgm-media-fieldset__icon\">\n                <\/div>\n              <\/div>\n\n              <input type=\"file\" name=\"media\" class=\"jdgm-media-fieldset__input\" multiple=\"\" accept=\"image\/gif,image\/jpeg,image\/jpg,image\/png,image\/webp\" aria-label=\"Choose a review picture\/video (optional)\">\n              <div style=\"display: none !important\" aria-label=\"Choose a review picture\/video (optional)\">Choose a review picture\/video (optional)<\/div>\n            <\/div>\n          <\/div>\n        <\/div>\n\n        \n      <\/div>\n    <div class=\"jdgm-form-dynamic__buttons-row\"><div class=\"jdgm-btn jdgm-btn--border jdgm-form-dynamic__back btn btn_c button\" tabindex=\"0\" role=\"button\">Back<\/div><div class=\"jdgm-btn jdgm-btn--solid jdgm-form-dynamic__next btn btn_c button\" tabindex=\"0\" role=\"button\">Next<\/div><\/div><\/div>\n\n    <div class=\"jdgm-form-dynamic__row\" data-pos=\"1\">\n      <div class=\"jdgm-form-dynamic__row-inner\">\n        <div class=\"jdgm-form__title\">Rating<\/div>\n        <span class=\"jdgm-form-dynamic__rating\" style=\"cursor: pointer;\"><a data-alt=\"1\" class=\"jdgm-star jdgm--off\" title=\"1 star\"><\/a><a data-alt=\"2\" class=\"jdgm-star jdgm--off\" title=\"2 stars\"><\/a><a data-alt=\"3\" class=\"jdgm-star jdgm--off\" title=\"3 stars\"><\/a><a data-alt=\"4\" class=\"jdgm-star jdgm--off\" title=\"4 stars\"><\/a><a data-alt=\"5\" class=\"jdgm-star jdgm--off\" title=\"5 stars\"><\/a><input name=\"score\" type=\"hidden\"><\/span>\n      <\/div>\n    <div class=\"jdgm-form-dynamic__buttons-row\"><div class=\"jdgm-btn jdgm-btn--border jdgm-form-dynamic__back btn btn_c button\" tabindex=\"0\" role=\"button\">Back<\/div><div class=\"jdgm-btn jdgm-btn--solid jdgm-form-dynamic__next btn btn_c button\" tabindex=\"0\" role=\"button\">Next<\/div><\/div><\/div>\n\n    <div class=\"jdgm-form-dynamic__row\" data-pos=\"2\">\n      <div class=\"jdgm-form-dynamic__row-inner\">\n        <div class=\"jdgm-form__fieldset\">\n          <label for=\"jdgm_reviewer_name\">Name<\/label>\n          <input id=\"jdgm_reviewer_name\" name=\"reviewer_name\" type=\"text\" placeholder=\"Enter your name (public)\">\n        <\/div>\n\n        <div class=\"jdgm-form__fieldset jdgm-form-dynamic__email-fieldset\">\n          <label for=\"jdgm_reviewer_email\">Email<\/label>\n          <input id=\"jdgm_reviewer_email\" name=\"reviewer_email\" type=\"email\" placeholder=\"Enter your email (private)\">\n        <\/div>\n      <\/div>\n    <div class=\"jdgm-form-dynamic__buttons-row\"><div class=\"jdgm-btn jdgm-btn--border jdgm-form-dynamic__back btn btn_c button\" tabindex=\"0\" role=\"button\">Back<\/div><div class=\"jdgm-btn jdgm-btn--solid jdgm-form-dynamic__next btn btn_c button\" tabindex=\"0\" role=\"button\">Next<\/div><\/div><\/div>\n\n    <div class=\"jdgm-form-dynamic__row jdgm-form-dynamic__submit-slide\" data-pos=\"3\">\n      <div class=\"jdgm-form-dynamic__row-inner\">\n        <div class=\"jdgm-form__fieldset\">\n          <label class=\"jdgm-form__inline-label\" for=\"jdgm_review_title\">Review Title<\/label><span class=\"jdgm-countdown\"><\/span>\n          <input id=\"jdgm_review_title\" name=\"review_title\" type=\"text\" placeholder=\"Give your review a title\">\n        <\/div>\n\n        <div class=\"jdgm-form__fieldset\">\n          <label class=\"jdgm-form__inline-label\" for=\"jdgm_review_body\">Review<\/label><span class=\"jdgm-countdown\"><\/span>\n          <textarea id=\"jdgm_review_body\" rows=\"5\" name=\"review_body\" placeholder=\"Write your comments here\"><\/textarea>\n        <\/div>\n      <\/div>\n    <div class=\"jdgm-form-dynamic__buttons-row\"><div class=\"jdgm-btn jdgm-btn--border jdgm-form-dynamic__back btn btn_c button\" tabindex=\"0\" role=\"button\">Back<\/div><div class=\"jdgm-btn jdgm-btn--solid jdgm-form-dynamic__next btn btn_c button\" tabindex=\"0\" role=\"button\">Next<\/div><\/div><\/div>\n\n    <div class=\"jdgm-custom-forms jdgm-custom-forms-dynamic\"><\/div>\n\n    <input type=\"submit\" class=\"jdgm-btn jdgm-btn--solid jdgm-form-dynamic__submit-rev \" value=\"Submit Review\">\n  <\/form>\n<\/div>\n<\/div> <div class=\"jdgm-rev-widg__actions\"><div class=\"jdgm-row-actions\"><div class=\"jdgm-rev-widg__sort-wrapper\"><div class=\"jdgm-sort-dropdown-wrapper\">\n  <select class=\"jdgm-sort-dropdown\" aria-label=\"Sort dropdown\">\n    <option value=\"most-recent\">Most Recent<\/option>\n    <option value=\"highest-rating\">Highest Rating<\/option>\n    <option value=\"lowest-rating\">Lowest Rating<\/option>\n    <option value=\"with-pictures\">Only Pictures<\/option>\n    <option value=\"pictures-first\">Pictures First<\/option>\n    <option value=\"videos-first\">Videos First<\/option>\n    <option value=\"most-helpful\">Most Helpful<\/option>\n  <\/select><span class=\"jdgm-sort-dropdown-arrow\"><\/span>\n<\/div>\n<\/div><\/div><\/div><div class=\"jdgm-rev-widg__body\"> <div class=\"jdgm-rev-widg__reviews\" style=\"position: relative; height: 792.791px;\"><div class=\"jdgm-rev jdgm-divider-top jdgm--done-setup jdgm--leex-done-setup\" data-verified-buyer=\"false\" data-review-id=\"efacd970-c1f4-440b-ac0e-c154e3aace7d\" data-product-title=\"Kratos - Strengthening Moisturiser\" data-product-url=\"\/products\/moist\" data-thumb-up-count=\"0\" data-thumb-down-count=\"0\" style=\"position: absolute; left: 0px; top: 0px;\"> <div class=\"jdgm-rev__header\"><div class=\"jdgm-row-product\"><\/div><div class=\"jdgm-row-rating\"><span class=\"jdgm-rev__rating\" data-score=\"4\" tabindex=\"0\" aria-label=\"4 star review\" role=\"img\"> <span class=\"jdgm-star jdgm--on\"><\/span><span class=\"jdgm-star jdgm--on\"><\/span><span class=\"jdgm-star jdgm--on\"><\/span><span class=\"jdgm-star jdgm--on\"><\/span><span class=\"jdgm-star jdgm--off\"><\/span> <\/span><span class=\"jdgm-rev__timestamp\" data-content=\"2024-06-26 14:24:29 UTC\">1 week ago<\/span><\/div><div class=\"jdgm-row-profile\"><div class=\"jdgm-rev__icon\"><\/div><span class=\"jdgm-rev__author-wrapper\"> <span class=\"jdgm-rev__author\">Mitesh Reddy<\/span>   <\/span><\/div><div class=\"jdgm-row-extra\"><span class=\"jdgm-rev__location\">  <\/span><\/div>         <div class=\"jdgm-rev__br\"><\/div>   <\/div> <div class=\"jdgm-rev__content\">  <b class=\"jdgm-rev__title\">best best best<\/b> <div class=\"jdgm-rev__body\"><p>one of the best moisturiser I've ever seen ,,using it for more than 3 months now and it's been very effective. this is completely hydrating and very light on skin. A good moisturizer for all skin types<\/p><\/div><div class=\"jdgm-rev__custom-form\">  <\/div>   <\/div> <div class=\"jdgm-rev__actions\"> <div class=\"jdgm-rev__social\"><\/div> <div class=\"jdgm-rev__votes\"><\/div> <\/div>  <\/div><div class=\"jdgm-rev jdgm-divider-top jdgm--done-setup jdgm--leex-done-setup\" data-verified-buyer=\"false\" data-review-id=\"0fe2ac16-3160-4551-be9a-14abf6846156\" data-product-title=\"Kratos - Strengthening Moisturiser\" data-product-url=\"\/products\/moist\" data-thumb-up-count=\"0\" data-thumb-down-count=\"0\" style=\"position: absolute; left: 204px; top: 0px;\"> <div class=\"jdgm-rev__header\"><div class=\"jdgm-row-product\"><\/div><div class=\"jdgm-row-rating\"><span class=\"jdgm-rev__rating\" data-score=\"4\" tabindex=\"0\" aria-label=\"4 star review\" role=\"img\"> <span class=\"jdgm-star jdgm--on\"><\/span><span class=\"jdgm-star jdgm--on\"><\/span><span class=\"jdgm-star jdgm--on\"><\/span><span class=\"jdgm-star jdgm--on\"><\/span><span class=\"jdgm-star jdgm--off\"><\/span> <\/span><span class=\"jdgm-rev__timestamp\" data-content=\"2024-06-26 14:23:06 UTC\">1 week ago<\/span><\/div><div class=\"jdgm-row-profile\"><div class=\"jdgm-rev__icon\"><\/div><span class=\"jdgm-rev__author-wrapper\"> <span class=\"jdgm-rev__author\">Dhruv Parmar<\/span>   <\/span><\/div><div class=\"jdgm-row-extra\"><span class=\"jdgm-rev__location\">  <\/span><\/div>         <div class=\"jdgm-rev__br\"><\/div>   <\/div> <div class=\"jdgm-rev__content\">  <b class=\"jdgm-rev__title\">lightweight moisturizer<\/b> <div class=\"jdgm-rev__body\"><p>it is really lightweight moisturizer which is light,,, moisturiser free from harsh chemicals  which suits for even the most sensitive skin types  and all skin types<\/p><\/div><div class=\"jdgm-rev__custom-form\">  <\/div>   <\/div> <div class=\"jdgm-rev__actions\"> <div class=\"jdgm-rev__social\"><\/div> <div class=\"jdgm-rev__votes\"><\/div> <\/div>  <\/div><div class=\"jdgm-rev jdgm-divider-top jdgm--done-setup jdgm--leex-done-setup\" data-verified-buyer=\"false\" data-review-id=\"074b7783-14b9-4e6d-b85c-66dfcf30bfb6\" data-product-title=\"Kratos - Strengthening Moisturiser\" data-product-url=\"\/products\/moist\" data-thumb-up-count=\"0\" data-thumb-down-count=\"0\" style=\"position: absolute; left: 204px; top: 188px;\"> <div class=\"jdgm-rev__header\"><div class=\"jdgm-row-product\"><\/div><div class=\"jdgm-row-rating\"><span class=\"jdgm-rev__rating\" data-score=\"5\" tabindex=\"0\" aria-label=\"5 star review\" role=\"img\"> <span class=\"jdgm-star jdgm--on\"><\/span><span class=\"jdgm-star jdgm--on\"><\/span><span class=\"jdgm-star jdgm--on\"><\/span><span class=\"jdgm-star jdgm--on\"><\/span><span class=\"jdgm-star jdgm--on\"><\/span> <\/span><span class=\"jdgm-rev__timestamp\" data-content=\"2024-06-26 14:19:55 UTC\">1 week ago<\/span><\/div><div class=\"jdgm-row-profile\"><div class=\"jdgm-rev__icon\"><\/div><span class=\"jdgm-rev__author-wrapper\"> <span class=\"jdgm-rev__author\">Mani Shah<\/span>   <\/span><\/div><div class=\"jdgm-row-extra\"><span class=\"jdgm-rev__location\">  <\/span><\/div>         <div class=\"jdgm-rev__br\"><\/div>   <\/div> <div class=\"jdgm-rev__content\">  <b class=\"jdgm-rev__title\">no regrets<\/b> <div class=\"jdgm-rev__body\"><p>No regrets of buying thissssss one and only best product<\/p><\/div><div class=\"jdgm-rev__custom-form\">  <\/div>   <\/div> <div class=\"jdgm-rev__actions\"> <div class=\"jdgm-rev__social\"><\/div> <div class=\"jdgm-rev__votes\"><\/div> <\/div>  <\/div><div class=\"jdgm-rev jdgm-divider-top jdgm--done-setup jdgm--leex-done-setup\" data-verified-buyer=\"false\" data-review-id=\"08a1899b-b80b-40e9-84b9-eba2e9c5411c\" data-product-title=\"Kratos - Strengthening Moisturiser\" data-product-url=\"\/products\/moist\" data-thumb-up-count=\"0\" data-thumb-down-count=\"0\" style=\"position: absolute; left: 0px; top: 205px;\"> <div class=\"jdgm-rev__header\"><div class=\"jdgm-row-product\"><\/div><div class=\"jdgm-row-rating\"><span class=\"jdgm-rev__rating\" data-score=\"4\" tabindex=\"0\" aria-label=\"4 star review\" role=\"img\"> <span class=\"jdgm-star jdgm--on\"><\/span><span class=\"jdgm-star jdgm--on\"><\/span><span class=\"jdgm-star jdgm--on\"><\/span><span class=\"jdgm-star jdgm--on\"><\/span><span class=\"jdgm-star jdgm--off\"><\/span> <\/span><span class=\"jdgm-rev__timestamp\" data-content=\"2024-06-26 14:17:49 UTC\">1 week ago<\/span><\/div><div class=\"jdgm-row-profile\"><div class=\"jdgm-rev__icon\"><\/div><span class=\"jdgm-rev__author-wrapper\"> <span class=\"jdgm-rev__author\">Satyadeep Kundra<\/span>   <\/span><\/div><div class=\"jdgm-row-extra\"><span class=\"jdgm-rev__location\">  <\/span><\/div>         <div class=\"jdgm-rev__br\"><\/div>   <\/div> <div class=\"jdgm-rev__content\">  <b class=\"jdgm-rev__title\">grateful<\/b> <div class=\"jdgm-rev__body\"><p>really grateful because they've saved my skin from being dehydrated and blackish<\/p><\/div><div class=\"jdgm-rev__custom-form\">  <\/div>   <\/div> <div class=\"jdgm-rev__actions\"> <div class=\"jdgm-rev__social\"><\/div> <div class=\"jdgm-rev__votes\"><\/div> <\/div>  <\/div><div class=\"jdgm-rev jdgm-divider-top jdgm--done-setup jdgm--leex-done-setup\" data-verified-buyer=\"false\" data-review-id=\"99fe449d-4b5e-4cd4-84ea-e4a448aae322\" data-product-title=\"Kratos - Strengthening Moisturiser\" data-product-url=\"\/products\/moist\" data-thumb-up-count=\"0\" data-thumb-down-count=\"0\" style=\"position: absolute; left: 204px; top: 310px;\"> <div class=\"jdgm-rev__header\"><div class=\"jdgm-row-product\"><\/div><div class=\"jdgm-row-rating\"><span class=\"jdgm-rev__rating\" data-score=\"5\" tabindex=\"0\" aria-label=\"5 star review\" role=\"img\"> <span class=\"jdgm-star jdgm--on\"><\/span><span class=\"jdgm-star jdgm--on\"><\/span><span class=\"jdgm-star jdgm--on\"><\/span><span class=\"jdgm-star jdgm--on\"><\/span><span class=\"jdgm-star jdgm--on\"><\/span> <\/span><span class=\"jdgm-rev__timestamp\" data-content=\"2024-06-26 14:16:15 UTC\">1 week ago<\/span><\/div><div class=\"jdgm-row-profile\"><div class=\"jdgm-rev__icon\"><\/div><span class=\"jdgm-rev__author-wrapper\"> <span class=\"jdgm-rev__author\">Sandeep Karale<\/span>   <\/span><\/div><div class=\"jdgm-row-extra\"><span class=\"jdgm-rev__location\">  <\/span><\/div>         <div class=\"jdgm-rev__br\"><\/div>   <\/div><div class=\"jdgm-rev__pics\">  <a class=\"jdgm-rev__pic-link\" target=\"_blank\" rel=\"nofollow\" href=\"https:\/\/judgeme.imgix.net\/reginald-men\/1719411375__whatsappimage2024-06-26at151711_144bfd17__original.jpg?auto=format\" data-mfp-src=\"https:\/\/judgeme.imgix.net\/reginald-men\/1719411375__whatsappimage2024-06-26at151711_144bfd17__original.jpg?auto=format&amp;w=1024\" aria-label=\"Link to user picture 1\"> <img class=\"jdgm-rev__pic-img\" alt=\"User picture\" data-src=\"https:\/\/judgeme.imgix.net\/reginald-men\/1719411375__whatsappimage2024-06-26at151711_144bfd17__original.jpg?auto=format&amp;w=160&amp;dpr=1.125&amp;w=355.292\" src=\"https:\/\/judgeme.imgix.net\/reginald-men\/1719411375__whatsappimage2024-06-26at151711_144bfd17__original.jpg?auto=format&amp;w=160&amp;dpr=1.125&amp;w=355.292\"> <\/a>  <\/div> <div class=\"jdgm-rev__content\">  <b class=\"jdgm-rev__title\">so happyyyyyy<\/b> <div class=\"jdgm-rev__body\"><p>happy with how it makes my skin feel really really good i mean the best go for it just buy and use it<\/p><\/div><div class=\"jdgm-rev__custom-form\">  <\/div>   <\/div> <div class=\"jdgm-rev__actions\"> <div class=\"jdgm-rev__social\"><\/div> <div class=\"jdgm-rev__votes\"><\/div> <\/div>  <\/div><div class=\"jdgm-rev jdgm-divider-top jdgm--done-setup jdgm--leex-done-setup\" data-verified-buyer=\"false\" data-review-id=\"6a997adc-abf4-496b-9fea-a13a3a347974\" data-product-title=\"Kratos - Strengthening Moisturiser\" data-product-url=\"\/products\/moist\" data-thumb-up-count=\"0\" data-thumb-down-count=\"0\" style=\"position: absolute; left: 0px; top: 360px;\"> <div class=\"jdgm-rev__header\"><div class=\"jdgm-row-product\"><\/div><div class=\"jdgm-row-rating\"><span class=\"jdgm-rev__rating\" data-score=\"2\" tabindex=\"0\" aria-label=\"2 star review\" role=\"img\"> <span class=\"jdgm-star jdgm--on\"><\/span><span class=\"jdgm-star jdgm--on\"><\/span><span class=\"jdgm-star jdgm--off\"><\/span><span class=\"jdgm-star jdgm--off\"><\/span><span class=\"jdgm-star jdgm--off\"><\/span> <\/span><span class=\"jdgm-rev__timestamp\" data-content=\"2024-06-26 14:13:51 UTC\">1 week ago<\/span><\/div><div class=\"jdgm-row-profile\"><div class=\"jdgm-rev__icon\"><\/div><span class=\"jdgm-rev__author-wrapper\"> <span class=\"jdgm-rev__author\">Priyam patel<\/span>   <\/span><\/div><div class=\"jdgm-row-extra\"><span class=\"jdgm-rev__location\">  <\/span><\/div>         <div class=\"jdgm-rev__br\"><\/div>   <\/div> <div class=\"jdgm-rev__content\">  <b class=\"jdgm-rev__title\">doesn't absorb n sticks<\/b> <div class=\"jdgm-rev__body\"><p>I think it's good but doesn't completely absorb and it sticks i think<\/p><\/div><div class=\"jdgm-rev__custom-form\">  <\/div>   <\/div> <div class=\"jdgm-rev__actions\"> <div class=\"jdgm-rev__social\"><\/div> <div class=\"jdgm-rev__votes\"><\/div> <\/div>  <\/div><div class=\"jdgm-rev jdgm-divider-top jdgm--done-setup jdgm--leex-done-setup\" data-verified-buyer=\"false\" data-review-id=\"b950a999-2cd0-4bae-bf77-318ada62e7e7\" data-product-title=\"Kratos - Strengthening Moisturiser\" data-product-url=\"\/products\/moist\" data-thumb-up-count=\"0\" data-thumb-down-count=\"0\" style=\"position: absolute; left: 0px; top: 499px;\"> <div class=\"jdgm-rev__header\"><div class=\"jdgm-row-product\"><\/div><div class=\"jdgm-row-rating\"><span class=\"jdgm-rev__rating\" data-score=\"5\" tabindex=\"0\" aria-label=\"5 star review\" role=\"img\"> <span class=\"jdgm-star jdgm--on\"><\/span><span class=\"jdgm-star jdgm--on\"><\/span><span class=\"jdgm-star jdgm--on\"><\/span><span class=\"jdgm-star jdgm--on\"><\/span><span class=\"jdgm-star jdgm--on\"><\/span> <\/span><span class=\"jdgm-rev__timestamp\" data-content=\"2024-06-26 14:11:22 UTC\">1 week ago<\/span><\/div><div class=\"jdgm-row-profile\"><div class=\"jdgm-rev__icon\"><\/div><span class=\"jdgm-rev__author-wrapper\"> <span class=\"jdgm-rev__author\">Swaraj Surve<\/span>   <\/span><\/div><div class=\"jdgm-row-extra\"><span class=\"jdgm-rev__location\">  <\/span><\/div>         <div class=\"jdgm-rev__br\"><\/div>   <\/div> <div class=\"jdgm-rev__content\">  <b class=\"jdgm-rev__title\">they've best services<\/b> <div class=\"jdgm-rev__body\"><p>they've best services if anyone has any issues regarding how to put it and all, customer care solves everything<\/p><\/div><div class=\"jdgm-rev__custom-form\">  <\/div>   <\/div> <div class=\"jdgm-rev__actions\"> <div class=\"jdgm-rev__social\"><\/div> <div class=\"jdgm-rev__votes\"><\/div> <\/div>  <\/div><div class=\"jdgm-rev jdgm-divider-top jdgm--done-setup jdgm--leex-done-setup\" data-verified-buyer=\"false\" data-review-id=\"281996cf-16f3-4c27-869d-a663b2a6fa89\" data-product-title=\"Kratos - Strengthening Moisturiser\" data-product-url=\"\/products\/moist\" data-thumb-up-count=\"0\" data-thumb-down-count=\"0\" style=\"position: absolute; left: 204px; top: 532px;\"> <div class=\"jdgm-rev__header\"><div class=\"jdgm-row-product\"><\/div><div class=\"jdgm-row-rating\"><span class=\"jdgm-rev__rating\" data-score=\"4\" tabindex=\"0\" aria-label=\"4 star review\" role=\"img\"> <span class=\"jdgm-star jdgm--on\"><\/span><span class=\"jdgm-star jdgm--on\"><\/span><span class=\"jdgm-star jdgm--on\"><\/span><span class=\"jdgm-star jdgm--on\"><\/span><span class=\"jdgm-star jdgm--off\"><\/span> <\/span><span class=\"jdgm-rev__timestamp\" data-content=\"2024-06-26 14:07:30 UTC\">1 week ago<\/span><\/div><div class=\"jdgm-row-profile\"><div class=\"jdgm-rev__icon\"><\/div><span class=\"jdgm-rev__author-wrapper\"> <span class=\"jdgm-rev__author\">Manish Sharma<\/span>   <\/span><\/div><div class=\"jdgm-row-extra\"><span class=\"jdgm-rev__location\">  <\/span><\/div>         <div class=\"jdgm-rev__br\"><\/div>   <\/div> <div class=\"jdgm-rev__content\">  <b class=\"jdgm-rev__title\">Awesomeeee<\/b> <div class=\"jdgm-rev__body\"><p>such a awesome product found online<\/p><\/div><div class=\"jdgm-rev__custom-form\">  <\/div>   <\/div> <div class=\"jdgm-rev__actions\"> <div class=\"jdgm-rev__social\"><\/div> <div class=\"jdgm-rev__votes\"><\/div> <\/div>  <\/div><div class=\"jdgm-rev jdgm-divider-top jdgm--done-setup jdgm--leex-done-setup\" data-verified-buyer=\"false\" data-review-id=\"55bcc8a2-b83f-48cb-b82d-279319d2653e\" data-product-title=\"Kratos - Strengthening Moisturiser\" data-product-url=\"\/products\/moist\" data-thumb-up-count=\"0\" data-thumb-down-count=\"0\" style=\"position: absolute; left: 204px; top: 654px;\"> <div class=\"jdgm-rev__header\"><div class=\"jdgm-row-product\"><\/div><div class=\"jdgm-row-rating\"><span class=\"jdgm-rev__rating\" data-score=\"4\" tabindex=\"0\" aria-label=\"4 star review\" role=\"img\"> <span class=\"jdgm-star jdgm--on\"><\/span><span class=\"jdgm-star jdgm--on\"><\/span><span class=\"jdgm-star jdgm--on\"><\/span><span class=\"jdgm-star jdgm--on\"><\/span><span class=\"jdgm-star jdgm--off\"><\/span> <\/span><span class=\"jdgm-rev__timestamp\" data-content=\"2024-06-26 13:47:21 UTC\">1 week ago<\/span><\/div><div class=\"jdgm-row-profile\"><div class=\"jdgm-rev__icon\"><\/div><span class=\"jdgm-rev__author-wrapper\"> <span class=\"jdgm-rev__author\">Digamber Achrekar<\/span>   <\/span><\/div><div class=\"jdgm-row-extra\"><span class=\"jdgm-rev__location\">  <\/span><\/div>         <div class=\"jdgm-rev__br\"><\/div>   <\/div> <div class=\"jdgm-rev__content\">  <b class=\"jdgm-rev__title\">completely Worthy<\/b> <div class=\"jdgm-rev__body\"><p>it's expensive but i think it's worthy and valuable of that expense<\/p><\/div><div class=\"jdgm-rev__custom-form\">  <\/div>   <\/div> <div class=\"jdgm-rev__actions\"> <div class=\"jdgm-rev__social\"><\/div> <div class=\"jdgm-rev__votes\"><\/div> <\/div>  <\/div><\/div> <div class=\"jdgm-paginate\" data-per-page=\"9\" data-url=\"https:\/\/judge.me\/reviews\/reviews_for_widget\"><a class=\"jdgm-paginate__page jdgm-curt\" data-page=\"1\" aria-label=\"Page 1\" tabindex=\"0\" role=\"button\">1<\/a><a class=\"jdgm-paginate__page \" data-page=\"2\" aria-label=\"Page 2\" tabindex=\"0\" role=\"button\">2<\/a><a class=\"jdgm-paginate__page \" data-page=\"3\" aria-label=\"Page 3\" tabindex=\"0\" role=\"button\">3<\/a><a class=\"jdgm-paginate__page jdgm-paginate__next-page\" data-page=\"2\" aria-label=\"Page 2\" tabindex=\"0\" rel=\"next\" role=\"button\"><\/a><a class=\"jdgm-paginate__page jdgm-paginate__last-page\" data-page=\"9\" aria-label=\"Page 9\" tabindex=\"0\" role=\"button\"><\/a><\/div> <\/div> <div class=\"jdgm-rev-widg__paginate-spinner-wrapper\"> <div class=\"jdgm-spinner\"><\/div> <\/div> <\/div>\n<\/div>\n\n\n\n\n<\/div>\n<div style=\"clear:both\"><\/div><\/div>\n\n\n<\/section>","color_scheme":"","padding_top":40,"padding_bottom":52}},"1711451785618d8af4":{"type":"apps","blocks":{"judge_me_reviews_review_widget_hhtMie":{"type":"shopify:\/\/apps\/judge-me-reviews\/blocks\/review_widget\/61ccd3b1-a9f2-4160-9fe9-4fec8413e5d8","settings":{}}},"block_order":["judge_me_reviews_review_widget_hhtMie"],"disabled":true,"settings":{"include_margins":true}}},"order":["custom_liquid_yg7mpW","main","ss_feature_1_AxpJjH","ss_scrolling_announcement_bar_JyjAE4","multicolumn_3Ett7N","rich_text_tWddpc","multicolumn_QrLqkd","collapsible_content_TMmbYb","multicolumn_7khwDt","rich_text_LWitVR","related-products","featured_product_La3Vhb","custom_liquid_zAhpnk","1711451785618d8af4"]}