{"sections":{"multicolumn_ikki4B":{"type":"multicolumn","blocks":{"column_KnLjfw":{"type":"column","settings":{"image":"shopify:\/\/shop_images\/Group_1000006235_3.png","title":"","text":"","link_label":"","link":""}}},"block_order":["column_KnLjfw"],"custom_css":[".slider__slide {width: 100%;}",".contains-content-container {padding: 0px !important;}"],"settings":{"title":"","heading_size":"h1","image_width":"full","image_ratio":"adapt","columns_desktop":1,"column_alignment":"left","background_style":"none","button_label":"","button_link":"","color_scheme":"scheme-5","columns_mobile":"1","swipe_on_mobile":true,"padding_top":0,"padding_bottom":0}},"custom_liquid_Lkrxck":{"type":"custom-liquid","settings":{"custom_liquid":"<div class=\"p_head\" class=\"p_head\" style=\"padding:0px 15px;margin-top:-30px;text-align:center\">\n<h1 style='font-size:48px;margin:-15px 0px -30px 0px;'>Better Than<\/h1><br>\n<p style=\"padding:0 8px;font-size:22px;margin-top:-10px;color:#fff\">Your Mix & Match Old Routines<\/p>\n      <div style=\"display:flex;flex-wrap:wrap;justify-content:center;gap:4px;font-size:12px;margin-top:-20px;\">\n      <span style=\"gap:.4rem;background-color:white;color:#010118;font-weight:600;padding:5px 10px;border-radius:25px;width:155px\">Simplified Routine<\/span>\n      <span style=\"gap:.4rem;background-color:white;color:#010118;font-weight:600;padding:5px 10px;border-radius:25px;width:155px\"> Solves All Skin Issues<\/span>\n      <span style=\"gap:.4rem;background-color:white;color:#010118;font-weight:600;padding:5px 10px;border-radius:25px;width:155px\">Suits Every Skin Type<\/span>\n      <span style=\"gap:.4rem;background-color:white;color:#010118;font-weight:600;padding:5px 10px;border-radius:25px;width:155px\">Results In 90 Days<\/span>\n      <\/div>\n      <\/div>","color_scheme":"scheme-5","padding_top":20,"padding_bottom":12}},"main":{"type":"main-product","blocks":{"vendor":{"type":"text","disabled":true,"settings":{"text":"{{ product.vendor }}","text_style":"uppercase"}},"title":{"type":"title","disabled":true,"settings":{}},"judge_me_reviews_preview_badge_TM9Qpd":{"type":"shopify:\/\/apps\/judge-me-reviews\/blocks\/preview_badge\/61ccd3b1-a9f2-4160-9fe9-4fec8413e5d8","disabled":true,"settings":{}},"custom_liquid_T7xnDP":{"type":"custom_liquid","disabled":true,"settings":{"custom_liquid":"<div style=\"font-size:2.4rem;carousel:pointer\"><h2>Super Saver September !!!<\/h2><\/div>\n<div  style=\"margin-top:20px;font-size:1.3rem;font-family:Noto Sans R; padding:10px;line-height:22px;background-color: rgb(255, 255, 255);color:#000000;border-radius:10px;\">\n<p style=\"margin:10px 10px;\">\nPay only for first month  <strong style='color:#000E8B'>Now @ 999 + No cost EMI for the rest 2 months.<\/strong><br> <strong style=\"color:green\">To get this offer use SnapMint at Checkout. <\/strong>\n<\/p>\n<\/div>"}},"text_Uz9T9x":{"type":"text","settings":{"text":"<strong>You'll get Cleanser, Sunscreen, Serum<\/strong>","text_style":"body"}},"text_YXKk9M":{"type":"text","disabled":true,"settings":{"text":"Exclusive price for 3 month supplies","text_style":"subtitle"}},"price":{"type":"price","settings":{}},"rating_p74dnU":{"type":"rating","disabled":true,"settings":{}},"variant_picker":{"type":"variant_picker","disabled":true,"settings":{"picker_type":"button","swatch_shape":"circle"}},"quantity_selector":{"type":"quantity_selector","disabled":true,"settings":{}},"buy_buttons":{"type":"buy_buttons","disabled":true,"settings":{"show_dynamic_checkout":true,"show_gift_card_recipient":true}},"custom_liquid_3fdBCr":{"type":"custom_liquid","disabled":true,"settings":{"custom_liquid":"<p style='font-weight:bold;color:#ffffff'>₹999 X 3  = ₹2997 \/ 3months<\/p>"}}},"block_order":["vendor","title","judge_me_reviews_preview_badge_TM9Qpd","custom_liquid_T7xnDP","text_Uz9T9x","text_YXKk9M","price","rating_p74dnU","variant_picker","quantity_selector","buy_buttons","custom_liquid_3fdBCr"],"custom_css":[".grid__item.product__media-wrapper {display: none;}",".product {justify-content: center;}"],"settings":{"enable_sticky_info":true,"color_scheme":"scheme-5","media_size":"medium","constrain_to_viewport":true,"media_fit":"contain","gallery_layout":"thumbnail_slider","media_position":"left","image_zoom":"none","mobile_thumbnails":"hide","hide_variants":false,"enable_video_looping":false,"padding_top":0,"padding_bottom":16}},"custom_liquid_FHfTk4":{"type":"custom-liquid","settings":{"custom_liquid":"<a class='snapmint_widget'style=\"width:300px;margin:auto;background-color: #000000;text-decoration:none;color:#000851\" href=\"https:\/\/bdd61b-2.myshopify.com\/cart\/add?id=43614211276980&quantity=1\" ><p style=\"width:300px;margin:auto;margin-top:-15px;font-weight:500;text-align:center;padding:1rem;border-radius:1rem;font-family:Noto Sans SB;background-color:#000E8B;color:#ffffff\">Add To Cart<\/p><\/a>","color_scheme":"scheme-5","padding_top":16,"padding_bottom":20}},"custom_liquid_8NYVfT":{"type":"custom-liquid","disabled":true,"custom_css":[],"settings":{"custom_liquid":"<form style='width:250px;margin:auto;margin-top:-15px;background-color: #000000;' method=\"post\" action=\"\/cart\/add\" id=\"product-form-template--17306045907124__main\" accept-charset=\"UTF-8\" class=\"form\" enctype=\"multipart\/form-data\" novalidate=\"novalidate\" data-type=\"add-to-cart-form\"><input type=\"hidden\" name=\"form_type\" value=\"product\"><input type=\"hidden\" name=\"utf8\" value=\"✓\"><input type=\"hidden\" name=\"id\" value=\"43614211276980\" class=\"product-variant-id\"><div class=\"product-form__buttons\"><button style='background-color:#000E8B;color:#ffffff' id=\"ProductSubmitButton-template--17306045907124__main\" type=\"submit\" name=\"add\" class=\"product-form__submit button button--full-width button--secondary\" aria-haspopup=\"dialog\" fdprocessedid=\"xqgo5u\">\n            <span>Add to cart\n<\/span>\n\n<link href=\"\/\/www.reginaldmen.com\/cdn\/shop\/t\/102\/assets\/component-loading-spinner.css?v=116724955567955766481726120372\" rel=\"stylesheet\" type=\"text\/css\" media=\"all\">\n\n<div class=\"loading__spinner hidden\">\n  <svg aria-hidden=\"true\" focusable=\"false\" class=\"spinner\" viewBox=\"0 0 66 66\" xmlns=\"http:\/\/www.w3.org\/2000\/svg\">\n    <circle class=\"path\" fill=\"none\" stroke-width=\"6\" cx=\"33\" cy=\"33\" r=\"30\"><\/circle>\n  <\/svg>\n<\/div>\n<\/button><div data-shopify=\"payment-button\" class=\"shopify-payment-button\"> <shopify-accelerated-checkout recommended=\"null\" fallback=\"{&quot;name&quot;:&quot;buy_it_now&quot;,&quot;wallet_params&quot;:{}}\" access-token=\"78328903bc2e486e74eaf073da31f9a1\" buyer-country=\"IN\" buyer-locale=\"en\" buyer-currency=\"INR\" variant-params=\"[{&quot;id&quot;:43594840342708,&quot;requiresShipping&quot;:true}]\" shop-id=\"63761940660\" requires-shipping=\"\"><shopify-buy-it-now-button access-token=\"78328903bc2e486e74eaf073da31f9a1\" buyer-country=\"IN\" buyer-currency=\"INR\" wallet-params=\"{}\" page-type=\"product\" slot=\"button\" requires-shipping=\"\" call-to-action=\"\"><button type=\"button\" class=\"shopify-payment-button__button shopify-payment-button__button--unbranded\" swc-type=\"buy_now\" style=\"display: none;\">Buy it now<\/button><button type=\"button\" class=\"shopify-payment-button__button shopify-payment-button__button--unbranded swc-btn\" swc-type=\"buy_now\" style=\"pointer-events: auto;\">Buy it now<\/button><\/shopify-buy-it-now-button><\/shopify-accelerated-checkout> <\/div>\n<\/div><input type=\"hidden\" name=\"product-id\" value=\"7851450794164\"><input type=\"hidden\" name=\"section-id\" value=\"template--17306045907124__main\"><\/form>","color_scheme":"scheme-5","padding_top":40,"padding_bottom":20}},"rich_text_6ADhyB":{"type":"rich-text","blocks":{"heading_Y6jG6H":{"type":"heading","settings":{"heading":"Why People","heading_size":"h1"}},"text_7kW9ee":{"type":"text","settings":{"text":"<p>Love Us?<\/p>"}}},"block_order":["heading_Y6jG6H","text_7kW9ee"],"custom_css":[".rich-text__blocks {background: #000000;}",".rich-text__heading {text-align: center; color: #fff; font-size: 56.57px; font-style: normal; font-stretch: semi-condensed; font-weight: 700; line-height: 77%; \/* 34.605px *\/ letter-spacing: -1.798px;}",".rich-text__text {margin-top: 15px; color: #fff; text-align: center; font-family: \"Tiro Devanagari Hindi\"; font-size: 32px; font-style: normal; font-weight: 500; line-height: 77%; \/* 17.366px *\/ letter-spacing: -0.677px;}",".rich-text {background-color: #000000;}"],"settings":{"desktop_content_position":"center","content_alignment":"center","color_scheme":"scheme-5","full_width":true,"padding_top":28,"padding_bottom":40}},"multicolumn_QrLqkd":{"type":"multicolumn","blocks":{"column_xDzcpe":{"type":"column","settings":{"image":"shopify:\/\/shop_images\/Frame_1000004774.png","title":"","text":"","link_label":"","link":""}},"column_XAndMR":{"type":"column","settings":{"image":"shopify:\/\/shop_images\/Group_1000004078.png","title":"","text":"","link_label":"","link":""}},"column_9W79jJ":{"type":"column","settings":{"image":"shopify:\/\/shop_images\/Group_1000004084.png","title":"","text":"","link_label":"","link":""}},"column_rJRtPC":{"type":"column","settings":{"image":"shopify:\/\/shop_images\/Group_1000004076.png","title":"","text":"","link_label":"","link":""}}},"block_order":["column_xDzcpe","column_XAndMR","column_9W79jJ","column_rJRtPC"],"custom_css":[".multicolumn {background-color: #000000; padding-left: 30px;}"],"settings":{"title":"","heading_size":"h1","image_width":"full","image_ratio":"adapt","columns_desktop":4,"column_alignment":"center","background_style":"none","button_label":"","button_link":"","color_scheme":"scheme-5","columns_mobile":"1","swipe_on_mobile":true,"padding_top":0,"padding_bottom":20}},"rich_text_gnMVjR":{"type":"rich-text","blocks":{"heading_HQ8QNL":{"type":"heading","settings":{"heading":"Simple","heading_size":"h1"}},"text_kQYy47":{"type":"text","settings":{"text":"<p>but better<\/p>"}}},"block_order":["heading_HQ8QNL","text_kQYy47"],"custom_css":[".rich-text__blocks {background: #000000;}",".rich-text__heading {text-align: center; color: #fff; font-size: 56.57px; font-style: normal; font-stretch: semi-condensed; font-weight: 700; line-height: 77%; \/* 34.605px *\/ letter-spacing: -1.798px;}",".rich-text__text {margin-top: 6px; color: #fff; text-align: center; font-family: \"Tiro Devanagari Hindi\"; font-size: 28.39px; font-style: normal; font-weight: 400; line-height: 77%; \/* 17.366px *\/ letter-spacing: -0.677px;}",".rich-text {background-color: #000000;}"],"settings":{"desktop_content_position":"center","content_alignment":"center","color_scheme":"scheme-5","full_width":true,"padding_top":16,"padding_bottom":16}},"slideshow_BU63fK":{"type":"slideshow","blocks":{"slide_AJmQ4z":{"type":"slide","settings":{"image":"shopify:\/\/shop_images\/Group_1000006226_1_652c44af-b586-4ead-9974-379bd93309c0.png","heading":"","heading_size":"h1","subheading":"","button_label":"","link":"","button_style_secondary":false,"box_align":"middle-center","show_text_box":false,"text_alignment":"center","image_overlay_opacity":0,"color_scheme":"scheme-5","text_alignment_mobile":"center"}}},"block_order":["slide_AJmQ4z"],"custom_css":["slideshow-component {margin-top: 0px; margin-bottom: -5px; background-color: #000000;}","@media only screen and (min-width: 600px) {}"],"settings":{"layout":"full_bleed","slide_height":"adapt_image","slider_visual":"counter","auto_rotate":false,"change_slides_speed":5,"image_behavior":"none","show_text_below":false,"accessibility_info":"Slideshow about our brand"}},"custom_liquid_aJLwzJ":{"type":"custom-liquid","disabled":true,"custom_css":[".form {background-color: #000000;}"],"settings":{"custom_liquid":"<a class='snapmint_widget'style=\"width:300px;margin:auto;background-color: #000000;text-decoration:none;color:#000851\" href=\"https:\/\/bdd61b-2.myshopify.com\/cart\/add?id=43614211276980&quantity=1\" ><p style=\"width:300px;margin:auto;margin-top:-15px;font-weight:500;text-align:center;padding:1rem;border-radius:1rem;font-family:Noto Sans SB;background-color:#000E8B;color:#ffffff\">Add To Cart<\/p><\/a>","color_scheme":"scheme-5","padding_top":36,"padding_bottom":20}},"collapsible_content_TP9TMJ":{"type":"collapsible-content","blocks":{"collapsible_row_jjHdU7":{"type":"collapsible_row","settings":{"heading":"Key Ingredients","icon":"none","row_content":"<p><strong>Apollo - Brightening Face & Beard Wash <\/strong><\/p><ul><li><strong>Hyaluronic Acid:<\/strong> Sourced from Derry, USA. Hydrates the Skin. Fine line reduction. Intense moisturization. <\/li><li><strong>Panthenol:<\/strong> Sourced from Switzerland. Also known as pro-vitamin B5, that hydrates and soothes the skin from day 4. It improves skin barrier function, reduces water loss, and promotes overall skin health and resilience. <\/li><li><strong>Cranberry Enzyme:<\/strong> Sourced from France. Has exfoliating properties that gently removes dead skin cells, unclog pores, and promote a brighter complexion. They can also have antioxidant benefits, protecting the skin from environmental damage.<\/li><li><strong>Allantoin:<\/strong> Sourced from Switzerland. Helps to calm irritated skin, reduce redness, and promote skin regeneration. It improves skin texture and overall appearance from week <\/li><\/ul><p><strong>2.Hermes-All-In-One-Serum<\/strong><\/p><ul><li><strong>Potassium Azeloyl Diglycinate:<\/strong> Sourced from Korea -Hyperpigmentation, Redness, Excess oil Production<\/li><li><strong>Succinic Acid: <\/strong>Sourced from Spain - Fights acne-causing bacteria, Inflammation, Reduces Skin texture<\/li><li><strong>Betaine:<\/strong> Sourced from Finland - Hydration, Enhances elasticity, Soothes dry, irritated skin<\/li><li><strong>Alpha Arbutin:<\/strong> Sourced from China - lnhibits melanin production, Targets dark spots dipotassium<\/li><\/ul><p><strong>3.Helios - Moisturizing Sunscreen<\/strong><\/p><ul><li><strong>Cica Extract:<\/strong> Sourced from Korea Reduces redness, inflammation, Suitable for sensitive or easily irritated skin types <\/li><li><strong>Urea:<\/strong> Sourced from Germany. Intense hydration of skin, Exfoliation. <\/li><li><strong>Kojic Acid Dipalmitate: <\/strong>Sourced from China. Reduces dark spots, Hyperpigmentation, Brightens Skin & Reduces <\/li><li><strong>Tan Nano Glycerin:<\/strong> Sourced from Sweden Maintains skin moisture levels, Prevent dryness, Improve skin texture<\/li><\/ul>","page":""}},"collapsible_row_cVkAcn":{"type":"collapsible_row","settings":{"heading":"How to use","icon":"none","row_content":"<p><strong>Step 1 - Cleanse with Apollo - Brightening Face & Beard Wash<\/strong><\/p><ul><li>Wet your face and beard with lukewarm water.<\/li><li>Pump a small amount of facewash into your hands and lather.<\/li><li>Gently massage the cleanser onto your face and beard.<\/li><li>Rinse thoroughly with lukewarm water.<\/li><li>Pat your face and beard dry with a clean towel.<\/li><\/ul><p><strong>Step 2 - Treat with Hermes - All In One Serum <\/strong><\/p><ul><li>Just 3-4 drops are all you need. <\/li><li>Make sure your hands are clean- avoid dirty fingers before using.<\/li><li>Drop the serum onto your face and gently massage it. <\/li><li>Don’t forget your beard—get those corners too.<\/li><li> It absorbs in just a minute. Seal this serum with a good moisturizer, and you’re all set. Use it twice a day, morning and night, for best results. Easy routine, but effective!<\/li><\/ul><p><strong>Step 3 - Protect with Helios - Moisturizing Sunscreen<\/strong><\/p><ul><li>Take a generous amount of sunscreen, about a 2 finger amount for your face and 1 finger amount on your neck.<\/li><li>Dot it on all over your face and neck. <\/li><li>Spread the sunscreen evenly over your entire face, including your neck <\/li><li>Using your fingertips to gently massage it in until fully absorbed. <\/li><li>Allow the sunscreen to set and dry for a few minutes before applying <\/li><li>For optimal protection, reapply every 2 hours if you’re outdoors, especially after sweating or swimming. <\/li><li>Remember to use sunscreen daily, even on cloudy days or when indoors near windows.<\/li><\/ul>","page":""}},"collapsible_row_Hwy4y4":{"type":"collapsible_row","settings":{"heading":"Skin Feels & Aroma","icon":"none","row_content":"<p><strong>Apollo - Brightening Face & Beard Wash<\/strong><\/p><ul><li><strong>What does it feel like?<\/strong><br\/>Our facewash has a water-like consistency and lathers easily.<\/li><\/ul><p><\/p><ul><li><strong>What does it smell like?<\/strong><br\/>Our facewash has a natural earthy and musky smell from the cranberry enzyme we use. We avoid adding fragrances to our products because they can cause irritation.<\/li><\/ul><p><strong>Hermes - All-In-One-Serum<\/strong><\/p><ul><li><strong>What does it feel like?<\/strong><br\/>Water - Due to its particular unique water technology formulation, which is formulated for men's preferences, it absorbs more quickly and leaves no oily or sticky<\/li><li><strong>What does it smell like?<\/strong><br\/>Our serum has a gasoline-like scent, although we haven't incorporated any fragrances due to their potential to cause irritations. We prioritize effectiveness over aesthetics, ensuring that our serum surpasses other products on the market in terms of performance and results<br\/><\/li><\/ul><p><strong>Helios - Moisturizing Sunscreen<\/strong><\/p><ul><li><strong>What does it feel like?<\/strong><br\/>Our sunscreen has a light, creamy texture that absorbs into the skin within seconds as it is formulated with lightweight encapsulation technology.<\/li><\/ul><p><\/p><ul><li><strong>What does it smell like?<\/strong><br\/>By default, our sunscreen is fragrance-free, but it may have a subtle, fresh scent due to the cica extract.<\/li><\/ul>","page":""}}},"block_order":["collapsible_row_jjHdU7","collapsible_row_cVkAcn","collapsible_row_Hwy4y4"],"custom_css":["h3 {font-size: 20px;}",".accordion {background-color: rgb(0, 0, 0); \/* backdrop-filter: blur(10px); *\/ border-bottom: 0.5px solid #fff; border-top: 0.5px solid #fff;}",".collapsible-content {margin-top: -10px; background-color: #000000; padding: 0px 30px 0px 30px;}"],"settings":{"caption":"","heading":"","heading_size":"h1","heading_alignment":"center","layout":"none","color_scheme":"scheme-5","container_color_scheme":"scheme-5","open_first_collapsible_row":false,"image_ratio":"adapt","desktop_layout":"image_second","padding_top":44,"padding_bottom":44}},"rich_text_tADMeR":{"type":"rich-text","blocks":{"heading_xptgmQ":{"type":"heading","settings":{"heading":"Works Well","heading_size":"h1"}},"text_VHMkqz":{"type":"text","settings":{"text":"<p>If Combined Together<\/p>"}}},"block_order":["heading_xptgmQ","text_VHMkqz"],"disabled":true,"custom_css":[".rich-text__blocks {background: #000000;}",".rich-text__heading {text-align: center; color: #fff; font-size: 56.57px; font-style: normal; font-stretch: semi-condensed; font-weight: 700; line-height: 77%; \/* 34.605px *\/ letter-spacing: -1.798px;}",".rich-text__text {margin-top: 6px; color: #fff; text-align: center; font-family: \"Tiro Devanagari Hindi\"; font-size: 28.39px; font-style: normal; font-weight: 400; line-height: 77%; \/* 17.366px *\/ letter-spacing: -0.677px;}",".rich-text {background-color: #000000;}"],"settings":{"desktop_content_position":"center","content_alignment":"center","color_scheme":"scheme-5","full_width":true,"padding_top":56,"padding_bottom":12}},"featured_collection_xNq3Ky":{"type":"featured-collection","disabled":true,"custom_css":["button {color: #ffffff; font-weight: bold; background-color: black; border: 1px solid #ffffff;}",".collection {background-color: #000000;}"],"settings":{"title":"","heading_size":"h1","description":"","show_description":false,"description_style":"body","collection":"serum","products_to_show":2,"columns_desktop":3,"full_width":false,"show_view_all":true,"view_all_style":"solid","enable_desktop_slider":false,"color_scheme":"scheme-5","image_ratio":"adapt","image_shape":"default","show_secondary_image":false,"show_vendor":false,"show_rating":false,"enable_quick_add":true,"columns_mobile":"2","swipe_on_mobile":true,"padding_top":12,"padding_bottom":24}},"slideshow_7dqHRq":{"type":"slideshow","blocks":{"slide_6LtCmN":{"type":"slide","settings":{"image":"shopify:\/\/shop_images\/Group_1000006236_1_a1757391-88b1-4bb6-a710-9a35d66f09e2.png","heading":"","heading_size":"h1","subheading":"","button_label":"","link":"","button_style_secondary":false,"box_align":"middle-center","show_text_box":false,"text_alignment":"center","image_overlay_opacity":0,"color_scheme":"scheme-5","text_alignment_mobile":"center"}}},"block_order":["slide_6LtCmN"],"custom_css":[".slideshow {margin-top: -10px;}"],"settings":{"layout":"full_bleed","slide_height":"adapt_image","slider_visual":"counter","auto_rotate":false,"change_slides_speed":5,"image_behavior":"none","show_text_below":false,"accessibility_info":"Slideshow about our brand"}},"custom_liquid_mcEN8Q":{"type":"custom-liquid","disabled":true,"custom_css":[],"settings":{"custom_liquid":"<a class='snapmint_widget'style=\"width:300px;margin:auto;background-color: #000000;text-decoration:none;color:#000851\" href=\"https:\/\/bdd61b-2.myshopify.com\/cart\/add?id=43614211276980&quantity=1\" ><p style=\"width:300px;margin:auto;margin-top:-15px;font-weight:500;text-align:center;padding:1rem;border-radius:1rem;font-family:Noto Sans SB;background-color:#000E8B;color:#ffffff\">Add To Cart<\/p><\/a>","color_scheme":"scheme-5","padding_top":32,"padding_bottom":0}},"custom_liquid_KcCGVj":{"type":"custom-liquid","settings":{"custom_liquid":"<form style='width:250px;margin:auto;margin-top:-15px;background-color: #000000;' method=\"post\" action=\"\/cart\/add\" id=\"product-form-template--17306045907124__main\" accept-charset=\"UTF-8\" class=\"form\" enctype=\"multipart\/form-data\" novalidate=\"novalidate\" data-type=\"add-to-cart-form\"><input type=\"hidden\" name=\"form_type\" value=\"product\"><input type=\"hidden\" name=\"utf8\" value=\"✓\"><input type=\"hidden\" name=\"id\" value=\"43614211276980\" class=\"product-variant-id\"><div class=\"product-form__buttons\"><button style='background-color:#000E8B;color:#ffffff' id=\"ProductSubmitButton-template--17306045907124__main\" type=\"submit\" name=\"add\" class=\"product-form__submit button button--full-width button--secondary\" aria-haspopup=\"dialog\" fdprocessedid=\"xqgo5u\">\n            <span>Add to cart\n<\/span>\n\n<link href=\"\/\/www.reginaldmen.com\/cdn\/shop\/t\/102\/assets\/component-loading-spinner.css?v=116724955567955766481726120372\" rel=\"stylesheet\" type=\"text\/css\" media=\"all\">\n\n<div class=\"loading__spinner hidden\">\n  <svg aria-hidden=\"true\" focusable=\"false\" class=\"spinner\" viewBox=\"0 0 66 66\" xmlns=\"http:\/\/www.w3.org\/2000\/svg\">\n    <circle class=\"path\" fill=\"none\" stroke-width=\"6\" cx=\"33\" cy=\"33\" r=\"30\"><\/circle>\n  <\/svg>\n<\/div>\n<\/button><div data-shopify=\"payment-button\" class=\"shopify-payment-button\"> <shopify-accelerated-checkout recommended=\"null\" fallback=\"{&quot;name&quot;:&quot;buy_it_now&quot;,&quot;wallet_params&quot;:{}}\" access-token=\"78328903bc2e486e74eaf073da31f9a1\" buyer-country=\"IN\" buyer-locale=\"en\" buyer-currency=\"INR\" variant-params=\"[{&quot;id&quot;:43594840342708,&quot;requiresShipping&quot;:true}]\" shop-id=\"63761940660\" requires-shipping=\"\"><shopify-buy-it-now-button access-token=\"78328903bc2e486e74eaf073da31f9a1\" buyer-country=\"IN\" buyer-currency=\"INR\" wallet-params=\"{}\" page-type=\"product\" slot=\"button\" requires-shipping=\"\" call-to-action=\"\"><button type=\"button\" class=\"shopify-payment-button__button shopify-payment-button__button--unbranded\" swc-type=\"buy_now\" style=\"display: none;\">Buy it now<\/button><button type=\"button\" class=\"shopify-payment-button__button shopify-payment-button__button--unbranded swc-btn\" swc-type=\"buy_now\" style=\"pointer-events: auto;\">Buy it now<\/button><\/shopify-buy-it-now-button><\/shopify-accelerated-checkout> <\/div>\n<\/div><input type=\"hidden\" name=\"product-id\" value=\"7851450794164\"><input type=\"hidden\" name=\"section-id\" value=\"template--17306045907124__main\"><\/form>","color_scheme":"scheme-5","padding_top":40,"padding_bottom":52}},"slideshow_NcnWLE":{"type":"slideshow","blocks":{"slide_rG7cEF":{"type":"slide","settings":{"image":"shopify:\/\/shop_images\/Group_1000006243.png","heading":"","heading_size":"h1","subheading":"","button_label":"","link":"","button_style_secondary":false,"box_align":"middle-center","show_text_box":false,"text_alignment":"center","image_overlay_opacity":0,"color_scheme":"scheme-5","text_alignment_mobile":"center"}}},"block_order":["slide_rG7cEF"],"disabled":true,"settings":{"layout":"full_bleed","slide_height":"adapt_image","slider_visual":"counter","auto_rotate":false,"change_slides_speed":3,"image_behavior":"none","show_text_below":false,"accessibility_info":""}},"rich_text_tWddpc":{"type":"rich-text","blocks":{"heading_8DDkiK":{"type":"heading","settings":{"heading":"Results","heading_size":"hxl"}},"text_gPWKwx":{"type":"text","settings":{"text":"<p>Journey<\/p>"}}},"block_order":["heading_8DDkiK","text_gPWKwx"],"disabled":true,"custom_css":[".rich-text__heading {text-align: center; color: #fff; font-size: 56.57px; font-style: normal; font-stretch: semi-condensed; font-weight: 700; line-height: 77%; \/* 34.605px *\/ letter-spacing: -1.798px;}",".rich-text__text {margin-top: 6px; color: #fff; text-align: center; font-family: \"Tiro Devanagari Hindi\"; font-size: 28.39px; font-style: normal; font-weight: 400; line-height: 77%; \/* 17.366px *\/ letter-spacing: -0.677px;}",".rich-text {background-color: #000000;}"],"settings":{"desktop_content_position":"center","content_alignment":"center","color_scheme":"scheme-5","full_width":true,"padding_top":56,"padding_bottom":32}},"1726837877ded32852":{"type":"apps","blocks":{"judge_me_reviews_review_widget_37NJiC":{"type":"shopify:\/\/apps\/judge-me-reviews\/blocks\/review_widget\/61ccd3b1-a9f2-4160-9fe9-4fec8413e5d8","settings":{}}},"block_order":["judge_me_reviews_review_widget_37NJiC"],"disabled":true,"custom_css":["#shopify-block-judge_me_reviews_review_widget_37NJiC {background-color: #000;}"],"settings":{"include_margins":true}},"slideshow_QETVaK":{"type":"slideshow","blocks":{"slide_4hAT8U":{"type":"slide","settings":{"image":"shopify:\/\/shop_images\/Group_1000004215_1.png","heading":"","heading_size":"h1","subheading":"","button_label":"","link":"","button_style_secondary":false,"box_align":"middle-center","show_text_box":false,"text_alignment":"center","image_overlay_opacity":0,"color_scheme":"scheme-5","text_alignment_mobile":"center"}}},"block_order":["slide_4hAT8U"],"custom_css":[],"settings":{"layout":"full_bleed","slide_height":"adapt_image","slider_visual":"counter","auto_rotate":false,"change_slides_speed":5,"image_behavior":"none","show_text_below":false,"accessibility_info":"Slideshow about our brand"}},"related-products":{"type":"related-products","disabled":true,"settings":{"heading":"You may also like","heading_size":"h2","products_to_show":4,"columns_desktop":4,"color_scheme":"scheme-1","image_ratio":"square","image_shape":"default","show_secondary_image":true,"show_vendor":false,"show_rating":false,"columns_mobile":"2","padding_top":36,"padding_bottom":28}}},"order":["multicolumn_ikki4B","custom_liquid_Lkrxck","main","custom_liquid_FHfTk4","custom_liquid_8NYVfT","rich_text_6ADhyB","multicolumn_QrLqkd","rich_text_gnMVjR","slideshow_BU63fK","custom_liquid_aJLwzJ","collapsible_content_TP9TMJ","rich_text_tADMeR","featured_collection_xNq3Ky","slideshow_7dqHRq","custom_liquid_mcEN8Q","custom_liquid_KcCGVj","slideshow_NcnWLE","rich_text_tWddpc","1726837877ded32852","slideshow_QETVaK","related-products"]}