{"sections":{"custom_liquid_cWrRkz":{"type":"custom-liquid","settings":{"custom_liquid":"<div class=\"p_head\" class=\"p_head\" style=\"padding: 0px 10px\">\n      <h3 style=\"margin: 10px 0; padding: 0 8px\">\n        6X Better than most Salicylic & Vit C serums\n      <\/h3>\n      <div\n        style=\"\n          display: flex;\n          flex-wrap: wrap;\n          gap: 4px;\n          font-size: 11px;\n          margin: 0 auto;\n          padding: 0 6px;\n        \">\n        <span\n          style=\"\n            display: flex;\n            align-items: center;\n            gap: 0.4rem;\n            background-color: white;\n            color: #010118;\n            font-weight: 600;\n            padding: 5px 10px;\n            border-radius: 25px;\n          \"\n          ><svg\n            xmlns=\"http:\/\/www.w3.org\/2000\/svg\"\n            fill=\"#000000\"\n            width=\"20px\"\n            height=\"20px\"\n            viewBox=\"0 0 24 24\">\n            <path\n              d=\"M12,2A10,10,0,1,0,22,12,10,10,0,0,0,12,2Zm5.676,8.237-6,5.5a1,1,0,0,1-1.383-.03l-3-3a1,1,0,1,1,1.414-1.414l2.323,2.323,5.294-4.853a1,1,0,1,1,1.352,1.474Z\" \/>\n          <\/svg>\n          Both for Skin & Beard health<\/span\n        >\n        <span\n          style=\"\n            display: flex;\n            align-items: center;\n            gap: 0.4rem;\n            background-color: white;\n            color: #010118;\n            font-weight: 600;\n            padding: 5px 10px;\n            border-radius: 25px;\n          \"\n          ><svg\n            xmlns=\"http:\/\/www.w3.org\/2000\/svg\"\n            fill=\"#000000\"\n            width=\"20px\"\n            height=\"20px\"\n            viewBox=\"0 0 24 24\">\n            <path\n              d=\"M12,2A10,10,0,1,0,22,12,10,10,0,0,0,12,2Zm5.676,8.237-6,5.5a1,1,0,0,1-1.383-.03l-3-3a1,1,0,1,1,1.414-1.414l2.323,2.323,5.294-4.853a1,1,0,1,1,1.352,1.474Z\" \/>\n          <\/svg>\n          1 fix for all problems<\/span\n        >\n        <span\n          style=\"\n            display: flex;\n            align-items: center;\n            gap: 0.4rem;\n            background-color: white;\n            color: #010118;\n            font-weight: 600;\n            padding: 5px 10px;\n            border-radius: 25px;\n          \"\n          ><svg\n            xmlns=\"http:\/\/www.w3.org\/2000\/svg\"\n            fill=\"#000000\"\n            width=\"20px\"\n            height=\"20px\"\n            viewBox=\"0 0 24 24\">\n            <path\n              d=\"M12,2A10,10,0,1,0,22,12,10,10,0,0,0,12,2Zm5.676,8.237-6,5.5a1,1,0,0,1-1.383-.03l-3-3a1,1,0,1,1,1.414-1.414l2.323,2.323,5.294-4.853a1,1,0,1,1,1.352,1.474Z\" \/>\n          <\/svg>\n          Multi Functional Product<\/span\n        >\n        <span\n          style=\"\n            display: flex;\n            align-items: center;\n            gap: 0.4rem;\n            background-color: white;\n            color: #010118;\n            font-weight: 600;\n            padding: 5px 10px;\n            border-radius: 25px;\n          \"\n          ><svg\n            xmlns=\"http:\/\/www.w3.org\/2000\/svg\"\n            fill=\"#000000\"\n            width=\"20px\"\n            height=\"20px\"\n            viewBox=\"0 0 24 24\">\n            <path\n              d=\"M12,2A10,10,0,1,0,22,12,10,10,0,0,0,12,2Zm5.676,8.237-6,5.5a1,1,0,0,1-1.383-.03l-3-3a1,1,0,1,1,1.414-1.414l2.323,2.323,5.294-4.853a1,1,0,1,1,1.352,1.474Z\" \/>\n          <\/svg>\n          Clinically Proven\n        <\/span>\n      <\/div>\n    <\/div>","color_scheme":"scheme-3","padding_top":20,"padding_bottom":0}},"main":{"type":"main-product","blocks":{"vendor":{"type":"text","disabled":true,"settings":{"text":"{{ product.vendor }}","text_style":"uppercase"}},"title":{"type":"title","settings":{}},"description_NgBdxD":{"type":"description","disabled":true,"settings":{}},"rating_p74dnU":{"type":"rating","disabled":true,"settings":{}},"judge_me_reviews_preview_badge_bKUJ8x":{"type":"shopify:\/\/apps\/judge-me-reviews\/blocks\/preview_badge\/61ccd3b1-a9f2-4160-9fe9-4fec8413e5d8","disabled":true,"settings":{}},"custom_liquid_4QTAbM":{"type":"custom_liquid","settings":{"custom_liquid":"<div id=\"shopify-block-judge_me_reviews_preview_badge_bKUJ8x\" class=\"shopify-block shopify-app-block\"><div class=\"jdgm-widget jdgm-preview-badge jdgm-preview-badge--with-link jdgm--done-setup\" data-id=\"7517413638324\" data-template=\"manual-installation\">\n  <div style=\"display:none\" class=\"jdgm-prev-badge\" data-average-rating=\"4.12\" data-number-of-reviews=\"83\" data-number-of-questions=\"0\"> <span class=\"jdgm-prev-badge__stars\" data-score=\"4.12\" tabindex=\"0\" aria-label=\"4.12 stars\" role=\"button\"> <span class=\"jdgm-star jdgm--on\"><\/span><span class=\"jdgm-star jdgm--on\"><\/span><span class=\"jdgm-star jdgm--on\"><\/span><span class=\"jdgm-star jdgm--on\"><\/span><span class=\"jdgm-star jdgm--off\"><\/span> <\/span> <span class=\"jdgm-prev-badge__text\">[4.12] - 83 reviews<\/span> <\/div>\n<\/div>\n\n\n\n\n<\/div>"}},"custom_liquid_8NnBBz":{"type":"custom_liquid","settings":{"custom_liquid":"<p style=\"margin:0;padding-bottom:15px;text-transform:capitalize;font-family:Noto Sans R\"><span style=\"color:white;font-family:Noto Sans SB\">319+<\/span> units sold<\/p>"}},"price":{"type":"price","settings":{}},"custom_liquid_g7eGXh":{"type":"custom_liquid","disabled":true,"settings":{"custom_liquid":"<div style=\"font-size:2.4rem;carousel:pointer\"><h2>Payday Offers<\/h2><\/div>\n<div  style=\"margin-top:20px;font-size:1.3rem;font-family:Noto Sans R; padding:20px;line-height:22px;padding:5px;background-color: rgb(255, 255, 255);color:#202067;border-radius:10px;\">\n<p style=\"margin:10px 20px\"><svg fill=\"#000000\" height=\"12px\" width=\"12px\" version=\"1.1\" xmlns=\"http:\/\/www.w3.org\/2000\/svg\" viewBox=\"0 0 512 512\" xmlns:xlink=\"http:\/\/www.w3.org\/1999\/xlink\" enable-background=\"new 0 0 512 512\"><g id=\"SVGRepo_bgCarrier\" stroke-width=\"0\"><\/g><g id=\"SVGRepo_tracerCarrier\" stroke-linecap=\"round\" stroke-linejoin=\"round\"><\/g><g id=\"SVGRepo_iconCarrier\"> <g> <path d=\"m368.4,90.3c-30.3,0-54.9,24.6-54.9,54.9s24.6,54.9 54.9,54.9c30.3,0 54.9-24.6 54.9-54.9s-24.6-54.9-54.9-54.9zm0,69.1c-7.8,0-14.2-6.3-14.2-14.2s6.3-14.2 14.2-14.2c7.8,0 14.2,6.3 14.2,14.2s-6.4,14.2-14.2,14.2z\"><\/path> <path d=\"m54.4,312.2l142.4,144.5 262.8-259-22.9-119.7-119.4-24.8-262.9,259h2.13163e-14zm142.4,188c-9.2,0-17.9-3.6-24.4-10.2l-151.6-153.9c-13.2-13.4-13.1-35.1 0.4-48.4l270-266c8.1-8 19.9-11.5 31-9.1l127,26.4c13.6,2.8 24,13.5 26.7,27.1l24.5,127.4c2.2,11.3-1.4,22.8-9.6,30.9l-270,266c-6.4,6.3-15,9.8-24,9.8z\"><\/path> <\/g> <\/g><\/svg> Buy Serum and Sunscreen for <strong>₹1299.<\/strong>   (Use Code:<strong class=\"copyCode\" style=\"cursor: pointer;\"> <svg xmlns=\"http:\/\/www.w3.org\/2000\/svg\" width=\"12px\" height=\"12px\" viewBox=\"0 0 20 20\" fill=\"none\">\n  <path fill=\"#000000\" fill-rule=\"evenodd\" d=\"M4 2a2 2 0 00-2 2v9a2 2 0 002 2h2v2a2 2 0 002 2h9a2 2 0 002-2V8a2 2 0 00-2-2h-2V4a2 2 0 00-2-2H4zm9 4V4H4v9h2V8a2 2 0 012-2h5zM8 8h9v9H8V8z\"\/>\n<\/svg> SUNFREE<\/strong>) and <strong style=\"color:green\">save ₹850<\/strong><br> \n<\/p>\n\n <p id=\"copyMessage\" style=\"display: none;padding:5px 20px;font-family:Noto Sans B;color:green;margin:0;\">Text copied to clipboard!<\/p>\n<\/div>"}},"custom_liquid_zcin4C":{"type":"custom_liquid","disabled":true,"settings":{"custom_liquid":"<p style=\"font-size:1.2rem;font-family:Noto Sans R;line-height:22px;padding-top:10px\">You asked for it so we did it - <\/br><span style=\"color:white;font-size:1.9rem;text-transform:capitalize;font-family:Noto Sans SB\">serum now available with fragrance :<\/span><\/p>"}},"variant_picker":{"type":"variant_picker","disabled":true,"settings":{"picker_type":"button","swatch_shape":"circle"}},"custom_liquid_d6hGcw":{"type":"custom_liquid","disabled":true,"settings":{"custom_liquid":"<div class=\"\">\n<ul style=\"margin:0;text-transform:capitalize;font-size:1rem;list-style:none;margin-left:-2rem\">\n<li>*IFRA tested fragrance<\/li>\n<li>**Choose Witout fragrance - for sensitive skin<\/li>\n<\/ul>\n<\/div>"}},"quantity_selector":{"type":"quantity_selector","disabled":true,"settings":{}},"buy_buttons":{"type":"buy_buttons","settings":{"show_dynamic_checkout":true,"show_gift_card_recipient":true}},"judge_me_reviews_preview_badge_TM9Qpd":{"type":"shopify:\/\/apps\/judge-me-reviews\/blocks\/preview_badge\/61ccd3b1-a9f2-4160-9fe9-4fec8413e5d8","disabled":true,"settings":{}}},"block_order":["vendor","title","description_NgBdxD","rating_p74dnU","judge_me_reviews_preview_badge_bKUJ8x","custom_liquid_4QTAbM","custom_liquid_8NnBBz","price","custom_liquid_g7eGXh","custom_liquid_zcin4C","variant_picker","custom_liquid_d6hGcw","quantity_selector","buy_buttons","judge_me_reviews_preview_badge_TM9Qpd"],"custom_css":[],"settings":{"enable_sticky_info":true,"color_scheme":"scheme-3","media_size":"medium","constrain_to_viewport":true,"media_fit":"contain","gallery_layout":"thumbnail_slider","media_position":"left","image_zoom":"none","mobile_thumbnails":"hide","hide_variants":false,"enable_video_looping":false,"padding_top":20,"padding_bottom":32}},"ss_scrolling_announcement_bar_fmbKGc":{"type":"ss-scrolling-announcement-bar","blocks":{"text_DWrjjw":{"type":"text","settings":{"text":"Hypoallergenic"}},"text_cbfRgT":{"type":"text","settings":{"text":"Dermatologically Tested"}},"text_emaFrV":{"type":"text","disabled":true,"settings":{"text":"Fragrance Free"}},"text_KTRNCB":{"type":"text","settings":{"text":"Essential Oil Free"}},"text_eHWK8a":{"type":"text","settings":{"text":"Clinically Proven"}},"text_Kr3a7B":{"type":"text","settings":{"text":"Non Comedogenic"}}},"block_order":["text_DWrjjw","text_cbfRgT","text_emaFrV","text_KTRNCB","text_eHWK8a","text_Kr3a7B"],"custom_css":[".ss-announcement-bar__message li {font-family: \"Noto Sans B\";}"],"settings":{"insert_css_class_target":"","text_size":14,"ss_font_family":"montserrat_n4","link":"","animation_duration":70,"animation_direction":"right","pause_hover":true,"bg":"#ffffff","text_color":"#040c44","hover_opacity":90,"padding_horizontal":0,"padding_vertical":2}},"ss_feature_1_mJJxay":{"type":"ss-feature-1","blocks":{"image_D87QiL":{"type":"image","settings":{"feature_title":"4k+ Happy Customers","feature_text":"","feature_image":"shopify:\/\/shop_images\/review.png","feature_url":"","hide_image":false}},"image_cF6Hhd":{"type":"image","settings":{"feature_title":"Secure Payment Options","feature_text":"","feature_image":"shopify:\/\/shop_images\/credit-card.png","feature_url":"","hide_image":false}},"image_z8zy7c":{"type":"image","settings":{"feature_title":"On Time Delivery","feature_text":"","feature_image":"shopify:\/\/shop_images\/delivery-truck.png","feature_url":"","hide_image":false}}},"block_order":["image_D87QiL","image_cF6Hhd","image_z8zy7c"],"settings":{"feature_row":3,"feature_row_mobile":3,"feature_gap":24,"feature_gap_mobile":20,"feature_padding_vertical":0,"feature_padding_horizontal":0,"feature_radius":0,"feature_border_thickness":0,"feature_shadow":false,"feature_heading_custom":true,"feature_heading_font":"josefin_sans_n4","feature_heading_size":16,"feature_heading_size_mobile":12,"feature_heading_height":100,"feature_heading_mt":4,"feature_text_custom":false,"feature_text_font":"josefin_sans_n4","feature_text_size":10,"feature_text_size_mobile":10,"feature_text_height":80,"feature_text_mt":0,"feature_icon_size":40,"feature_icon_size_mobile":40,"feature_bg":"#121239","feature_border_color":"#000000","feature_shadow_color":"#000000","feature_heading_color":"#ffffff","feature_text_color":"#ffffff","feature_icon_color":"#ffffff","background_color":"#121239","background_gradient":"","border_color":"#ffffff","margin_top":0,"margin_bottom":0,"padding_top":40,"padding_bottom":40,"padding_horizontal":24,"padding_horizontal_mobile":2,"full_width":true,"content_width":0,"border_thickness":0,"lazy":true}},"ss_countdown_bar_pd4nUc":{"type":"ss-countdown-bar","blocks":{"text_aBdUUc":{"type":"text","settings":{"heading":"Hurry up offer ending Today!","color":"#121239","font_size":28}},"timer_rwQtXa":{"type":"timer","settings":{"year":"2024","month":"06","day":"19","hour":"02","minute":"00","hide_timer_on_completed":true,"color":"#121239","font_size_number":28,"font_size_text":20}}},"block_order":["text_aBdUUc","timer_rwQtXa"],"disabled":true,"settings":{"target_selector":"","use_cross":false,"background-color":"#ffffff"}},"rich_text_tWddpc":{"type":"rich-text","blocks":{"heading_8DDkiK":{"type":"heading","settings":{"heading":"Check the","heading_size":"h1"}},"text_gPWKwx":{"type":"text","settings":{"text":"<p>Results<\/p>"}}},"block_order":["heading_8DDkiK","text_gPWKwx"],"custom_css":[".rich-text__blocks {background: #121239;}",".rich-text__heading {text-align: center; color: #fff; font-size: 43.942px; font-style: normal; font-stretch: semi-condensed; font-weight: 700; line-height: 77%; \/* 34.605px *\/ letter-spacing: -1.798px;}",".rich-text__text {margin-top: 6px; color: #fff; text-align: center; font-family: \"Tiro Devanagari Hindi\"; font-size: 22.554px; font-style: normal; font-weight: 400; line-height: 77%; \/* 17.366px *\/ letter-spacing: -0.677px;}"],"settings":{"desktop_content_position":"center","content_alignment":"center","color_scheme":"scheme-3","full_width":true,"padding_top":40,"padding_bottom":20}},"multicolumn_QrLqkd":{"type":"multicolumn","blocks":{"column_8Wajag":{"type":"column","settings":{"image":"shopify:\/\/shop_images\/Frame_1000004775_674108e4-a611-4478-afee-2b9811bb829c.png","title":"","text":"","link_label":"","link":""}},"column_XAndMR":{"type":"column","settings":{"image":"shopify:\/\/shop_images\/Frame_1000004773_4a0e7be9-dee5-49d4-8da7-37f296bcc041.png","title":"","text":"","link_label":"","link":""}},"column_H9mHUX":{"type":"column","disabled":true,"settings":{"image":"shopify:\/\/shop_images\/Group_1000004039.png","title":"","text":"","link_label":"","link":""}},"column_WW6mmt":{"type":"column","settings":{"image":"shopify:\/\/shop_images\/Frame_1000004774_ddd87ff2-5220-478a-94d8-798d0eabfb04.png","title":"","text":"","link_label":"","link":""}}},"block_order":["column_8Wajag","column_XAndMR","column_H9mHUX","column_WW6mmt"],"settings":{"title":"","heading_size":"h1","image_width":"full","image_ratio":"adapt","columns_desktop":3,"column_alignment":"center","background_style":"none","button_label":"","button_link":"","color_scheme":"scheme-3","columns_mobile":"1","swipe_on_mobile":true,"padding_top":0,"padding_bottom":20}},"collapsible_content_TMmbYb":{"type":"collapsible-content","blocks":{"collapsible_row_yEAbh4":{"type":"collapsible_row","settings":{"heading":"Active Ingredient List","icon":"none","row_content":"<p><strong>Potassium Azeloyl Diglycinate:  <\/strong>Sourced from KoreaHyperpigmentation , Redness , Excess oil production<\/p><p><strong>Niacinamide:<\/strong> Sourced from USAStrengthens skin barrier , Improves skin texture <\/p><p><strong>Succinic Acid:<\/strong>  Sourced from SpainFights acne-causing bacteria , Inflammation , Reduces Skin Texture<\/p><p><strong>Betaine:<\/strong> Sourced from FinlandHydration , Enhances elasticity , Soothes dry, irritated skin Alpha Arbutin: Sourced from ChinaInhibits melanin production , Targets dark spots Dipotassium<\/p><p><strong>Glycyrrhizate: <\/strong>Sourced from ChinaAntioxidant better than Vitamin C , Anti Ageing , Brightening <\/p><p><strong>Ictasol: <\/strong>Sourced from GermanyAnti Inflammatory , Anti Acne , Better than Salicylic Acid Sorbitol: Sourced from GermanyHydration for 24 hrs , No fine linesPolylysine: Sourced from FranceAntimicrobial properties , Skin Repair  <\/p><p><strong>Glyceryl Glucoside:<\/strong> Sourced from JapanHydration , Skin Elasticity Sodium <\/p><p><strong>Hyaluronate: <\/strong>Sourced from KoreaPlumps the skin , No fine lines & wrinkles<\/p>","page":""}},"collapsible_row_7WJPdn":{"type":"collapsible_row","settings":{"heading":"How to Use?","icon":"none","row_content":"<p>1. Use our serum both in the AM & PM after cleansing <\/p><p>2. Take 4 to 5 drops on your palm and then gently dab on your face and neck until fully absorbed.<\/p><p>3. Make sure to follow it up with our moisturizer & sunscreen for the best results<\/p>","page":""}},"collapsible_row_mkKR7k":{"type":"collapsible_row","settings":{"heading":"Full Ingredient List Decoded","icon":"none","row_content":"<p><strong>Aqua: <\/strong>Provides hydration and serves as a solvent for other ingredients, keeping the skin moisturized and supple.<\/p><p><strong>Urea: <\/strong>Acts as a humectant, attracting moisture to the skin and helping to retain it, resulting in improved hydration and a smoother complexion.<\/p><p><strong>Glycerin:<\/strong> Another humectant that draws moisture from the environment into the skin, keeping it soft, hydrated, and less prone to dryness or irritation.<\/p><p><strong>Squalene: <\/strong>Helps to maintain skin's moisture barrier, preventing water loss and enhancing the skin's overall hydration and suppleness.<\/p><p><strong>1,2-Hexanediol: <\/strong>Functions as a solvent and conditioning agent, contributing to the product's texture and aiding in the delivery of other beneficial ingredients to the skin.<\/p><p><strong>Sodium Hyaluronate: <\/strong>A form of hyaluronic acid that deeply hydrates the skin, plumping up fine lines and wrinkles for a smoother and more youthful appearance.<\/p><p><strong>Glyceryl Glucoside:<\/strong> Sourced from JapanHydration , Skin Elasticity <\/p><p><strong>Sodium acrylates Copolymer: <\/strong>Helps to improve the texture and spreadability of the product, ensuring even application and absorption on the skin.<\/p><p><strong>Lecithin: <\/strong>Acts as an emollient, softening and smoothing the skin's texture while also supporting the delivery of other beneficial ingredients.<\/p><p><strong>Alpha-Glucan Oligosaccharide: <\/strong>Supports the skin's natural protective barrier, enhancing its resilience against environmental stressors and maintaining optimal hydration levels.<\/p><p><strong>Sodium Levulinate: <\/strong>Acts as a preservative while also providing mild antimicrobial properties, helping to keep the product fresh and safe for use.<\/p><p><strong>Potassium Sorbate: <\/strong>Another preservative that helps to prevent microbial growth, ensuring the product's stability and safety over time.<\/p><p><strong>Polyacrylate Crosspolymer-6:<\/strong> A film-forming agent that creates a protective barrier on the skin, locking in moisture and enhancing the overall efficacy of the moisturizer.<\/p><p><strong>Sodium Gluconate:<\/strong> Helps to stabilize the formulation and maintain the pH balance of the product, ensuring its effectiveness and compatibility with the skin.<\/p>","page":""}},"collapsible_row_HyzPRH":{"type":"collapsible_row","settings":{"heading":"Sensory Profile","icon":"none","row_content":"<h3><strong>What does it smell like? <\/strong><\/h3><h4>Our serum has a gasoline-like scent, although we haven't incorporated any fragrances due to their potential to cause irritations. We prioritize effectiveness over aesthetics, ensuring that our serum surpasses other products on the market in terms of performance and results<\/h4><h3><strong>What does it feel like?<\/strong><\/h3><h4> Water<\/h4>","page":""}}},"block_order":["collapsible_row_yEAbh4","collapsible_row_7WJPdn","collapsible_row_mkKR7k","collapsible_row_HyzPRH"],"custom_css":["\/* .collapsible-content {margin-top: -32px;}"," *\/.accordion {background-color: #fff; padding: 4px; border-radius: 8px; margin: 6px 0px 6px;}",".inline-richtext {color: #121239; font-size: 16.589px; font-style: normal; font-weight: 600; line-height: 130%; \/* 21.565px *\/ letter-spacing: -0.664px; padding-left: 12px;}",".icon {color: #121239;}","p,h2,h3,h4,h5 {color: #121239; text-decoration: none;}"],"settings":{"caption":"","heading":"","heading_size":"h1","heading_alignment":"center","layout":"none","color_scheme":"scheme-3","container_color_scheme":"scheme-3","open_first_collapsible_row":false,"image_ratio":"adapt","desktop_layout":"image_first","padding_top":20,"padding_bottom":32}},"1711451785618d8af4":{"type":"apps","blocks":{"judge_me_reviews_review_widget_hhtMie":{"type":"shopify:\/\/apps\/judge-me-reviews\/blocks\/review_widget\/61ccd3b1-a9f2-4160-9fe9-4fec8413e5d8","settings":{}}},"block_order":["judge_me_reviews_review_widget_hhtMie"],"disabled":true,"custom_css":[],"settings":{"include_margins":true}},"custom_liquid_XHtK7r":{"type":"custom-liquid","settings":{"custom_liquid":"<section id=\"shopify-section-template--16876388450484__1711451785618d8af4\" class=\"shopify-section section\"><div class=\"page-width scroll-trigger animate--slide-in\"><div id=\"shopify-block-judge_me_reviews_review_widget_hhtMie\" class=\"shopify-block shopify-app-block\"><div style=\"clear:both\"><\/div>\n<div id=\"judgeme_product_reviews\" class=\"jdgm-widget jdgm-review-widget jdgm--done-setup-widget\" data-product-title=\"Hermes - All in One Serum\" data-id=\"7517413638324\" data-widget-name=\"review_widget\" data-impressions-tracked=\"true\" data-views-tracked=\"true\">\n  <div class=\"jdgm-rev-widg\" data-updated-at=\"2024-06-28T04:51:30Z\" data-average-rating=\"4.12\" data-number-of-reviews=\"83\" data-number-of-questions=\"0\"> <style class=\"jdgm-temp-hiding-style\">.jdgm-rev-widg{ display: none }<\/style> <div class=\"jdgm-rev-widg__header\"> <h2 class=\"jdgm-rev-widg__title\">Customer Reviews<\/h2>      <div class=\"jdgm-row-stars\"><div class=\"jdgm-rev-widg__summary\"><div class=\"jdgm-rev-widg__summary-inner\"> <div class=\"jdgm-rev-widg__summary-stars\" aria-label=\"Average rating is 4.12 stars\" role=\"img\"> <span class=\"jdgm-star jdgm--on\"><\/span><span class=\"jdgm-star jdgm--on\"><\/span><span class=\"jdgm-star jdgm--on\"><\/span><span class=\"jdgm-star jdgm--on\"><\/span><span class=\"jdgm-star jdgm--off\"><\/span> <span class=\"jdgm-rev-widg__summary-average\">4.12 out of 5<\/span><\/div> <div class=\"jdgm-rev-widg__summary-text\">Based on 83 reviews<\/div> <\/div><\/div><div class=\"jdgm-histogram jdgm-temp-hidden\">  <div class=\"jdgm-histogram__row\" data-rating=\"5\" data-frequency=\"36\" data-percentage=\"43\">  <div class=\"jdgm-histogram__star\" role=\"button\" aria-label=\"43% (36) reviews with 5 star rating\" tabindex=\"0\"><span class=\"jdgm-star jdgm--on\"><\/span><span class=\"jdgm-star jdgm--on\"><\/span><span class=\"jdgm-star jdgm--on\"><\/span><span class=\"jdgm-star jdgm--on\"><\/span><span class=\"jdgm-star jdgm--on\"><\/span><\/div> <div class=\"jdgm-histogram__bar\"> <div class=\"jdgm-histogram__bar-content\" style=\"width: 43%;\"> <\/div> <\/div>  <div class=\"jdgm-histogram__frequency\">36<\/div> <\/div>  <div class=\"jdgm-histogram__row\" data-rating=\"4\" data-frequency=\"31\" data-percentage=\"37\">  <div class=\"jdgm-histogram__star\" role=\"button\" aria-label=\"37% (31) reviews with 4 star rating\" tabindex=\"0\"><span class=\"jdgm-star jdgm--on\"><\/span><span class=\"jdgm-star jdgm--on\"><\/span><span class=\"jdgm-star jdgm--on\"><\/span><span class=\"jdgm-star jdgm--on\"><\/span><span class=\"jdgm-star jdgm--off\"><\/span><\/div> <div class=\"jdgm-histogram__bar\"> <div class=\"jdgm-histogram__bar-content\" style=\"width: 37%;\"> <\/div> <\/div>  <div class=\"jdgm-histogram__frequency\">31<\/div> <\/div>  <div class=\"jdgm-histogram__row\" data-rating=\"3\" data-frequency=\"8\" data-percentage=\"10\">  <div class=\"jdgm-histogram__star\" role=\"button\" aria-label=\"10% (8) reviews with 3 star rating\" tabindex=\"0\"><span class=\"jdgm-star jdgm--on\"><\/span><span class=\"jdgm-star jdgm--on\"><\/span><span class=\"jdgm-star jdgm--on\"><\/span><span class=\"jdgm-star jdgm--off\"><\/span><span class=\"jdgm-star jdgm--off\"><\/span><\/div> <div class=\"jdgm-histogram__bar\"> <div class=\"jdgm-histogram__bar-content\" style=\"width: 10%;\"> <\/div> <\/div>  <div class=\"jdgm-histogram__frequency\">8<\/div> <\/div>  <div class=\"jdgm-histogram__row\" data-rating=\"2\" data-frequency=\"6\" data-percentage=\"7\">  <div class=\"jdgm-histogram__star\" role=\"button\" aria-label=\"7% (6) reviews with 2 star rating\" tabindex=\"0\"><span class=\"jdgm-star jdgm--on\"><\/span><span class=\"jdgm-star jdgm--on\"><\/span><span class=\"jdgm-star jdgm--off\"><\/span><span class=\"jdgm-star jdgm--off\"><\/span><span class=\"jdgm-star jdgm--off\"><\/span><\/div> <div class=\"jdgm-histogram__bar\"> <div class=\"jdgm-histogram__bar-content\" style=\"width: 7%;\"> <\/div> <\/div>  <div class=\"jdgm-histogram__frequency\">6<\/div> <\/div>  <div class=\"jdgm-histogram__row\" data-rating=\"1\" data-frequency=\"2\" data-percentage=\"2\">  <div class=\"jdgm-histogram__star\" role=\"button\" aria-label=\"2% (2) reviews with 1 star rating\" tabindex=\"0\"><span class=\"jdgm-star jdgm--on\"><\/span><span class=\"jdgm-star jdgm--off\"><\/span><span class=\"jdgm-star jdgm--off\"><\/span><span class=\"jdgm-star jdgm--off\"><\/span><span class=\"jdgm-star jdgm--off\"><\/span><\/div> <div class=\"jdgm-histogram__bar\"> <div class=\"jdgm-histogram__bar-content\" style=\"width: 2%;\"> <\/div> <\/div>  <div class=\"jdgm-histogram__frequency\">2<\/div> <\/div>  <div class=\"jdgm-histogram__row jdgm-histogram__clear-filter\" data-rating=\"null\" tabindex=\"0\">See all reviews<\/div> <\/div><div class=\"jdgm-widget-actions-wrapper\">\n  \n<a style=\"\" href=\"#\" class=\"jdgm-write-rev-link\" role=\"button\" aria-expanded=\"false\">Write a review<\/a><\/div>\n<\/div>\n\n<div class=\"jdgm-form-wrapper\" style=\"display: none\">\n  <form class=\"jdgm-form\" novalidate=\"novalidate\">\n    <div class=\"jdgm-form__title\">Write a review<\/div>\n\n    <div class=\"jdgm-form__fieldset\" aria-label=\"Rating\">\n      <label>Rating<\/label>\n      <span class=\"jdgm-form__rating\" style=\"cursor: pointer;\"><a data-alt=\"1\" class=\"jdgm-star jdgm--off\" title=\"1 star\" role=\"button\" aria-label=\"1 star\"><\/a><a data-alt=\"2\" class=\"jdgm-star jdgm--off\" title=\"2 stars\" role=\"button\" aria-label=\"2 stars\"><\/a><a data-alt=\"3\" class=\"jdgm-star jdgm--off\" title=\"3 stars\" role=\"button\" aria-label=\"3 stars\"><\/a><a data-alt=\"4\" class=\"jdgm-star jdgm--off\" title=\"4 stars\" role=\"button\" aria-label=\"4 stars\"><\/a><a data-alt=\"5\" class=\"jdgm-star jdgm--off\" title=\"5 stars\" role=\"button\" aria-label=\"5 stars\"><\/a><input name=\"score\" type=\"hidden\"><\/span>\n    <\/div>\n\n    <div class=\"jdgm-form__fieldset\">\n      \n      <label class=\"jdgm-form__inline-label\" for=\"jdgm_review_title_mnvupm4b\">Review Title<\/label><span class=\"jdgm-countdown\"><\/span>\n      <input id=\"jdgm_review_title_mnvupm4b\" name=\"review_title\" type=\"text\" placeholder=\"Give your review a title\" aria-label=\"Review Title\">\n    <\/div>\n\n    <div class=\"jdgm-form__fieldset\">\n      \n      <label class=\"jdgm-form__inline-label\" for=\"jdgm_review_body_mnvupm4b\">Review<\/label><span class=\"jdgm-countdown\"><\/span>\n      <textarea id=\"jdgm_review_body_mnvupm4b\" rows=\"5\" name=\"review_body\" placeholder=\"Write your comments here\" aria-label=\"Review\"><\/textarea>\n    <\/div>\n\n    \n      <div class=\"jdgm-form__fieldset\">\n        <label>Picture\/Video (optional)<\/label>\n        \n\n        <div class=\"jdgm-media-fieldset__container\">\n          <div class=\"jdgm-picture-fieldset__box jdgm-picture-fieldset__box--input\">\n            <div class=\"jdgm-picture-fieldset__box-wrapper\">\n              <div class=\"jdgm-media-fieldset__icon\">\n              <\/div>\n            <\/div>\n\n            <input type=\"file\" name=\"media\" class=\"jdgm-media-fieldset__input\" multiple=\"\" accept=\"image\/gif,image\/jpeg,image\/jpg,image\/png,image\/webp\" aria-label=\"Choose a review picture\/video (optional)\">\n            <div style=\"display: none !important\" aria-label=\"Choose a review picture\/video (optional)\">Choose a review picture\/video (optional)<\/div>\n          <\/div>\n        <\/div>\n      <\/div>\n\n      \n    \n\n    <div class=\"jdgm-custom-forms\"><\/div>\n\n    <div class=\"jdgm-form__fieldset\">\n      \n      <label class=\"jdgm-form__inline-label\" for=\"jdgm_review_reviewer_name_mnvupm4b\">Name<\/label>\n      \n      <span class=\"jdgm-form__reviewer-name-format-container\">\n        (<label for=\"jdgm_review_reviewer_name_format_mnvupm4b\" class=\"jdgm-form__inline-label jdgm-always-visible\">displayed publicly like<\/label>\n        <span class=\"jdgm-sort-dropdown-wrapper\">\n          <select id=\"jdgm_review_reviewer_name_format_mnvupm4b\" name=\"reviewer_name_format\" class=\"jdgm-sort-dropdown\" aria-label=\"Name format\">\n            \n            \n              <option value=\"\" selected=\"\">John Smith<\/option>\n            \n              <option value=\"last_initial\">John S.<\/option>\n            \n              <option value=\"all_initials\">J.S.<\/option>\n            \n              <option value=\"anonymous\">Anonymous<\/option>\n            \n          <\/select>\n          <span class=\"jdgm-sort-dropdown-arrow\"><\/span>\n        <\/span>\n        )\n      <\/span>\n\n      <input id=\"jdgm_review_reviewer_name_mnvupm4b\" name=\"reviewer_name\" type=\"text\" placeholder=\"Enter your name (public)\" aria-label=\"Name\">\n    <\/div>\n\n    <div class=\"jdgm-form__fieldset jdgm-form__email-fieldset\">\n      \n      <label for=\"jdgm_review_reviewer_email_mnvupm4b\">Email<\/label>\n      <input id=\"jdgm_review_reviewer_email_mnvupm4b\" name=\"reviewer_email\" type=\"email\" required=\"\" placeholder=\"Enter your email (private)\" aria-label=\"Email\" aria-required=\"true\">\n    <\/div>\n\n    <div class=\"jdgm-form__fieldset\">\n      <p>How we use your data: We’ll only contact you about the review you left, and only if necessary. By submitting your review, you agree to Judge.me’s <a href=\"https:\/\/judge.me\/terms\" target=\"_blank\" rel=\"nofollow noopener\">terms<\/a>, <a href=\"https:\/\/judge.me\/privacy\" target=\"_blank\" rel=\"nofollow noopener\">privacy<\/a> and <a href=\"https:\/\/judge.me\/content-policy\" target=\"_blank\" rel=\"nofollow noopener\">content<\/a> policies.<\/p>\n    <\/div>\n\n    <div class=\"jdgm-form__fieldset jdgm-form__fieldset-actions\">\n      <a href=\"#judgeme_product_reviews\" role=\"button\" class=\"jdgm-btn jdgm-btn--border jdgm-cancel-rev \">Cancel review<\/a>\n      <input type=\"submit\" class=\"jdgm-btn jdgm-btn--solid jdgm-submit-rev \" value=\"Submit Review\">\n    <\/div>\n  <\/form>\n<\/div>\n<div class=\"jdgm-row-media\"><div class=\"jdgm-gallery-wrapper\"><div class=\"jdgm-gallery-title\">Customer photos &amp; videos<\/div><div class=\"jdgm-gallery\" data-url=\"reviews\/reviews_for_widget\" data-per-page=\"10\" data-loaded=\"true\" data-id=\"gallery-data-0\" data-setup-event=\"true\">  \n\n\n  \n    \n    <div class=\"jdgm-gallery__thumbnail-link\">\n      <div class=\"jdgm-gallery__thumbnail-wrapper\">\n        <img class=\"jdgm-gallery__thumbnail\" alt=\"User picture\" data-src=\"https:\/\/judgeme.imgix.net\/reginald-men\/1719315182__img_20240613_1534021__original.png?auto=format&amp;w=160\" data-mfp-src=\"https:\/\/judgeme.imgix.net\/reginald-men\/1719315182__img_20240613_1534021__original.png?auto=format\" data-review-id=\"7e432f2d-8d71-4fd0-9a5c-87fc4f77855a\" src=\"https:\/\/judgeme.imgix.net\/reginald-men\/1719315182__img_20240613_1534021__original.png?auto=format&amp;w=160\">\n      <\/div>\n    <\/div>\n  \n\n\n\n  \n\n\n\n  \n\n\n\n\n  \n    \n    <div class=\"jdgm-gallery__thumbnail-link\">\n      <div class=\"jdgm-gallery__thumbnail-wrapper\">\n        <img class=\"jdgm-gallery__thumbnail\" alt=\"User picture\" data-src=\"https:\/\/judgeme.imgix.net\/reginald-men\/1719314502__img_20240613_1532501__original.png?auto=format&amp;w=160\" data-mfp-src=\"https:\/\/judgeme.imgix.net\/reginald-men\/1719314502__img_20240613_1532501__original.png?auto=format\" data-review-id=\"3f87ae98-4c04-408c-8a18-e2713af113b7\" src=\"https:\/\/judgeme.imgix.net\/reginald-men\/1719314502__img_20240613_1532501__original.png?auto=format&amp;w=160\">\n      <\/div>\n    <\/div>\n  \n\n\n\n  \n\n\n\n  \n\n\n\n\n  \n    \n    <div class=\"jdgm-gallery__thumbnail-link\">\n      <div class=\"jdgm-gallery__thumbnail-wrapper\">\n        <img class=\"jdgm-gallery__thumbnail\" alt=\"User picture\" data-src=\"https:\/\/judgeme.imgix.net\/reginald-men\/1719313304__img_20240613_153142__original.jpg?auto=format&amp;w=160\" data-mfp-src=\"https:\/\/judgeme.imgix.net\/reginald-men\/1719313304__img_20240613_153142__original.jpg?auto=format\" data-review-id=\"9eab1d57-ad39-4d0c-87cc-5385c9cc0b2e\" src=\"https:\/\/judgeme.imgix.net\/reginald-men\/1719313304__img_20240613_153142__original.jpg?auto=format&amp;w=160\">\n      <\/div>\n    <\/div>\n  \n\n\n\n  \n\n\n\n  \n\n\n\n\n  \n    \n    <div class=\"jdgm-gallery__thumbnail-link\">\n      <div class=\"jdgm-gallery__thumbnail-wrapper\">\n        <img class=\"jdgm-gallery__thumbnail\" alt=\"User picture\" data-src=\"https:\/\/judgeme.imgix.net\/reginald-men\/1719311884__img_20240613_152647__original.jpg?auto=format&amp;w=160\" data-mfp-src=\"https:\/\/judgeme.imgix.net\/reginald-men\/1719311884__img_20240613_152647__original.jpg?auto=format\" data-review-id=\"f6b15a07-ecfa-4324-9549-b08ec969760c\" src=\"https:\/\/judgeme.imgix.net\/reginald-men\/1719311884__img_20240613_152647__original.jpg?auto=format&amp;w=160\">\n      <\/div>\n    <\/div>\n  \n\n\n\n  \n\n\n\n  \n\n\n\n\n  \n    \n    <div class=\"jdgm-gallery__thumbnail-link\">\n      <div class=\"jdgm-gallery__thumbnail-wrapper\">\n        <img class=\"jdgm-gallery__thumbnail\" alt=\"User picture\" data-src=\"https:\/\/judgeme.imgix.net\/reginald-men\/1719309830__img_20240613_153250__original.jpg?auto=format&amp;w=160\" data-mfp-src=\"https:\/\/judgeme.imgix.net\/reginald-men\/1719309830__img_20240613_153250__original.jpg?auto=format\" data-review-id=\"741b0c4f-e498-4bf0-a459-88e51907638b\" src=\"https:\/\/judgeme.imgix.net\/reginald-men\/1719309830__img_20240613_153250__original.jpg?auto=format&amp;w=160\">\n      <\/div>\n    <\/div>\n  \n\n\n\n  \n\n\n\n  \n\n\n\n\n  \n    \n    <div class=\"jdgm-gallery__thumbnail-link\">\n      <div class=\"jdgm-gallery__thumbnail-wrapper\">\n        <img class=\"jdgm-gallery__thumbnail\" alt=\"User picture\" data-src=\"https:\/\/judgeme.imgix.net\/reginald-men\/1718282629__img_20240613_152630__original.jpg?auto=format&amp;w=160\" data-mfp-src=\"https:\/\/judgeme.imgix.net\/reginald-men\/1718282629__img_20240613_152630__original.jpg?auto=format\" data-review-id=\"51990152-ad32-4fad-ba24-dc048c1c189b\" src=\"https:\/\/judgeme.imgix.net\/reginald-men\/1718282629__img_20240613_152630__original.jpg?auto=format&amp;w=160\">\n      <\/div>\n    <\/div>\n  \n\n\n\n  \n\n\n\n  \n\n\n\n\n  \n    \n    <div class=\"jdgm-gallery__thumbnail-link\">\n      <div class=\"jdgm-gallery__thumbnail-wrapper\">\n        <img class=\"jdgm-gallery__thumbnail\" alt=\"User picture\" data-src=\"https:\/\/judgeme.imgix.net\/reginald-men\/1715320507__whatsappimage2024-05-10at111921_61234ec9__original.jpg?auto=format&amp;w=160\" data-mfp-src=\"https:\/\/judgeme.imgix.net\/reginald-men\/1715320507__whatsappimage2024-05-10at111921_61234ec9__original.jpg?auto=format\" data-review-id=\"13978959-758c-4273-8554-2a8bc083a927\" src=\"https:\/\/judgeme.imgix.net\/reginald-men\/1715320507__whatsappimage2024-05-10at111921_61234ec9__original.jpg?auto=format&amp;w=160\">\n      <\/div>\n    <\/div>\n  \n\n\n\n  \n\n\n\n  \n\n\n\n\n  \n    \n    <div class=\"jdgm-gallery__thumbnail-link\">\n      <div class=\"jdgm-gallery__thumbnail-wrapper\">\n        <img class=\"jdgm-gallery__thumbnail\" alt=\"User picture\" data-src=\"https:\/\/judgeme.imgix.net\/reginald-men\/1715266087__whatsappimage2024-03-27at19037__original.png?auto=format&amp;w=160\" data-mfp-src=\"https:\/\/judgeme.imgix.net\/reginald-men\/1715266087__whatsappimage2024-03-27at19037__original.png?auto=format\" data-review-id=\"bad754ed-18c8-439f-9dab-559415124da3\" src=\"https:\/\/judgeme.imgix.net\/reginald-men\/1715266087__whatsappimage2024-03-27at19037__original.png?auto=format&amp;w=160\">\n      <\/div>\n    <\/div>\n  \n    \n    <div class=\"jdgm-gallery__thumbnail-link\">\n      <div class=\"jdgm-gallery__thumbnail-wrapper jdgm--loading\">\n        <img class=\"jdgm-gallery__thumbnail\" alt=\"User picture\" data-src=\"https:\/\/judgeme.imgix.net\/reginald-men\/1715266088__whatsappimage2024-03-27at19038__original.png?auto=format&amp;w=160\" data-mfp-src=\"https:\/\/judgeme.imgix.net\/reginald-men\/1715266088__whatsappimage2024-03-27at19038__original.png?auto=format\" data-review-id=\"bad754ed-18c8-439f-9dab-559415124da3\">\n      <\/div>\n    <\/div>\n  \n\n\n\n  \n\n\n\n  \n\n<\/div><\/div><\/div>        <div class=\"jdgm-form-dynamic-wrapper\" style=\"display: none\">\n  <form class=\"jdgm-form jdgm-form-dynamic\" novalidate=\"novalidate\">\n\n    <div class=\"jdgm-form-dynamic__close jdgm-close-ico\"><\/div>\n\n    <div class=\"jdgm-form-dynamic__row jdgm-form-dynamic__picture-upload-field\" data-pos=\"0\">\n      <div class=\"jdgm-form-dynamic__row-inner\">\n        <div class=\"jdgm-form__title\">Picture\/Video (optional)<\/div>\n        \n\n        <div class=\"jdgm-form__fieldset\">\n          <div class=\"jdgm-media-fieldset__container\">\n            <div class=\"jdgm-picture-fieldset__box jdgm-picture-fieldset__box--input\">\n              <div class=\"jdgm-picture-fieldset__box-wrapper\">\n                <div class=\"jdgm-media-fieldset__icon\">\n                <\/div>\n              <\/div>\n\n              <input type=\"file\" name=\"media\" class=\"jdgm-media-fieldset__input\" multiple=\"\" accept=\"image\/gif,image\/jpeg,image\/jpg,image\/png,image\/webp\" aria-label=\"Choose a review picture\/video (optional)\">\n              <div style=\"display: none !important\" aria-label=\"Choose a review picture\/video (optional)\">Choose a review picture\/video (optional)<\/div>\n            <\/div>\n          <\/div>\n        <\/div>\n\n        \n      <\/div>\n    <div class=\"jdgm-form-dynamic__buttons-row\"><div class=\"jdgm-btn jdgm-btn--border jdgm-form-dynamic__back btn btn_c button\" tabindex=\"0\" role=\"button\">Back<\/div><div class=\"jdgm-btn jdgm-btn--solid jdgm-form-dynamic__next btn btn_c button\" tabindex=\"0\" role=\"button\">Next<\/div><\/div><\/div>\n\n    <div class=\"jdgm-form-dynamic__row\" data-pos=\"1\">\n      <div class=\"jdgm-form-dynamic__row-inner\">\n        <div class=\"jdgm-form__title\">Rating<\/div>\n        <span class=\"jdgm-form-dynamic__rating\" style=\"cursor: pointer;\"><a data-alt=\"1\" class=\"jdgm-star jdgm--off\" title=\"1 star\"><\/a><a data-alt=\"2\" class=\"jdgm-star jdgm--off\" title=\"2 stars\"><\/a><a data-alt=\"3\" class=\"jdgm-star jdgm--off\" title=\"3 stars\"><\/a><a data-alt=\"4\" class=\"jdgm-star jdgm--off\" title=\"4 stars\"><\/a><a data-alt=\"5\" class=\"jdgm-star jdgm--off\" title=\"5 stars\"><\/a><input name=\"score\" type=\"hidden\"><\/span>\n      <\/div>\n    <div class=\"jdgm-form-dynamic__buttons-row\"><div class=\"jdgm-btn jdgm-btn--border jdgm-form-dynamic__back btn btn_c button\" tabindex=\"0\" role=\"button\">Back<\/div><div class=\"jdgm-btn jdgm-btn--solid jdgm-form-dynamic__next btn btn_c button\" tabindex=\"0\" role=\"button\">Next<\/div><\/div><\/div>\n\n    <div class=\"jdgm-form-dynamic__row\" data-pos=\"2\">\n      <div class=\"jdgm-form-dynamic__row-inner\">\n        <div class=\"jdgm-form__fieldset\">\n          <label for=\"jdgm_reviewer_name\">Name<\/label>\n          <input id=\"jdgm_reviewer_name\" name=\"reviewer_name\" type=\"text\" placeholder=\"Enter your name (public)\">\n        <\/div>\n\n        <div class=\"jdgm-form__fieldset jdgm-form-dynamic__email-fieldset\">\n          <label for=\"jdgm_reviewer_email\">Email<\/label>\n          <input id=\"jdgm_reviewer_email\" name=\"reviewer_email\" type=\"email\" placeholder=\"Enter your email (private)\">\n        <\/div>\n      <\/div>\n    <div class=\"jdgm-form-dynamic__buttons-row\"><div class=\"jdgm-btn jdgm-btn--border jdgm-form-dynamic__back btn btn_c button\" tabindex=\"0\" role=\"button\">Back<\/div><div class=\"jdgm-btn jdgm-btn--solid jdgm-form-dynamic__next btn btn_c button\" tabindex=\"0\" role=\"button\">Next<\/div><\/div><\/div>\n\n    <div class=\"jdgm-form-dynamic__row jdgm-form-dynamic__submit-slide\" data-pos=\"3\">\n      <div class=\"jdgm-form-dynamic__row-inner\">\n        <div class=\"jdgm-form__fieldset\">\n          <label class=\"jdgm-form__inline-label\" for=\"jdgm_review_title\">Review Title<\/label><span class=\"jdgm-countdown\"><\/span>\n          <input id=\"jdgm_review_title\" name=\"review_title\" type=\"text\" placeholder=\"Give your review a title\">\n        <\/div>\n\n        <div class=\"jdgm-form__fieldset\">\n          <label class=\"jdgm-form__inline-label\" for=\"jdgm_review_body\">Review<\/label><span class=\"jdgm-countdown\"><\/span>\n          <textarea id=\"jdgm_review_body\" rows=\"5\" name=\"review_body\" placeholder=\"Write your comments here\"><\/textarea>\n        <\/div>\n      <\/div>\n    <div class=\"jdgm-form-dynamic__buttons-row\"><div class=\"jdgm-btn jdgm-btn--border jdgm-form-dynamic__back btn btn_c button\" tabindex=\"0\" role=\"button\">Back<\/div><div class=\"jdgm-btn jdgm-btn--solid jdgm-form-dynamic__next btn btn_c button\" tabindex=\"0\" role=\"button\">Next<\/div><\/div><\/div>\n\n    <div class=\"jdgm-custom-forms jdgm-custom-forms-dynamic\"><\/div>\n\n    <input type=\"submit\" class=\"jdgm-btn jdgm-btn--solid jdgm-form-dynamic__submit-rev \" value=\"Submit Review\">\n  <\/form>\n<\/div>\n<\/div> <div class=\"jdgm-rev-widg__actions\"><div class=\"jdgm-row-actions\"><div class=\"jdgm-rev-widg__sort-wrapper\"><div class=\"jdgm-sort-dropdown-wrapper\">\n  <select class=\"jdgm-sort-dropdown\" aria-label=\"Sort dropdown\">\n    <option value=\"most-recent\">Most Recent<\/option>\n    <option value=\"highest-rating\">Highest Rating<\/option>\n    <option value=\"lowest-rating\">Lowest Rating<\/option>\n    <option value=\"with-pictures\">Only Pictures<\/option>\n    <option value=\"pictures-first\">Pictures First<\/option>\n    <option value=\"videos-first\">Videos First<\/option>\n    <option value=\"most-helpful\">Most Helpful<\/option>\n  <\/select><span class=\"jdgm-sort-dropdown-arrow\"><\/span>\n<\/div>\n<\/div><\/div><\/div><div class=\"jdgm-rev-widg__body\"> <div class=\"jdgm-rev-widg__reviews\" style=\"position: relative; height: 459.032px;\"><div class=\"jdgm-rev jdgm-divider-top jdgm--done-setup jdgm--leex-done-setup\" data-verified-buyer=\"false\" data-review-id=\"b5057a30-7aea-42b6-a237-43880d96d675\" data-product-title=\"Hermes - All in One Facial Serum\" data-product-url=\"\/products\/serum\" data-thumb-up-count=\"0\" data-thumb-down-count=\"0\" style=\"position: absolute; left: 0px; top: 0px;\"> <div class=\"jdgm-rev__header\"><div class=\"jdgm-row-product\"><\/div><div class=\"jdgm-row-rating\"><span class=\"jdgm-rev__rating\" data-score=\"4\" tabindex=\"0\" aria-label=\"4 star review\" role=\"img\"> <span class=\"jdgm-star jdgm--on\"><\/span><span class=\"jdgm-star jdgm--on\"><\/span><span class=\"jdgm-star jdgm--on\"><\/span><span class=\"jdgm-star jdgm--on\"><\/span><span class=\"jdgm-star jdgm--off\"><\/span> <\/span><span class=\"jdgm-rev__timestamp\" data-content=\"2024-06-26 03:17:58 UTC\">2 days ago<\/span><\/div><div class=\"jdgm-row-profile\"><div class=\"jdgm-rev__icon\"><\/div><span class=\"jdgm-rev__author-wrapper\"> <span class=\"jdgm-rev__author\">Latesh Rao<\/span>   <\/span><\/div><div class=\"jdgm-row-extra\"><span class=\"jdgm-rev__location\">  <\/span><\/div>         <div class=\"jdgm-rev__br\"><\/div>   <\/div> <div class=\"jdgm-rev__content\">  <b class=\"jdgm-rev__title\">very effective<\/b> <div class=\"jdgm-rev__body\"><p>it is very effective...loving the serum from Reginald Men<\/p><\/div><div class=\"jdgm-rev__custom-form\">  <\/div>   <\/div> <div class=\"jdgm-rev__actions\"> <div class=\"jdgm-rev__social\"><\/div> <div class=\"jdgm-rev__votes\"><\/div> <\/div>  <\/div><div class=\"jdgm-rev jdgm-divider-top jdgm--done-setup jdgm--leex-done-setup\" data-verified-buyer=\"false\" data-review-id=\"6399d3ab-c580-4341-9db3-7c28b8a0ff8a\" data-product-title=\"Hermes - All in One Facial Serum\" data-product-url=\"\/products\/serum\" data-thumb-up-count=\"0\" data-thumb-down-count=\"0\" style=\"position: absolute; left: 371px; top: 0px;\"> <div class=\"jdgm-rev__header\"><div class=\"jdgm-row-product\"><\/div><div class=\"jdgm-row-rating\"><span class=\"jdgm-rev__rating\" data-score=\"2\" tabindex=\"0\" aria-label=\"2 star review\" role=\"img\"> <span class=\"jdgm-star jdgm--on\"><\/span><span class=\"jdgm-star jdgm--on\"><\/span><span class=\"jdgm-star jdgm--off\"><\/span><span class=\"jdgm-star jdgm--off\"><\/span><span class=\"jdgm-star jdgm--off\"><\/span> <\/span><span class=\"jdgm-rev__timestamp\" data-content=\"2024-06-26 03:16:15 UTC\">2 days ago<\/span><\/div><div class=\"jdgm-row-profile\"><div class=\"jdgm-rev__icon\"><\/div><span class=\"jdgm-rev__author-wrapper\"> <span class=\"jdgm-rev__author\">Pawan Kumar<\/span>   <\/span><\/div><div class=\"jdgm-row-extra\"><span class=\"jdgm-rev__location\">  <\/span><\/div>         <div class=\"jdgm-rev__br\"><\/div>   <\/div> <div class=\"jdgm-rev__content\">  <b class=\"jdgm-rev__title\">received late delivery<\/b> <div class=\"jdgm-rev__body\"><p>received the delivery too late with not so good packaging..i hope they work on it<\/p><\/div><div class=\"jdgm-rev__custom-form\">  <\/div>   <\/div> <div class=\"jdgm-rev__actions\"> <div class=\"jdgm-rev__social\"><\/div> <div class=\"jdgm-rev__votes\"><\/div> <\/div>  <\/div><div class=\"jdgm-rev jdgm-divider-top jdgm--done-setup jdgm--leex-done-setup\" data-verified-buyer=\"false\" data-review-id=\"52d5cde8-5b2b-4729-9450-cd7a94d40731\" data-product-title=\"Hermes - All in One Facial Serum\" data-product-url=\"\/products\/serum\" data-thumb-up-count=\"0\" data-thumb-down-count=\"0\" style=\"position: absolute; left: 742px; top: 0px;\"> <div class=\"jdgm-rev__header\"><div class=\"jdgm-row-product\"><\/div><div class=\"jdgm-row-rating\"><span class=\"jdgm-rev__rating\" data-score=\"5\" tabindex=\"0\" aria-label=\"5 star review\" role=\"img\"> <span class=\"jdgm-star jdgm--on\"><\/span><span class=\"jdgm-star jdgm--on\"><\/span><span class=\"jdgm-star jdgm--on\"><\/span><span class=\"jdgm-star jdgm--on\"><\/span><span class=\"jdgm-star jdgm--on\"><\/span> <\/span><span class=\"jdgm-rev__timestamp\" data-content=\"2024-06-26 03:14:27 UTC\">2 days ago<\/span><\/div><div class=\"jdgm-row-profile\"><div class=\"jdgm-rev__icon\"><\/div><span class=\"jdgm-rev__author-wrapper\"> <span class=\"jdgm-rev__author\">Vihaan Jagtap<\/span>   <\/span><\/div><div class=\"jdgm-row-extra\"><span class=\"jdgm-rev__location\">  <\/span><\/div>         <div class=\"jdgm-rev__br\"><\/div>   <\/div> <div class=\"jdgm-rev__content\">  <b class=\"jdgm-rev__title\">not expected to be good<\/b> <div class=\"jdgm-rev__body\"><p>i was not expecting this product to be too good but it turned out the great i would sayy...earlier when i bought from someone else my expectations were dropped so was skeptical...but ya it's nice<\/p><\/div><div class=\"jdgm-rev__custom-form\">  <\/div>   <\/div> <div class=\"jdgm-rev__actions\"> <div class=\"jdgm-rev__social\"><\/div> <div class=\"jdgm-rev__votes\"><\/div> <\/div>  <\/div><div class=\"jdgm-rev jdgm-divider-top jdgm--done-setup jdgm--leex-done-setup\" data-verified-buyer=\"false\" data-review-id=\"90595d17-3c0d-42a7-afdc-21185d3968d4\" data-product-title=\"Hermes - All in One Facial Serum\" data-product-url=\"\/products\/serum\" data-thumb-up-count=\"0\" data-thumb-down-count=\"0\" style=\"position: absolute; left: 0px; top: 111px;\"> <div class=\"jdgm-rev__header\"><div class=\"jdgm-row-product\"><\/div><div class=\"jdgm-row-rating\"><span class=\"jdgm-rev__rating\" data-score=\"4\" tabindex=\"0\" aria-label=\"4 star review\" role=\"img\"> <span class=\"jdgm-star jdgm--on\"><\/span><span class=\"jdgm-star jdgm--on\"><\/span><span class=\"jdgm-star jdgm--on\"><\/span><span class=\"jdgm-star jdgm--on\"><\/span><span class=\"jdgm-star jdgm--off\"><\/span> <\/span><span class=\"jdgm-rev__timestamp\" data-content=\"2024-06-25 12:34:07 UTC\">3 days ago<\/span><\/div><div class=\"jdgm-row-profile\"><div class=\"jdgm-rev__icon\"><\/div><span class=\"jdgm-rev__author-wrapper\"> <span class=\"jdgm-rev__author\">Chetan Keshav<\/span>   <\/span><\/div><div class=\"jdgm-row-extra\"><span class=\"jdgm-rev__location\">  <\/span><\/div>         <div class=\"jdgm-rev__br\"><\/div>   <\/div> <div class=\"jdgm-rev__content\">  <b class=\"jdgm-rev__title\">quick absorption no harm<\/b> <div class=\"jdgm-rev__body\"><p>it absorbs quickly and causes no harm to my skin<\/p><\/div><div class=\"jdgm-rev__custom-form\">  <\/div>   <\/div> <div class=\"jdgm-rev__actions\"> <div class=\"jdgm-rev__social\"><\/div> <div class=\"jdgm-rev__votes\"><\/div> <\/div>  <\/div><div class=\"jdgm-rev jdgm-divider-top jdgm--done-setup jdgm--leex-done-setup\" data-verified-buyer=\"false\" data-review-id=\"df17983e-2663-41bf-be91-f95f1971aa95\" data-product-title=\"Hermes - All in One Facial Serum\" data-product-url=\"\/products\/serum\" data-thumb-up-count=\"0\" data-thumb-down-count=\"0\" style=\"position: absolute; left: 371px; top: 131px;\"> <div class=\"jdgm-rev__header\"><div class=\"jdgm-row-product\"><\/div><div class=\"jdgm-row-rating\"><span class=\"jdgm-rev__rating\" data-score=\"5\" tabindex=\"0\" aria-label=\"5 star review\" role=\"img\"> <span class=\"jdgm-star jdgm--on\"><\/span><span class=\"jdgm-star jdgm--on\"><\/span><span class=\"jdgm-star jdgm--on\"><\/span><span class=\"jdgm-star jdgm--on\"><\/span><span class=\"jdgm-star jdgm--on\"><\/span> <\/span><span class=\"jdgm-rev__timestamp\" data-content=\"2024-06-25 12:30:47 UTC\">3 days ago<\/span><\/div><div class=\"jdgm-row-profile\"><div class=\"jdgm-rev__icon\"><\/div><span class=\"jdgm-rev__author-wrapper\"> <span class=\"jdgm-rev__author\">Kundan Rawle<\/span>   <\/span><\/div><div class=\"jdgm-row-extra\"><span class=\"jdgm-rev__location\">  <\/span><\/div>         <div class=\"jdgm-rev__br\"><\/div>   <\/div> <div class=\"jdgm-rev__content\">  <b class=\"jdgm-rev__title\">bought this for my dad<\/b> <div class=\"jdgm-rev__body\"><p>bought this for my dad.. he has been using it since 2 weeks.. and the glow is highly noticable..would recommend this to all the men out there<\/p><\/div><div class=\"jdgm-rev__custom-form\">  <\/div>   <\/div> <div class=\"jdgm-rev__actions\"> <div class=\"jdgm-rev__social\"><\/div> <div class=\"jdgm-rev__votes\"><\/div> <\/div>  <\/div><div class=\"jdgm-rev jdgm-divider-top jdgm--done-setup jdgm--leex-done-setup\" data-verified-buyer=\"false\" data-review-id=\"94548adb-70f1-4f87-a38b-40ced620a945\" data-product-title=\"Hermes - All in One Facial Serum\" data-product-url=\"\/products\/serum\" data-thumb-up-count=\"0\" data-thumb-down-count=\"0\" style=\"position: absolute; left: 742px; top: 169px;\"> <div class=\"jdgm-rev__header\"><div class=\"jdgm-row-product\"><\/div><div class=\"jdgm-row-rating\"><span class=\"jdgm-rev__rating\" data-score=\"4\" tabindex=\"0\" aria-label=\"4 star review\" role=\"img\"> <span class=\"jdgm-star jdgm--on\"><\/span><span class=\"jdgm-star jdgm--on\"><\/span><span class=\"jdgm-star jdgm--on\"><\/span><span class=\"jdgm-star jdgm--on\"><\/span><span class=\"jdgm-star jdgm--off\"><\/span> <\/span><span class=\"jdgm-rev__timestamp\" data-content=\"2024-06-25 11:36:26 UTC\">3 days ago<\/span><\/div><div class=\"jdgm-row-profile\"><div class=\"jdgm-rev__icon\"><\/div><span class=\"jdgm-rev__author-wrapper\"> <span class=\"jdgm-rev__author\">Nikhten Kaur<\/span>   <\/span><\/div><div class=\"jdgm-row-extra\"><span class=\"jdgm-rev__location\">  <\/span><\/div>         <div class=\"jdgm-rev__br\"><\/div>   <\/div> <div class=\"jdgm-rev__content\">  <b class=\"jdgm-rev__title\">glow n healthy skin<\/b> <div class=\"jdgm-rev__body\"><p>it has been 1.5 month since I've started using this product and yes I'm seeing the glow and the healthy skin<\/p><\/div><div class=\"jdgm-rev__custom-form\">  <\/div>   <\/div> <div class=\"jdgm-rev__actions\"> <div class=\"jdgm-rev__social\"><\/div> <div class=\"jdgm-rev__votes\"><\/div> <\/div>  <\/div><div class=\"jdgm-rev jdgm-divider-top jdgm--done-setup jdgm--leex-done-setup\" data-verified-buyer=\"false\" data-review-id=\"7e432f2d-8d71-4fd0-9a5c-87fc4f77855a\" data-product-title=\"Hermes - All in One Facial Serum\" data-product-url=\"\/products\/serum\" data-thumb-up-count=\"0\" data-thumb-down-count=\"0\" style=\"position: absolute; left: 0px; top: 223px;\"> <div class=\"jdgm-rev__header\"><div class=\"jdgm-row-product\"><\/div><div class=\"jdgm-row-rating\"><span class=\"jdgm-rev__rating\" data-score=\"5\" tabindex=\"0\" aria-label=\"5 star review\" role=\"img\"> <span class=\"jdgm-star jdgm--on\"><\/span><span class=\"jdgm-star jdgm--on\"><\/span><span class=\"jdgm-star jdgm--on\"><\/span><span class=\"jdgm-star jdgm--on\"><\/span><span class=\"jdgm-star jdgm--on\"><\/span> <\/span><span class=\"jdgm-rev__timestamp\" data-content=\"2024-06-25 11:33:02 UTC\">3 days ago<\/span><\/div><div class=\"jdgm-row-profile\"><div class=\"jdgm-rev__icon\"><\/div><span class=\"jdgm-rev__author-wrapper\"> <span class=\"jdgm-rev__author\">Vishal Prajapati<\/span>   <\/span><\/div><div class=\"jdgm-row-extra\"><span class=\"jdgm-rev__location\">  <\/span><\/div>         <div class=\"jdgm-rev__br\"><\/div>   <\/div><div class=\"jdgm-rev__pics\">  <a class=\"jdgm-rev__pic-link\" target=\"_blank\" rel=\"nofollow\" href=\"https:\/\/judgeme.imgix.net\/reginald-men\/1719315182__img_20240613_1534021__original.png?auto=format\" data-mfp-src=\"https:\/\/judgeme.imgix.net\/reginald-men\/1719315182__img_20240613_1534021__original.png?auto=format&amp;w=1024\" aria-label=\"Link to user picture 1\"> <img class=\"jdgm-rev__pic-img\" alt=\"User picture\" data-src=\"https:\/\/judgeme.imgix.net\/reginald-men\/1719315182__img_20240613_1534021__original.png?auto=format&amp;w=160&amp;dpr=1.125&amp;w=355.292\" src=\"https:\/\/judgeme.imgix.net\/reginald-men\/1719315182__img_20240613_1534021__original.png?auto=format&amp;w=160&amp;dpr=1.125&amp;w=355.292\"> <\/a>  <\/div> <div class=\"jdgm-rev__content\">  <b class=\"jdgm-rev__title\">100% genuine<\/b> <div class=\"jdgm-rev__body\"><p>No doubt the brand and the products are 100% genuine. Best one I found I think at the last.<\/p><\/div><div class=\"jdgm-rev__custom-form\">  <\/div>   <\/div> <div class=\"jdgm-rev__actions\"> <div class=\"jdgm-rev__social\"><\/div> <div class=\"jdgm-rev__votes\"><\/div> <\/div>  <\/div><div class=\"jdgm-rev jdgm-divider-top jdgm--done-setup jdgm--leex-done-setup\" data-verified-buyer=\"false\" data-review-id=\"3fae89c9-9328-4da3-aa61-c42fde8a57f8\" data-product-title=\"Hermes - All in One Facial Serum\" data-product-url=\"\/products\/serum\" data-thumb-up-count=\"0\" data-thumb-down-count=\"0\" style=\"position: absolute; left: 371px; top: 281px;\"> <div class=\"jdgm-rev__header\"><div class=\"jdgm-row-product\"><\/div><div class=\"jdgm-row-rating\"><span class=\"jdgm-rev__rating\" data-score=\"4\" tabindex=\"0\" aria-label=\"4 star review\" role=\"img\"> <span class=\"jdgm-star jdgm--on\"><\/span><span class=\"jdgm-star jdgm--on\"><\/span><span class=\"jdgm-star jdgm--on\"><\/span><span class=\"jdgm-star jdgm--on\"><\/span><span class=\"jdgm-star jdgm--off\"><\/span> <\/span><span class=\"jdgm-rev__timestamp\" data-content=\"2024-06-25 11:28:56 UTC\">3 days ago<\/span><\/div><div class=\"jdgm-row-profile\"><div class=\"jdgm-rev__icon\"><\/div><span class=\"jdgm-rev__author-wrapper\"> <span class=\"jdgm-rev__author\">Jiten Virkar<\/span>   <\/span><\/div><div class=\"jdgm-row-extra\"><span class=\"jdgm-rev__location\">  <\/span><\/div>         <div class=\"jdgm-rev__br\"><\/div>   <\/div> <div class=\"jdgm-rev__content\">  <b class=\"jdgm-rev__title\">can be used on sensitive skin<\/b> <div class=\"jdgm-rev__body\"><p>This serum is best it does what it says and can be used on sensitive skin<\/p><\/div><div class=\"jdgm-rev__custom-form\">  <\/div>   <\/div> <div class=\"jdgm-rev__actions\"> <div class=\"jdgm-rev__social\"><\/div> <div class=\"jdgm-rev__votes\"><\/div> <\/div>  <\/div><div class=\"jdgm-rev jdgm-divider-top jdgm--done-setup jdgm--leex-done-setup\" data-verified-buyer=\"false\" data-review-id=\"04ae86ac-9137-4b7d-96c5-c5cdf66bfe8f\" data-product-title=\"Hermes - All in One Facial Serum\" data-product-url=\"\/products\/serum\" data-thumb-up-count=\"0\" data-thumb-down-count=\"0\" style=\"position: absolute; left: 742px; top: 300px;\"> <div class=\"jdgm-rev__header\"><div class=\"jdgm-row-product\"><\/div><div class=\"jdgm-row-rating\"><span class=\"jdgm-rev__rating\" data-score=\"3\" tabindex=\"0\" aria-label=\"3 star review\" role=\"img\"> <span class=\"jdgm-star jdgm--on\"><\/span><span class=\"jdgm-star jdgm--on\"><\/span><span class=\"jdgm-star jdgm--on\"><\/span><span class=\"jdgm-star jdgm--off\"><\/span><span class=\"jdgm-star jdgm--off\"><\/span> <\/span><span class=\"jdgm-rev__timestamp\" data-content=\"2024-06-25 11:26:41 UTC\">3 days ago<\/span><\/div><div class=\"jdgm-row-profile\"><div class=\"jdgm-rev__icon\"><\/div><span class=\"jdgm-rev__author-wrapper\"> <span class=\"jdgm-rev__author\">Sanzen Malhotra<\/span>   <\/span><\/div><div class=\"jdgm-row-extra\"><span class=\"jdgm-rev__location\">  <\/span><\/div>         <div class=\"jdgm-rev__br\"><\/div>   <\/div> <div class=\"jdgm-rev__content\">  <b class=\"jdgm-rev__title\">good serum but smell should be little good<\/b> <div class=\"jdgm-rev__body\"><p>it is good i liked its working and healing process but smell is not that good<\/p><\/div><div class=\"jdgm-rev__custom-form\">  <\/div>   <\/div> <div class=\"jdgm-rev__actions\"> <div class=\"jdgm-rev__social\"><\/div> <div class=\"jdgm-rev__votes\"><\/div> <\/div>  <\/div><\/div> <div class=\"jdgm-paginate\" data-per-page=\"9\" data-url=\"https:\/\/judge.me\/reviews\/reviews_for_widget\"><a class=\"jdgm-paginate__page jdgm-curt\" data-page=\"1\" aria-label=\"Page 1\" tabindex=\"0\" role=\"button\">1<\/a><a class=\"jdgm-paginate__page \" data-page=\"2\" aria-label=\"Page 2\" tabindex=\"0\" role=\"button\">2<\/a><a class=\"jdgm-paginate__page \" data-page=\"3\" aria-label=\"Page 3\" tabindex=\"0\" role=\"button\">3<\/a><a class=\"jdgm-paginate__page jdgm-paginate__next-page\" data-page=\"2\" aria-label=\"Page 2\" tabindex=\"0\" rel=\"next\" role=\"button\"><\/a><a class=\"jdgm-paginate__page jdgm-paginate__last-page\" data-page=\"10\" aria-label=\"Page 10\" tabindex=\"0\" role=\"button\"><\/a><\/div> <\/div> <div class=\"jdgm-rev-widg__paginate-spinner-wrapper\"> <div class=\"jdgm-spinner\"><\/div> <\/div> <\/div>\n<\/div>\n\n\n\n\n<\/div>\n<div style=\"clear:both\"><\/div><\/div>\n\n\n<\/section>","color_scheme":"","padding_top":40,"padding_bottom":52}},"multicolumn_3Ett7N":{"type":"multicolumn","blocks":{"column_MH4HxN":{"type":"column","settings":{"image":"shopify:\/\/shop_images\/Frame_1000004631wtcan.png","title":"","text":"","link_label":"","link":""}}},"block_order":["column_MH4HxN"],"disabled":true,"settings":{"title":"","heading_size":"h1","image_width":"full","image_ratio":"adapt","columns_desktop":3,"column_alignment":"left","background_style":"none","button_label":"","button_link":"","color_scheme":"scheme-3","columns_mobile":"1","swipe_on_mobile":false,"padding_top":36,"padding_bottom":36}},"multicolumn_7khwDt":{"type":"multicolumn","blocks":{"column_PzBq9f":{"type":"column","settings":{"image":"shopify:\/\/shop_images\/Frame_1000004644-serumhow.png","title":"","text":"","link_label":"","link":""}},"column_PnDyWX":{"type":"column","settings":{"image":"shopify:\/\/shop_images\/Frame_1000004649-serumsteps_0c945e15-e408-4e7e-a167-84401e1f79d8.png","title":"","text":"","link_label":"","link":""}}},"block_order":["column_PzBq9f","column_PnDyWX"],"disabled":true,"custom_css":[".multicolumn {margin-top: px; z-index: ;}",".multicolumn-card__info {margin-top: -44px;}","h3 {text-align: center; color: #fff; font-size: 43.942px; font-style: normal; font-stretch: semi-condensed; font-weight: 700; line-height: 77%; \/* 34.605px *\/ letter-spacing: -1.798px;}","p {margin-top: 6px; color: #fff; text-align: center; font-family: \"Tiro Devanagari Hindi\"; font-size: 22.554px; font-style: normal; font-weight: 400; line-height: 77%; \/* 17.366px *\/ letter-spacing: -0.677px;}",".slider-buttons {display: none;}"],"settings":{"title":"","heading_size":"h1","image_width":"full","image_ratio":"adapt","columns_desktop":3,"column_alignment":"left","background_style":"none","button_label":"","button_link":"","color_scheme":"scheme-3","columns_mobile":"1","swipe_on_mobile":true,"padding_top":72,"padding_bottom":36}},"rich_text_LWitVR":{"type":"rich-text","blocks":{"text_wCzBFf":{"type":"text","settings":{"text":"<p>Works<\/p>"}},"heading_wrCJjm":{"type":"heading","settings":{"heading":"Better with","heading_size":"h1"}}},"block_order":["text_wCzBFf","heading_wrCJjm"],"disabled":true,"custom_css":[".rich-text__blocks {background: #121239;}",".rich-text__heading {text-align: center; color: #fff; font-size: 43.942px; font-style: normal; font-stretch: semi-condensed; font-weight: 700; line-height: 77%; \/* 34.605px *\/ letter-spacing: -1.798px;}",".rich-text__text {margin-bottom: -16px; color: #fff; text-align: center; font-family: \"Tiro Devanagari Hindi\"; font-size: 22.554px; font-style: normal; font-weight: 400; line-height: 77%; \/* 17.366px *\/ letter-spacing: -0.677px;}"],"settings":{"desktop_content_position":"center","content_alignment":"center","color_scheme":"scheme-3","full_width":true,"padding_top":72,"padding_bottom":0}},"related-products":{"type":"related-products","disabled":true,"settings":{"heading":"You may also like","heading_size":"h2","products_to_show":4,"columns_desktop":4,"color_scheme":"scheme-1","image_ratio":"square","image_shape":"default","show_secondary_image":true,"show_vendor":false,"show_rating":false,"columns_mobile":"2","padding_top":36,"padding_bottom":28}},"featured_product_La3Vhb":{"type":"featured-product","blocks":{"text_GaqFxA":{"type":"text","disabled":true,"settings":{"text":"{{ section.settings.product.vendor }}","text_style":"uppercase"}},"title_WTmKcM":{"type":"title","settings":{"heading_size":"h1"}},"price_eYRU4f":{"type":"price","settings":{}},"variant_picker_BFdBKE":{"type":"variant_picker","disabled":true,"settings":{"picker_type":"button","swatch_shape":"circle"}},"quantity_selector_EjXByq":{"type":"quantity_selector","disabled":true,"settings":{}},"buy_buttons_jEYXAE":{"type":"buy_buttons","settings":{"show_dynamic_checkout":true,"show_gift_card_recipient":true}}},"block_order":["text_GaqFxA","title_WTmKcM","price_eYRU4f","variant_picker_BFdBKE","quantity_selector_EjXByq","buy_buttons_jEYXAE"],"disabled":true,"custom_css":["div {text-align: center; justify-content: center; align-content: center;}",".shopify-payment-button__button,.product__tax,.product__view-details {display: none;}",".button {background-color: #fff; color: #121239; font-family: Hind; font-weight: 600; letter-spacing: -0.4px; height: 64px; margin-inline: auto;}","h2 {margin-top: 0px; font-family: \"Noto Sans\"; font-size: 32.79px; letter-spacing: -1.232px;}",".media-fit-contain {border-radius: 22px; transform: scale(0.9);}",".product__media {border-radius: 22px;}"],"settings":{"product":"serum","color_scheme":"scheme-3","secondary_background":false,"media_size":"medium","constrain_to_viewport":true,"media_fit":"contain","media_position":"left","image_zoom":"none","hide_variants":false,"enable_video_looping":false,"padding_top":36,"padding_bottom":92}}},"order":["custom_liquid_cWrRkz","main","ss_scrolling_announcement_bar_fmbKGc","ss_feature_1_mJJxay","ss_countdown_bar_pd4nUc","rich_text_tWddpc","multicolumn_QrLqkd","collapsible_content_TMmbYb","1711451785618d8af4","custom_liquid_XHtK7r","multicolumn_3Ett7N","multicolumn_7khwDt","rich_text_LWitVR","related-products","featured_product_La3Vhb"]}