{"sections":{"custom_liquid_FNLk8Y":{"type":"custom-liquid","settings":{"custom_liquid":"<form style='margin:-220px 10px 0px 820px;width:300px;background-color: #000000;' method=\"post\" action=\"\/cart\/add\" id=\"product-form-template--17321903587508__main\" accept-charset=\"UTF-8\" class=\"form\" enctype=\"multipart\/form-data\" novalidate=\"novalidate\" data-type=\"add-to-cart-form\"><input type=\"hidden\" name=\"form_type\" value=\"product\"><input type=\"hidden\" name=\"utf8\" value=\"✓\"><input type=\"hidden\" name=\"id\" value=\"43456990707892\" class=\"product-variant-id\"><div class=\"product-form__buttons\"><button style='background-color:#000E8B;color:#ffffff' id=\"ProductSubmitButton-template--17321903587508__main\" type=\"submit\" name=\"add\" class=\"product-form__submit button button--full-width button--secondary\" aria-haspopup=\"dialog\" fdprocessedid=\"dvbxve\">\n            <span>Add to cart\n<\/span>\n\n<link href=\"\/\/www.reginaldmen.com\/cdn\/shop\/t\/105\/assets\/component-loading-spinner.css?v=116724955567955766481727266316\" rel=\"stylesheet\" type=\"text\/css\" media=\"all\">\n\n<div class=\"loading__spinner hidden\">\n  <svg aria-hidden=\"true\" focusable=\"false\" class=\"spinner\" viewBox=\"0 0 66 66\" xmlns=\"http:\/\/www.w3.org\/2000\/svg\">\n    <circle class=\"path\" fill=\"none\" stroke-width=\"6\" cx=\"33\" cy=\"33\" r=\"30\"><\/circle>\n  <\/svg>\n<\/div>\n<\/button><div data-shopify=\"payment-button\" class=\"shopify-payment-button\"> <shopify-accelerated-checkout recommended=\"null\" fallback=\"{&quot;name&quot;:&quot;buy_it_now&quot;,&quot;wallet_params&quot;:{}}\" access-token=\"78328903bc2e486e74eaf073da31f9a1\" buyer-country=\"IN\" buyer-locale=\"en\" buyer-currency=\"INR\" variant-params=\"[{&quot;id&quot;:43456990707892,&quot;requiresShipping&quot;:true}]\" shop-id=\"63761940660\" requires-shipping=\"\"><shopify-buy-it-now-button access-token=\"78328903bc2e486e74eaf073da31f9a1\" buyer-country=\"IN\" buyer-currency=\"INR\" wallet-params=\"{}\" page-type=\"product\" slot=\"button\" requires-shipping=\"\" call-to-action=\"\"><button type=\"button\" class=\"shopify-payment-button__button shopify-payment-button__button--unbranded\">Buy it now<\/button><\/shopify-buy-it-now-button><\/shopify-accelerated-checkout> <\/div>\n<\/div><input type=\"hidden\" name=\"product-id\" value=\"7517413638324\"><input type=\"hidden\" name=\"section-id\" value=\"template--17321903587508__main\"><\/form>","color_scheme":"scheme-5","padding_top":20,"padding_bottom":20}},"slideshow_Pnpxef":{"type":"slideshow","blocks":{"slide_wHEYzn":{"type":"slide","settings":{"image":"shopify:\/\/shop_images\/Frame_1000005559_2.png","heading":"","heading_size":"h1","subheading":"","button_label":"","link":"","button_style_secondary":false,"box_align":"middle-center","show_text_box":false,"text_alignment":"center","image_overlay_opacity":0,"color_scheme":"scheme-5","text_alignment_mobile":"center"}},"slide_hmJnjD":{"type":"slide","settings":{"image":"shopify:\/\/shop_images\/Group_1000006441_3.png","heading":"","heading_size":"h1","subheading":"","button_label":"","link":"","button_style_secondary":false,"box_align":"middle-center","show_text_box":false,"text_alignment":"center","image_overlay_opacity":0,"color_scheme":"scheme-5","text_alignment_mobile":"center"}},"slide_hVaryH":{"type":"slide","settings":{"image":"shopify:\/\/shop_images\/Frame_1000005558_3.png","heading":"","heading_size":"h1","subheading":"","button_label":"","link":"","button_style_secondary":false,"box_align":"middle-center","show_text_box":false,"text_alignment":"center","image_overlay_opacity":0,"color_scheme":"scheme-5","text_alignment_mobile":"center"}},"slide_KB3e9V":{"type":"slide","settings":{"image":"shopify:\/\/shop_images\/Frame_1000005559_4.png","heading":"","heading_size":"h1","subheading":"","button_label":"","link":"","button_style_secondary":false,"box_align":"middle-center","show_text_box":false,"text_alignment":"center","image_overlay_opacity":0,"color_scheme":"scheme-5","text_alignment_mobile":"center"}},"slide_x99hAg":{"type":"slide","settings":{"image":"shopify:\/\/shop_images\/Frame_1000005560_2.png","heading":"","heading_size":"h1","subheading":"","button_label":"","link":"","button_style_secondary":false,"box_align":"middle-center","show_text_box":false,"text_alignment":"center","image_overlay_opacity":0,"color_scheme":"scheme-5","text_alignment_mobile":"center"}}},"block_order":["slide_wHEYzn","slide_hmJnjD","slide_hVaryH","slide_KB3e9V","slide_x99hAg"],"custom_css":[".slider-counter__link--numbers {color: #fff;}"],"settings":{"layout":"full_bleed","slide_height":"adapt_image","slider_visual":"dots","auto_rotate":false,"change_slides_speed":9,"image_behavior":"none","show_text_below":false,"accessibility_info":"Slideshow about our brand"}},"multicolumn_ikki4B":{"type":"multicolumn","blocks":{"column_XhYMG8":{"type":"column","settings":{"image":"shopify:\/\/shop_images\/Frame_2147224118_aee3fc22-6086-40a0-8038-6fbd1b662b45.png","title":"","text":"","link_label":"","link":""}},"column_a7ktgT":{"type":"column","settings":{"image":"shopify:\/\/shop_images\/Group_1000006621.png","title":"","text":"","link_label":"","link":""}},"column_ey7tm7":{"type":"column","settings":{"image":"shopify:\/\/shop_images\/Group_1000006256_1.png","title":"","text":"","link_label":"","link":""}},"column_6rLY4G":{"type":"column","settings":{"image":"shopify:\/\/shop_images\/Group_1000006257_1.png","title":"","text":"","link_label":"","link":""}},"column_JrkeXf":{"type":"column","settings":{"image":"shopify:\/\/shop_images\/Group_1000006258_1.png","title":"","text":"","link_label":"","link":""}},"column_8hqKnd":{"type":"column","settings":{"image":"shopify:\/\/shop_images\/Frame_1000005524_2.png","title":"","text":"","link_label":"","link":""}}},"block_order":["column_XhYMG8","column_a7ktgT","column_ey7tm7","column_6rLY4G","column_JrkeXf","column_8hqKnd"],"disabled":true,"custom_css":[".slider__slide {width: 100%;}"],"settings":{"title":"","heading_size":"h1","image_width":"full","image_ratio":"adapt","columns_desktop":6,"column_alignment":"center","background_style":"none","button_label":"","button_link":"","color_scheme":"scheme-5","columns_mobile":"1","swipe_on_mobile":true,"padding_top":0,"padding_bottom":0}},"slideshow_D9yHyM":{"type":"slideshow","blocks":{"slide_YtFx9M":{"type":"slide","settings":{"image":"shopify:\/\/shop_images\/Frame_2147224118_16584d8b-1d04-4fe5-8902-2a14a04d6aa5.png","heading":"","heading_size":"h1","subheading":"","button_label":"","link":"","button_style_secondary":false,"box_align":"middle-center","show_text_box":true,"text_alignment":"center","image_overlay_opacity":0,"color_scheme":"scheme-5","text_alignment_mobile":"center"}},"slide_9Yndmd":{"type":"slide","settings":{"image":"shopify:\/\/shop_images\/Group_1000006621.png","heading":"","heading_size":"h1","subheading":"","button_label":"","link":"","button_style_secondary":false,"box_align":"middle-center","show_text_box":true,"text_alignment":"center","image_overlay_opacity":0,"color_scheme":"scheme-5","text_alignment_mobile":"center"}},"slide_ccgJdA":{"type":"slide","settings":{"image":"shopify:\/\/shop_images\/Group_1000006256_1.png","heading":"","heading_size":"h1","subheading":"","button_label":"","link":"","button_style_secondary":false,"box_align":"middle-center","show_text_box":true,"text_alignment":"center","image_overlay_opacity":0,"color_scheme":"scheme-5","text_alignment_mobile":"center"}},"slide_JPUTM8":{"type":"slide","settings":{"image":"shopify:\/\/shop_images\/Group_1000006257_2.png","heading":"","heading_size":"h1","subheading":"","button_label":"","link":"","button_style_secondary":false,"box_align":"middle-center","show_text_box":true,"text_alignment":"center","image_overlay_opacity":0,"color_scheme":"scheme-5","text_alignment_mobile":"center"}},"slide_4DT6z7":{"type":"slide","settings":{"image":"shopify:\/\/shop_images\/Group_1000006258_3.png","heading":"","heading_size":"h1","subheading":"","button_label":"","link":"","button_style_secondary":false,"box_align":"middle-center","show_text_box":true,"text_alignment":"center","image_overlay_opacity":0,"color_scheme":"scheme-5","text_alignment_mobile":"center"}}},"block_order":["slide_YtFx9M","slide_9Yndmd","slide_ccgJdA","slide_JPUTM8","slide_4DT6z7"],"custom_css":[".banner__box {padding: 1rem 3.5rem;}"],"settings":{"layout":"full_bleed","slide_height":"adapt_image","slider_visual":"dots","auto_rotate":false,"change_slides_speed":5,"image_behavior":"none","show_text_below":true,"accessibility_info":""}},"main":{"type":"main-product","blocks":{"vendor":{"type":"text","disabled":true,"settings":{"text":"{{ product.vendor }}","text_style":"uppercase"}},"title":{"type":"title","disabled":true,"settings":{}},"price":{"type":"price","settings":{}},"rating_p74dnU":{"type":"rating","disabled":true,"settings":{}},"variant_picker":{"type":"variant_picker","disabled":true,"settings":{"picker_type":"button","swatch_shape":"circle"}},"quantity_selector":{"type":"quantity_selector","disabled":true,"settings":{}},"custom_liquid_hG3HdW":{"type":"custom_liquid","disabled":true,"settings":{"custom_liquid":"<div class=\"text_b1g1\" style='text-align:center;font-weight:bold;color:#fff'><p >B1G1 Sale! BUY 1 GET 1 FREE !<\/p><p style='text-align:center;font-weight:bold;margin-top:-15px;color:#fff'>Buy Each at 650, Lowest Price Ever.<\/p><\/div>"}},"judge_me_reviews_preview_badge_TM9Qpd":{"type":"shopify:\/\/apps\/judge-me-reviews\/blocks\/preview_badge\/61ccd3b1-a9f2-4160-9fe9-4fec8413e5d8","settings":{}},"buy_buttons":{"type":"buy_buttons","settings":{"show_dynamic_checkout":true,"show_gift_card_recipient":true}},"custom_liquid_Lm3fUq":{"type":"custom_liquid","settings":{"custom_liquid":"<div class=\"text_b1g1\" style='text-align:center;font-weight:400;color:#fff'><p >Back by 1000+ requests! Our serum is restocked without the outer carton, same product just less packaging, so grab yours before it sells out again<\/p><\/div>"}}},"block_order":["vendor","title","price","rating_p74dnU","variant_picker","quantity_selector","custom_liquid_hG3HdW","judge_me_reviews_preview_badge_TM9Qpd","buy_buttons","custom_liquid_Lm3fUq"],"custom_css":[".button {background-color: #00048a; color: #fff; margin: auto;}",".jdgm-prev-badge {margin-top: 10px;}",".jdgm-prev-badge,.product-form__quantity {text-align: center;}",".quantity__label {display: none;}",".quantity {margin: auto;}",".price {margin-top: 10px; text-align: center;}","@media (min-width: 600px) {.product__info-wrapper {margin: -32.6rem 1rem 0rem 46.4rem; z-index: 1 !important; position: relative; } .button {width: 400px; } .jdgm-prev-badge, .product-form__quantity {text-align: left; } .price {font-size: 30px; text-align: left; }}"],"settings":{"enable_sticky_info":true,"color_scheme":"scheme-5","media_size":"medium","constrain_to_viewport":true,"media_fit":"contain","gallery_layout":"thumbnail_slider","media_position":"left","image_zoom":"none","mobile_thumbnails":"hide","hide_variants":false,"enable_video_looping":false,"padding_top":0,"padding_bottom":0}},"custom_liquid_FV73LC":{"type":"custom-liquid","disabled":true,"custom_css":["@media (min-width: 600px) {div {display: none; }}"],"settings":{"custom_liquid":"<div><p  style='text-align:center;font-weight:bold;color:#fff'>Great Indian Festival! BUY 1 GET 1 FREE !<\/p><p style='text-align:center;font-weight:bold;margin-top:-15px;color:#fff'>Buy Each at 650, Lowest Price Ever.<\/p><\/div>","color_scheme":"scheme-5","padding_top":8,"padding_bottom":8}},"rich_text_gnMVjR":{"type":"rich-text","blocks":{"heading_HQ8QNL":{"type":"heading","settings":{"heading":"Save More","heading_size":"h2"}},"text_kQYy47":{"type":"text","settings":{"text":"<p>With New Year Sale<\/p>"}}},"block_order":["heading_HQ8QNL","text_kQYy47"],"custom_css":[".rich-text__blocks {background: #000000;}",".rich-text__heading {text-align: center; color: #fff; font-size: 46.57px; font-style: normal; font-stretch: semi-condensed; font-weight: 700; line-height: 77%; \/* 34.605px *\/ letter-spacing: -1.798px;}",".rich-text__text {margin-top: 15px; color: #fff; text-align: center; font-family: \"Tiro Devanagari Hindi\"; font-size: 28.39px; font-style: normal; font-weight: 400; line-height: 77%; \/* 17.366px *\/ letter-spacing: -0.677px;}",".rich-text {background-color: #000000;}"],"settings":{"desktop_content_position":"center","content_alignment":"center","color_scheme":"scheme-5","full_width":true,"padding_top":52,"padding_bottom":52}},"1727761882df1bc1de":{"type":"apps","blocks":{"bundler_bundler_target_element_PA97Pe":{"type":"shopify:\/\/apps\/bundler\/blocks\/bundler-target-element\/7a6ae1b8-3b16-449b-8429-8bb89a62c664","settings":{}}},"block_order":["bundler_bundler_target_element_PA97Pe"],"custom_css":[".bndlr-bundle-description {color: #ffffff;}",".bndlr-bundle-title {color: #ffffff;}",".bndlr-bundle-checkout-warning {color: #ffffff;}",".bndlr-total-price {color: #ffffff;}",".bndlr-products-container {background-color: #000000;}"],"settings":{"include_margins":true}},"custom_liquid_aJLwzJ":{"type":"custom-liquid","custom_css":[".form {background-color: #000000;}"],"settings":{"custom_liquid":"<div style=\"text-align:center;margin-top:-40px\">\n<p style='color:#fff;font-size:20px;margin-top:0px;color:green'><b>Grab 40% Off with This Sale<\/b><\/p>\n<\/div>","color_scheme":"scheme-5","padding_top":12,"padding_bottom":12}},"multicolumn_QrLqkd":{"type":"multicolumn","blocks":{"column_xDzcpe":{"type":"column","settings":{"image":"shopify:\/\/shop_images\/Group_1000006547.png","title":"","text":"","link_label":"","link":""}},"column_9W79jJ":{"type":"column","settings":{"image":"shopify:\/\/shop_images\/Group_1000006546.png","title":"","text":"","link_label":"","link":""}}},"block_order":["column_xDzcpe","column_9W79jJ"],"custom_css":[".slider__slide {width: 100%;}"],"settings":{"title":"","heading_size":"h1","image_width":"full","image_ratio":"adapt","columns_desktop":2,"column_alignment":"center","background_style":"none","button_label":"","button_link":"","color_scheme":"scheme-5","columns_mobile":"1","swipe_on_mobile":true,"padding_top":0,"padding_bottom":20}},"slideshow_BU63fK":{"type":"slideshow","blocks":{"slide_AJmQ4z":{"type":"slide","settings":{"image":"shopify:\/\/shop_images\/Group_1000006388.png","heading":"","heading_size":"h1","subheading":"","button_label":"","link":"","button_style_secondary":false,"box_align":"middle-center","show_text_box":false,"text_alignment":"center","image_overlay_opacity":0,"color_scheme":"scheme-5","text_alignment_mobile":"center"}}},"block_order":["slide_AJmQ4z"],"custom_css":["slideshow-component {background-color: #000000;}","@media only screen and (min-width: 600px) {}"],"settings":{"layout":"full_bleed","slide_height":"adapt_image","slider_visual":"counter","auto_rotate":false,"change_slides_speed":5,"image_behavior":"none","show_text_below":false,"accessibility_info":"Slideshow about our brand"}},"collapsible_content_TP9TMJ":{"type":"collapsible-content","blocks":{"collapsible_row_Hwy4y4":{"type":"collapsible_row","settings":{"heading":"Skin Feels & Aroma","icon":"none","row_content":"<ul><li><strong>What does it feel like?<\/strong><br\/>Water - Due to its particular unique water technology formulation, which is formulated for men's preferences, it absorbs more quickly and leaves no oily or sticky<\/li><li><strong>What does it smell like?<\/strong><br\/>Our serum has a gasoline-like scent, although we haven't incorporated any fragrances due to their potential to cause irritations. We prioritize effectiveness over aesthetics, ensuring that our serum surpasses other products on the market in terms of performance and results<br\/><\/li><\/ul>","page":""}},"collapsible_row_cVkAcn":{"type":"collapsible_row","settings":{"heading":"How to use","icon":"none","row_content":"<p>1. Use our serum both in the AM & PM after cleansing <\/p><p>2. Take 4 to 5 drops on your palm and then gently dab on your face and neck until fully absorbed.<\/p><p>3. Make sure to follow it up with our moisturizer & sunscreen for the best results<\/p>","page":""}},"collapsible_row_jjHdU7":{"type":"collapsible_row","settings":{"heading":"Key Ingredients","icon":"none","row_content":"<p>Aqua, Glycerine, Potassium Azeloly Diglycinate, Niacinamide, Succinic Acid, Betaine, Sorbitol, Alpha Arbutin, Ictasol, Glyceryl Glucoside, Dipotassium Glycyrrhizate, Sodium Levulinate, Potassium Sorbate, Sodium Hyaluronate, Polylysine, Sodium Gluconate. <\/p>","page":""}},"collapsible_row_BgM6i7":{"type":"collapsible_row","settings":{"heading":"Additional Information","icon":"none","row_content":"<p><strong>GENERIC NAME:<\/strong>  Serum<\/p><p><strong>Dimensions:<\/strong> 5*5*12.5 cm<\/p><p><strong>BEST BEFORE:<\/strong><br\/>24 Months from the Manufacturing date.<\/p><p><strong>MANUFACTURED BY<\/strong>: Aaroohee Healthcare Private Ltd.<br\/>Sy.No. 751 & 752, Burgula (V), Farooq Nagar (M), R.R.Dist. Telangana - 509 202.<\/p><p><strong>MARKETED BY<\/strong>: BTM Ventures info@reginaldmen.com<br\/>Plot no 194, Survey Of India Ayyappa Society, Survey of India Colony, Chanda Naik Nagar, Madhapur, Hyderabad, Telangana 500081<\/p><p><strong>Mfg License Number: <\/strong>02\/MBNR\/TS\/2021\/C\/G<br\/><br\/><strong>Maximum Retail Price :<\/strong> Rs.1299 (inclusive all taxes)<\/p><p><strong>Net Qty:<\/strong> 30grams<\/p><p><strong>If You have any queries:<\/strong><br\/>Email: info@reginaldmen.com<\/p><p>WhatsApp:+91 8374525213<br\/><\/p>","page":""}}},"block_order":["collapsible_row_Hwy4y4","collapsible_row_cVkAcn","collapsible_row_jjHdU7","collapsible_row_BgM6i7"],"custom_css":["h3 {font-size: 18px;}",".accordion {background-color: rgb(0, 0, 0); \/* backdrop-filter: blur(10px); *\/ border-bottom: 0.5px solid #fff; border-top: 0.5px solid #fff;}",".collapsible-content {margin-top: -10px; background-color: #000000; padding: 0px 30px 0px 30px;}","@media (max-width: 600px) {.collapsible-content__media {display: none; } .collapsible-content__header {display: none; }}","@media (min-width: 600px) {h3 {font-size: 24px; } .grid__item {padding: 10px; margin: 10px 0px 0px 0px; } .collapsible-content__grid-item {margin: 0px !important; }}"],"settings":{"caption":"","heading":"What It Does ?","heading_size":"h0","heading_alignment":"center","layout":"none","color_scheme":"scheme-5","container_color_scheme":"scheme-5","open_first_collapsible_row":true,"image":"shopify:\/\/shop_images\/Screenshot_2024-07-30_at_5.13.28_PM_1_1.png","image_ratio":"adapt","desktop_layout":"image_first","padding_top":44,"padding_bottom":32}},"custom_liquid_mcEN8Q":{"type":"custom-liquid","disabled":true,"custom_css":["@media (min-width: 600px) {form {display: none; }}"],"settings":{"custom_liquid":"<form style='width:300px;margin:auto;background-color: #000000;' method=\"post\" action=\"\/cart\/add\" id=\"product-form-template--17321903587508__main\" accept-charset=\"UTF-8\" class=\"form\" enctype=\"multipart\/form-data\" novalidate=\"novalidate\" data-type=\"add-to-cart-form\"><input type=\"hidden\" name=\"form_type\" value=\"product\"><input type=\"hidden\" name=\"utf8\" value=\"✓\"><input type=\"hidden\" name=\"id\" value=\"43456990707892\" class=\"product-variant-id\"><div class=\"product-form__buttons\"><button style='background-color:#000E8B;color:#ffffff' id=\"ProductSubmitButton-template--17321903587508__main\" type=\"submit\" name=\"add\" class=\"product-form__submit button button--full-width button--secondary\" aria-haspopup=\"dialog\" fdprocessedid=\"dvbxve\">\n            <span>Add to cart\n<\/span>\n\n<link href=\"\/\/www.reginaldmen.com\/cdn\/shop\/t\/105\/assets\/component-loading-spinner.css?v=116724955567955766481727266316\" rel=\"stylesheet\" type=\"text\/css\" media=\"all\">\n\n<div class=\"loading__spinner hidden\">\n  <svg aria-hidden=\"true\" focusable=\"false\" class=\"spinner\" viewBox=\"0 0 66 66\" xmlns=\"http:\/\/www.w3.org\/2000\/svg\">\n    <circle class=\"path\" fill=\"none\" stroke-width=\"6\" cx=\"33\" cy=\"33\" r=\"30\"><\/circle>\n  <\/svg>\n<\/div>\n<\/button><div data-shopify=\"payment-button\" class=\"shopify-payment-button\"> <shopify-accelerated-checkout recommended=\"null\" fallback=\"{&quot;name&quot;:&quot;buy_it_now&quot;,&quot;wallet_params&quot;:{}}\" access-token=\"78328903bc2e486e74eaf073da31f9a1\" buyer-country=\"IN\" buyer-locale=\"en\" buyer-currency=\"INR\" variant-params=\"[{&quot;id&quot;:43456990707892,&quot;requiresShipping&quot;:true}]\" shop-id=\"63761940660\" requires-shipping=\"\"><shopify-buy-it-now-button access-token=\"78328903bc2e486e74eaf073da31f9a1\" buyer-country=\"IN\" buyer-currency=\"INR\" wallet-params=\"{}\" page-type=\"product\" slot=\"button\" requires-shipping=\"\" call-to-action=\"\"><button type=\"button\" class=\"shopify-payment-button__button shopify-payment-button__button--unbranded\">Buy it now<\/button><\/shopify-buy-it-now-button><\/shopify-accelerated-checkout> <\/div>\n<\/div><input type=\"hidden\" name=\"product-id\" value=\"7517413638324\"><input type=\"hidden\" name=\"section-id\" value=\"template--17321903587508__main\"><\/form>","color_scheme":"scheme-5","padding_top":0,"padding_bottom":8}},"custom_liquid_Qhr9eG":{"type":"custom-liquid","disabled":true,"custom_css":["@media (max-width: 600px) {form {display: none; }}"],"settings":{"custom_liquid":"<form style='margin:-120px 10px 0px 280px;width:400px;background-color: #000000;' method=\"post\" action=\"\/cart\/add\" id=\"product-form-template--17321903587508__main\" accept-charset=\"UTF-8\" class=\"form\" enctype=\"multipart\/form-data\" novalidate=\"novalidate\" data-type=\"add-to-cart-form\"><input type=\"hidden\" name=\"form_type\" value=\"product\"><input type=\"hidden\" name=\"utf8\" value=\"✓\"><input type=\"hidden\" name=\"id\" value=\"43456990707892\" class=\"product-variant-id\"><div class=\"product-form__buttons\"><button style='background-color:#000E8B;color:#ffffff' id=\"ProductSubmitButton-template--17321903587508__main\" type=\"submit\" name=\"add\" class=\"product-form__submit button button--full-width button--secondary\" aria-haspopup=\"dialog\" fdprocessedid=\"dvbxve\">\n            <span>Add to cart\n<\/span>\n\n<link href=\"\/\/www.reginaldmen.com\/cdn\/shop\/t\/105\/assets\/component-loading-spinner.css?v=116724955567955766481727266316\" rel=\"stylesheet\" type=\"text\/css\" media=\"all\">\n\n<div class=\"loading__spinner hidden\">\n  <svg aria-hidden=\"true\" focusable=\"false\" class=\"spinner\" viewBox=\"0 0 66 66\" xmlns=\"http:\/\/www.w3.org\/2000\/svg\">\n    <circle class=\"path\" fill=\"none\" stroke-width=\"6\" cx=\"33\" cy=\"33\" r=\"30\"><\/circle>\n  <\/svg>\n<\/div>\n<\/button><div data-shopify=\"payment-button\" class=\"shopify-payment-button\"> <shopify-accelerated-checkout recommended=\"null\" fallback=\"{&quot;name&quot;:&quot;buy_it_now&quot;,&quot;wallet_params&quot;:{}}\" access-token=\"78328903bc2e486e74eaf073da31f9a1\" buyer-country=\"IN\" buyer-locale=\"en\" buyer-currency=\"INR\" variant-params=\"[{&quot;id&quot;:43456990707892,&quot;requiresShipping&quot;:true}]\" shop-id=\"63761940660\" requires-shipping=\"\"><shopify-buy-it-now-button access-token=\"78328903bc2e486e74eaf073da31f9a1\" buyer-country=\"IN\" buyer-currency=\"INR\" wallet-params=\"{}\" page-type=\"product\" slot=\"button\" requires-shipping=\"\" call-to-action=\"\"><button type=\"button\" class=\"shopify-payment-button__button shopify-payment-button__button--unbranded\">Buy it now<\/button><\/shopify-buy-it-now-button><\/shopify-accelerated-checkout> <\/div>\n<\/div><input type=\"hidden\" name=\"product-id\" value=\"7517413638324\"><input type=\"hidden\" name=\"section-id\" value=\"template--17321903587508__main\"><\/form>","color_scheme":"scheme-5","padding_top":20,"padding_bottom":20}},"featured_collection_xNq3Ky":{"type":"featured-collection","disabled":true,"custom_css":["button {color: #ffffff; font-weight: bold; background-color: black; border: 1px solid #ffffff;}",".collection {background-color: #000000;}"],"settings":{"title":"","heading_size":"h1","description":"","show_description":false,"description_style":"body","collection":"cleanser-sunscreen","products_to_show":2,"columns_desktop":2,"full_width":false,"show_view_all":true,"view_all_style":"solid","enable_desktop_slider":false,"color_scheme":"scheme-5","image_ratio":"adapt","image_shape":"default","show_secondary_image":false,"show_vendor":false,"show_rating":false,"enable_quick_add":true,"columns_mobile":"2","swipe_on_mobile":false,"padding_top":36,"padding_bottom":36}},"multicolumn_3X9LYp":{"type":"multicolumn","blocks":{"column_6w4m6Y":{"type":"column","settings":{"image":"shopify:\/\/shop_images\/Group_1000003906_1.png","title":"","text":"<p>.<\/p>","link_label":"","link":""}}},"block_order":["column_6w4m6Y"],"custom_css":["div {display: block; margin: 0 auto; height: 100%;}",".multicolumn-card__info {display: none;}",".center {display: block; margin-top: -120px; margin-bottom: 60px;}",".button {color: #fff; width: 300px; margin-top: 36px; border-radius: 8.372px; background: #00048a;}"],"settings":{"title":"","heading_size":"h1","image_width":"full","image_ratio":"adapt","columns_desktop":1,"column_alignment":"left","background_style":"primary","button_label":"Take the Quiz","button_link":"https:\/\/www.reginaldmen.com\/?utm_source=Quiz&utm_medium=home_direct&utm_campaign=SkinTest#quiz-gWH2J3","color_scheme":"scheme-5","columns_mobile":"1","swipe_on_mobile":false,"padding_top":36,"padding_bottom":36}},"slideshow_7dqHRq":{"type":"slideshow","blocks":{"slide_6LtCmN":{"type":"slide","settings":{"image":"shopify:\/\/shop_images\/Group_1000004193_1.png","heading":"","heading_size":"h1","subheading":"","button_label":"","link":"","button_style_secondary":false,"box_align":"middle-center","show_text_box":false,"text_alignment":"center","image_overlay_opacity":0,"color_scheme":"scheme-5","text_alignment_mobile":"center"}}},"block_order":["slide_6LtCmN"],"custom_css":[".button {margin-top: 600px; background-color: #0000ff75; fill-opacity: 0.5; color: #ffffff; width: 200px;}"],"settings":{"layout":"full_bleed","slide_height":"adapt_image","slider_visual":"counter","auto_rotate":false,"change_slides_speed":5,"image_behavior":"none","show_text_below":false,"accessibility_info":"Slideshow about our brand"}},"slideshow_4RADxV":{"type":"slideshow","blocks":{"slide_pzxxaC":{"type":"slide","settings":{"image":"shopify:\/\/shop_images\/Group_1000006401_1.png","heading":"","heading_size":"h1","subheading":"","button_label":"","link":"","button_style_secondary":false,"box_align":"middle-center","show_text_box":false,"text_alignment":"center","image_overlay_opacity":0,"color_scheme":"scheme-5","text_alignment_mobile":"center"}}},"block_order":["slide_pzxxaC"],"settings":{"layout":"full_bleed","slide_height":"adapt_image","slider_visual":"counter","auto_rotate":false,"change_slides_speed":5,"image_behavior":"none","show_text_below":false,"accessibility_info":"Slideshow about our brand"}},"custom_liquid_feLYMP":{"type":"custom-liquid","disabled":true,"custom_css":["@media (max-width: 600px) {form {display: none; }}"],"settings":{"custom_liquid":"<div class=\"product-form__buttons\"><button style='background-color:#000E8B;color:#ffffff' id=\"ProductSubmitButton-template--17321903587508__main\" type=\"submit\" name=\"add\" class=\"product-form__submit button button--full-width button--secondary\" aria-haspopup=\"dialog\" fdprocessedid=\"dvbxve\">\n            <span>Add to cart\n<\/span>\n\n<link href=\"\/\/www.reginaldmen.com\/cdn\/shop\/t\/105\/assets\/component-loading-spinner.css?v=116724955567955766481727266316\" rel=\"stylesheet\" type=\"text\/css\" media=\"all\">\n\n<div class=\"loading__spinner hidden\">\n  <svg aria-hidden=\"true\" focusable=\"false\" class=\"spinner\" viewBox=\"0 0 66 66\" xmlns=\"http:\/\/www.w3.org\/2000\/svg\">\n    <circle class=\"path\" fill=\"none\" stroke-width=\"6\" cx=\"33\" cy=\"33\" r=\"30\"><\/circle>\n  <\/svg>\n<\/div>\n<\/button><div data-shopify=\"payment-button\" class=\"shopify-payment-button\"> <shopify-accelerated-checkout recommended=\"null\" fallback=\"{&quot;name&quot;:&quot;buy_it_now&quot;,&quot;wallet_params&quot;:{}}\" access-token=\"78328903bc2e486e74eaf073da31f9a1\" buyer-country=\"IN\" buyer-locale=\"en\" buyer-currency=\"INR\" variant-params=\"[{&quot;id&quot;:43456990707892,&quot;requiresShipping&quot;:true}]\" shop-id=\"63761940660\" requires-shipping=\"\"><shopify-buy-it-now-button access-token=\"78328903bc2e486e74eaf073da31f9a1\" buyer-country=\"IN\" buyer-currency=\"INR\" wallet-params=\"{}\" page-type=\"product\" slot=\"button\" requires-shipping=\"\" call-to-action=\"\"><button type=\"button\" class=\"shopify-payment-button__button shopify-payment-button__button--unbranded\">Buy it now<\/button><\/shopify-buy-it-now-button><\/shopify-accelerated-checkout> <\/div>\n<\/div><input type=\"hidden\" name=\"product-id\" value=\"7517413638324\"><input type=\"hidden\" name=\"section-id\" value=\"template--17321903587508__main\"><\/form>","color_scheme":"scheme-5","padding_top":12,"padding_bottom":20}},"slideshow_mD3hww":{"type":"slideshow","blocks":{"slide_9iPdNV":{"type":"slide","settings":{"image":"shopify:\/\/shop_images\/Winters_B_2_Sunscreens_bf_static_story_151124_8.png","heading":"","heading_size":"h1","subheading":"","button_label":"","link":"","button_style_secondary":false,"box_align":"middle-center","show_text_box":false,"text_alignment":"center","image_overlay_opacity":0,"color_scheme":"scheme-5","text_alignment_mobile":"center"}}},"block_order":["slide_9iPdNV"],"settings":{"layout":"full_bleed","slide_height":"adapt_image","slider_visual":"counter","auto_rotate":false,"change_slides_speed":3,"image_behavior":"none","show_text_below":false,"accessibility_info":"Slideshow about our brand"}},"custom_liquid_cQmRWb":{"type":"custom-liquid","custom_css":[".gradient {background-color: #000000;}","@media (min-width: 600px) {.form {margin: -350px auto auto 970px !important; width: 400px !important; }}","@media (min-width: 1490px) {.form {margin: -330px auto auto 900px !important; width: 400px !important; }}"],"settings":{"custom_liquid":"<div style=\"text-align:center;margin-top:-165px;position:sticky\" >\n<button style='background-color:#000E8B;color:#ffffff;width:76%;padding:15px 10px;border:none;border-radius:10px;font-weight:bold;font-size:16px;cursor:pointer;' class='addtocartsss' id=\"add-to-cart\">\n            ADD TO CART\n<\/button>\n<\/div>","color_scheme":"scheme-5","padding_top":8,"padding_bottom":12}},"1726837877ded32852":{"type":"apps","blocks":{"judge_me_reviews_review_widget_37NJiC":{"type":"shopify:\/\/apps\/judge-me-reviews\/blocks\/review_widget\/61ccd3b1-a9f2-4160-9fe9-4fec8413e5d8","settings":{}}},"block_order":["judge_me_reviews_review_widget_37NJiC"],"custom_css":["#shopify-block-judge_me_reviews_review_widget_37NJiC {background-color: #000;}"],"settings":{"include_margins":true}},"slideshow_QETVaK":{"type":"slideshow","blocks":{"slide_4hAT8U":{"type":"slide","settings":{"image":"shopify:\/\/shop_images\/Group_1000006541.png","heading":"","heading_size":"h1","subheading":"","button_label":"","link":"","button_style_secondary":false,"box_align":"middle-center","show_text_box":false,"text_alignment":"center","image_overlay_opacity":0,"color_scheme":"scheme-5","text_alignment_mobile":"center"}}},"block_order":["slide_4hAT8U"],"custom_css":[".slideshow {padding-top: 30px; background-color: #000000;}"],"settings":{"layout":"full_bleed","slide_height":"adapt_image","slider_visual":"counter","auto_rotate":false,"change_slides_speed":5,"image_behavior":"none","show_text_below":false,"accessibility_info":"Slideshow about our brand"}},"slideshow_AXdwWd":{"type":"slideshow","blocks":{"slide_DVkVJ4":{"type":"slide","settings":{"image":"shopify:\/\/shop_images\/Frame_1000005472_1.png","heading":"","heading_size":"h1","subheading":"","button_label":"","link":"","button_style_secondary":false,"box_align":"middle-center","show_text_box":false,"text_alignment":"center","image_overlay_opacity":0,"color_scheme":"scheme-5","text_alignment_mobile":"center"}}},"block_order":["slide_DVkVJ4"],"settings":{"layout":"full_bleed","slide_height":"adapt_image","slider_visual":"counter","auto_rotate":false,"change_slides_speed":5,"image_behavior":"none","show_text_below":false,"accessibility_info":"Slideshow about our brand"}},"related-products":{"type":"related-products","disabled":true,"settings":{"heading":"You may also like","heading_size":"h2","products_to_show":4,"columns_desktop":4,"color_scheme":"scheme-1","image_ratio":"square","image_shape":"default","show_secondary_image":true,"show_vendor":false,"show_rating":false,"columns_mobile":"2","padding_top":36,"padding_bottom":28}}},"order":["slideshow_Pnpxef","custom_liquid_FNLk8Y","multicolumn_ikki4B","slideshow_D9yHyM","main","custom_liquid_FV73LC","rich_text_gnMVjR","1727761882df1bc1de","custom_liquid_aJLwzJ","multicolumn_QrLqkd","slideshow_BU63fK","collapsible_content_TP9TMJ","custom_liquid_mcEN8Q","custom_liquid_Qhr9eG","featured_collection_xNq3Ky","multicolumn_3X9LYp","slideshow_7dqHRq","slideshow_4RADxV","custom_liquid_feLYMP","slideshow_mD3hww","custom_liquid_cQmRWb","1726837877ded32852","slideshow_QETVaK","slideshow_AXdwWd","related-products"]}