{"sections":{"custom_liquid_AzFk4H":{"type":"custom-liquid","settings":{"custom_liquid":"<div class=\"p_head\" style=\"padding: 0px 1rem\">\n      <h3 style=\"margin: 10px 0; padding: 0 8px\">\n        The lightest SPF 50 & PA ++++ sunscreen you will ever use !\n      <\/h3>\n      <div\n        style=\"\n          display: flex;\n          flex-wrap: wrap;\n          gap: 4px;\n          font-size: 8px;\n          margin: 0 auto;\n          padding: 0 6px;\n        \">\n        <span\n          style=\"\n            display: flex;\n            align-items: center;\n            gap: 0.4rem;\n            background-color: white;\n            color: #010118;\n            font-weight: 600;\n            padding: 5px 10px;\n            border-radius: 25px;\n          \"\n          ><svg\n            xmlns=\"http:\/\/www.w3.org\/2000\/svg\"\n            fill=\"#000000\"\n            width=\"20px\"\n            height=\"20px\"\n            viewBox=\"0 0 24 24\">\n            <path\n              d=\"M12,2A10,10,0,1,0,22,12,10,10,0,0,0,12,2Zm5.676,8.237-6,5.5a1,1,0,0,1-1.383-.03l-3-3a1,1,0,1,1,1.414-1.414l2.323,2.323,5.294-4.853a1,1,0,1,1,1.352,1.474Z\" \/>\n          <\/svg>\n          Skin brightening <\/span\n        ><span\n          style=\"\n            display: flex;\n            align-items: center;\n            gap: 0.4rem;\n            background-color: white;\n            color: #010118;\n            font-weight: 600;\n            padding: 5px 10px;\n            border-radius: 25px;\n          \"\n          ><svg\n            xmlns=\"http:\/\/www.w3.org\/2000\/svg\"\n            fill=\"#000000\"\n            width=\"20px\"\n            height=\"20px\"\n            viewBox=\"0 0 24 24\">\n            <path\n              d=\"M12,2A10,10,0,1,0,22,12,10,10,0,0,0,12,2Zm5.676,8.237-6,5.5a1,1,0,0,1-1.383-.03l-3-3a1,1,0,1,1,1.414-1.414l2.323,2.323,5.294-4.853a1,1,0,1,1,1.352,1.474Z\" \/>\n          <\/svg>\n          Antioxidants better than Vitamin C\n        <\/span><span\n          style=\"\n            display: flex;\n            align-items: center;\n            gap: 0.4rem;\n            background-color: white;\n            color: #010118;\n            font-weight: 600;\n            padding: 5px 10px;\n            border-radius: 25px;\n          \"\n          ><svg\n            xmlns=\"http:\/\/www.w3.org\/2000\/svg\"\n            fill=\"#000000\"\n            width=\"20px\"\n            height=\"20px\"\n            viewBox=\"0 0 24 24\">\n            <path\n              d=\"M12,2A10,10,0,1,0,22,12,10,10,0,0,0,12,2Zm5.676,8.237-6,5.5a1,1,0,0,1-1.383-.03l-3-3a1,1,0,1,1,1.414-1.414l2.323,2.323,5.294-4.853a1,1,0,1,1,1.352,1.474Z\" \/>\n          <\/svg>\n          Clinically Proven\n        <\/span>\n        \n        <span\n          style=\"\n            display: flex;\n            align-items: center;\n            gap: 0.4rem;\n            background-color: white;\n            color: #010118;\n            font-weight: 600;\n            padding: 5px 10px;\n            border-radius: 25px;\n          \"\n          ><svg\n            xmlns=\"http:\/\/www.w3.org\/2000\/svg\"\n            fill=\"#000000\"\n            width=\"20px\"\n            height=\"20px\"\n            viewBox=\"0 0 24 24\">\n            <path\n              d=\"M12,2A10,10,0,1,0,22,12,10,10,0,0,0,12,2Zm5.676,8.237-6,5.5a1,1,0,0,1-1.383-.03l-3-3a1,1,0,1,1,1.414-1.414l2.323,2.323,5.294-4.853a1,1,0,1,1,1.352,1.474Z\" \/>\n          <\/svg>\n          Lightweight Encapsulation Technology<\/span\n        >\n      <\/div>\n    <\/div>","color_scheme":"scheme-3","padding_top":20,"padding_bottom":0}},"main":{"type":"main-product","blocks":{"vendor":{"type":"text","disabled":true,"settings":{"text":"{{ product.vendor }}","text_style":"uppercase"}},"title":{"type":"title","settings":{}},"description_PVccfb":{"type":"description","disabled":true,"settings":{}},"rating_p74dnU":{"type":"rating","disabled":true,"settings":{}},"judge_me_reviews_preview_badge_QKwVB4":{"type":"shopify:\/\/apps\/judge-me-reviews\/blocks\/preview_badge\/61ccd3b1-a9f2-4160-9fe9-4fec8413e5d8","settings":{}},"custom_liquid_jbaGW9":{"type":"custom_liquid","settings":{"custom_liquid":"<p style=\"margin:0;padding-bottom:15px;text-transform:capitalize;font-family:Noto Sans R\"><span style=\"color:white;font-family:Noto Sans SB\">322+<\/span> units sold<\/p>"}},"price":{"type":"price","settings":{}},"variant_picker":{"type":"variant_picker","settings":{"picker_type":"button","swatch_shape":"circle"}},"custom_liquid_dgkG8B":{"type":"custom_liquid","disabled":true,"settings":{"custom_liquid":"<div style=\"font-size:2.4rem\"><h2>Available Offers<\/h2><\/div>\n<div  style=\"margin-top:20px;font-size:1.3rem;font-family:Noto Sans R; padding:20px;line-height:22px;padding:5px;background-color: rgb(255, 255, 255);color:#202067;border-radius:10px;\">\n<p style=\"margin:10px 20px\"><svg fill=\"#000000\" height=\"12px\" width=\"12px\" version=\"1.1\" xmlns=\"http:\/\/www.w3.org\/2000\/svg\" viewBox=\"0 0 512 512\" xmlns:xlink=\"http:\/\/www.w3.org\/1999\/xlink\" enable-background=\"new 0 0 512 512\"><g id=\"SVGRepo_bgCarrier\" stroke-width=\"0\"><\/g><g id=\"SVGRepo_tracerCarrier\" stroke-linecap=\"round\" stroke-linejoin=\"round\"><\/g><g id=\"SVGRepo_iconCarrier\"> <g> <path d=\"m368.4,90.3c-30.3,0-54.9,24.6-54.9,54.9s24.6,54.9 54.9,54.9c30.3,0 54.9-24.6 54.9-54.9s-24.6-54.9-54.9-54.9zm0,69.1c-7.8,0-14.2-6.3-14.2-14.2s6.3-14.2 14.2-14.2c7.8,0 14.2,6.3 14.2,14.2s-6.4,14.2-14.2,14.2z\"><\/path> <path d=\"m54.4,312.2l142.4,144.5 262.8-259-22.9-119.7-119.4-24.8-262.9,259h2.13163e-14zm142.4,188c-9.2,0-17.9-3.6-24.4-10.2l-151.6-153.9c-13.2-13.4-13.1-35.1 0.4-48.4l270-266c8.1-8 19.9-11.5 31-9.1l127,26.4c13.6,2.8 24,13.5 26.7,27.1l24.5,127.4c2.2,11.3-1.4,22.8-9.6,30.9l-270,266c-6.4,6.3-15,9.8-24,9.8z\"><\/path> <\/g> <\/g><\/svg> Get Facewash, Sunscreen for <strong>₹999.<\/strong>   (Use Code:<strong class=\"copyCode\" style=\"cursor: pointer;\"> <svg xmlns=\"http:\/\/www.w3.org\/2000\/svg\" width=\"12px\" height=\"12px\" viewBox=\"0 0 20 20\" fill=\"none\">\n  <path fill=\"#000000\" fill-rule=\"evenodd\" d=\"M4 2a2 2 0 00-2 2v9a2 2 0 002 2h2v2a2 2 0 002 2h9a2 2 0 002-2V8a2 2 0 00-2-2h-2V4a2 2 0 00-2-2H4zm9 4V4H4v9h2V8a2 2 0 012-2h5zM8 8h9v9H8V8z\"\/>\n<\/svg>GLOW<\/strong>) and <strong style=\"color:green\">save ₹450<\/strong><br> \n<\/p>\n<p style=\"margin:10px 20px\"><svg fill=\"#000000\" height=\"12px\" width=\"12px\" version=\"1.1\" xmlns=\"http:\/\/www.w3.org\/2000\/svg\" viewBox=\"0 0 512 512\" xmlns:xlink=\"http:\/\/www.w3.org\/1999\/xlink\" enable-background=\"new 0 0 512 512\"><g id=\"SVGRepo_bgCarrier\" stroke-width=\"0\"><\/g><g id=\"SVGRepo_tracerCarrier\" stroke-linecap=\"round\" stroke-linejoin=\"round\"><\/g><g id=\"SVGRepo_iconCarrier\"> <g> <path d=\"m368.4,90.3c-30.3,0-54.9,24.6-54.9,54.9s24.6,54.9 54.9,54.9c30.3,0 54.9-24.6 54.9-54.9s-24.6-54.9-54.9-54.9zm0,69.1c-7.8,0-14.2-6.3-14.2-14.2s6.3-14.2 14.2-14.2c7.8,0 14.2,6.3 14.2,14.2s-6.4,14.2-14.2,14.2z\"><\/path> <path d=\"m54.4,312.2l142.4,144.5 262.8-259-22.9-119.7-119.4-24.8-262.9,259h2.13163e-14zm142.4,188c-9.2,0-17.9-3.6-24.4-10.2l-151.6-153.9c-13.2-13.4-13.1-35.1 0.4-48.4l270-266c8.1-8 19.9-11.5 31-9.1l127,26.4c13.6,2.8 24,13.5 26.7,27.1l24.5,127.4c2.2,11.3-1.4,22.8-9.6,30.9l-270,266c-6.4,6.3-15,9.8-24,9.8z\"><\/path> <\/g> <\/g><\/svg> Get Moisturizer, Sunscreen for <strong>₹1099.<\/strong>   (Use Code:<strong class=\"copyCode\" style=\"cursor: pointer;\"> <svg xmlns=\"http:\/\/www.w3.org\/2000\/svg\" width=\"12px\" height=\"12px\" viewBox=\"0 0 20 20\" fill=\"none\">\n  <path fill=\"#000000\" fill-rule=\"evenodd\" d=\"M4 2a2 2 0 00-2 2v9a2 2 0 002 2h2v2a2 2 0 002 2h9a2 2 0 002-2V8a2 2 0 00-2-2h-2V4a2 2 0 00-2-2H4zm9 4V4H4v9h2V8a2 2 0 012-2h5zM8 8h9v9H8V8z\"\/>\n<\/svg>SHINE<\/strong>) and <strong style=\"color:green\">save ₹500<\/strong><br> \n<\/p>\n<p style=\"margin:10px 20px\"><svg fill=\"#000000\" height=\"12px\" width=\"12px\" version=\"1.1\" xmlns=\"http:\/\/www.w3.org\/2000\/svg\" viewBox=\"0 0 512 512\" xmlns:xlink=\"http:\/\/www.w3.org\/1999\/xlink\" enable-background=\"new 0 0 512 512\"><g id=\"SVGRepo_bgCarrier\" stroke-width=\"0\"><\/g><g id=\"SVGRepo_tracerCarrier\" stroke-linecap=\"round\" stroke-linejoin=\"round\"><\/g><g id=\"SVGRepo_iconCarrier\"> <g> <path d=\"m368.4,90.3c-30.3,0-54.9,24.6-54.9,54.9s24.6,54.9 54.9,54.9c30.3,0 54.9-24.6 54.9-54.9s-24.6-54.9-54.9-54.9zm0,69.1c-7.8,0-14.2-6.3-14.2-14.2s6.3-14.2 14.2-14.2c7.8,0 14.2,6.3 14.2,14.2s-6.4,14.2-14.2,14.2z\"><\/path> <path d=\"m54.4,312.2l142.4,144.5 262.8-259-22.9-119.7-119.4-24.8-262.9,259h2.13163e-14zm142.4,188c-9.2,0-17.9-3.6-24.4-10.2l-151.6-153.9c-13.2-13.4-13.1-35.1 0.4-48.4l270-266c8.1-8 19.9-11.5 31-9.1l127,26.4c13.6,2.8 24,13.5 26.7,27.1l24.5,127.4c2.2,11.3-1.4,22.8-9.6,30.9l-270,266c-6.4,6.3-15,9.8-24,9.8z\"><\/path> <\/g> <\/g><\/svg> Buy Gym Spray, Sunscreen for <strong>₹1299.<\/strong>  \n(Use Code:<strong class=\"copyCode\" style=\"cursor: pointer;\"> <svg xmlns=\"http:\/\/www.w3.org\/2000\/svg\" width=\"12px\" height=\"12px\" viewBox=\"0 0 20 20\" fill=\"none\">\n  <path fill=\"#000000\" fill-rule=\"evenodd\" d=\"M4 2a2 2 0 00-2 2v9a2 2 0 002 2h2v2a2 2 0 002 2h9a2 2 0 002-2V8a2 2 0 00-2-2h-2V4a2 2 0 00-2-2H4zm9 4V4H4v9h2V8a2 2 0 012-2h5zM8 8h9v9H8V8z\"\/><\/svg>SHIELD<\/strong>) and <strong style=\"color:green\">save ₹650<\/strong>\n<\/p> \n\n<p style=\"margin:10px 20px\"><svg fill=\"#000000\" height=\"12px\" width=\"12px\" version=\"1.1\" xmlns=\"http:\/\/www.w3.org\/2000\/svg\" viewBox=\"0 0 512 512\" xmlns:xlink=\"http:\/\/www.w3.org\/1999\/xlink\" enable-background=\"new 0 0 512 512\"><g id=\"SVGRepo_bgCarrier\" stroke-width=\"0\"><\/g><g id=\"SVGRepo_tracerCarrier\" stroke-linecap=\"round\" stroke-linejoin=\"round\"><\/g><g id=\"SVGRepo_iconCarrier\"> <g> <path d=\"m368.4,90.3c-30.3,0-54.9,24.6-54.9,54.9s24.6,54.9 54.9,54.9c30.3,0 54.9-24.6 54.9-54.9s-24.6-54.9-54.9-54.9zm0,69.1c-7.8,0-14.2-6.3-14.2-14.2s6.3-14.2 14.2-14.2c7.8,0 14.2,6.3 14.2,14.2s-6.4,14.2-14.2,14.2z\"><\/path> <path d=\"m54.4,312.2l142.4,144.5 262.8-259-22.9-119.7-119.4-24.8-262.9,259h2.13163e-14zm142.4,188c-9.2,0-17.9-3.6-24.4-10.2l-151.6-153.9c-13.2-13.4-13.1-35.1 0.4-48.4l270-266c8.1-8 19.9-11.5 31-9.1l127,26.4c13.6,2.8 24,13.5 26.7,27.1l24.5,127.4c2.2,11.3-1.4,22.8-9.6,30.9l-270,266c-6.4,6.3-15,9.8-24,9.8z\"><\/path> <\/g> <\/g><\/svg> Buy Serum, Sunscreen & Moisturizer for <strong>₹1999.<\/strong>  \n(Use Code:<strong class=\"copyCode\" style=\"cursor: pointer;\"> <svg xmlns=\"http:\/\/www.w3.org\/2000\/svg\" width=\"12px\" height=\"12px\" viewBox=\"0 0 20 20\" fill=\"none\">\n  <path fill=\"#000000\" fill-rule=\"evenodd\" d=\"M4 2a2 2 0 00-2 2v9a2 2 0 002 2h2v2a2 2 0 002 2h9a2 2 0 002-2V8a2 2 0 00-2-2h-2V4a2 2 0 00-2-2H4zm9 4V4H4v9h2V8a2 2 0 012-2h5zM8 8h9v9H8V8z\"\/><\/svg>RMCARE<\/strong>) and <strong style=\"color:green\">save ₹900<\/strong>\n<\/p>\n\n<p id=\"copyMessage\" style=\"display: none;padding:5px 20px;font-family:Noto Sans B;color:green;margin:0\">Text copied to clipboard!<\/p>\n<\/div>"}},"custom_liquid_YWMV6i":{"type":"custom_liquid","disabled":true,"settings":{"custom_liquid":"<p style=\"font-size:1.2rem;font-family:Noto Sans R;line-height:22px;padding-top:10px\">You asked for it so we did it - <\/br><span style=\"color:white;font-size:1.8rem;text-transform:capitalize;font-family:Noto Sans SB\">now available with fragrance :<\/span><\/p>"}},"quantity_selector":{"type":"quantity_selector","disabled":true,"settings":{}},"custom_liquid_Rtpcw8":{"type":"custom_liquid","disabled":true,"settings":{"custom_liquid":"<div style=\"font-size:2.4rem\"><h2>Available Offers<\/h2><\/div>\n<div  style=\"margin-top:20px;font-size:1.3rem;font-family:Noto Sans R; padding:20px;line-height:22px;padding:5px;background-color: rgb(255, 255, 255);color:#202067;border-radius:10px;\">\n\n<p style=\"margin:10px 20px\"><svg fill=\"#000000\" height=\"12px\" width=\"12px\" version=\"1.1\" xmlns=\"http:\/\/www.w3.org\/2000\/svg\" viewBox=\"0 0 512 512\" xmlns:xlink=\"http:\/\/www.w3.org\/1999\/xlink\" enable-background=\"new 0 0 512 512\"><g id=\"SVGRepo_bgCarrier\" stroke-width=\"0\"><\/g><g id=\"SVGRepo_tracerCarrier\" stroke-linecap=\"round\" stroke-linejoin=\"round\"><\/g><g id=\"SVGRepo_iconCarrier\"> <g> <path d=\"m368.4,90.3c-30.3,0-54.9,24.6-54.9,54.9s24.6,54.9 54.9,54.9c30.3,0 54.9-24.6 54.9-54.9s-24.6-54.9-54.9-54.9zm0,69.1c-7.8,0-14.2-6.3-14.2-14.2s6.3-14.2 14.2-14.2c7.8,0 14.2,6.3 14.2,14.2s-6.4,14.2-14.2,14.2z\"><\/path> <path d=\"m54.4,312.2l142.4,144.5 262.8-259-22.9-119.7-119.4-24.8-262.9,259h2.13163e-14zm142.4,188c-9.2,0-17.9-3.6-24.4-10.2l-151.6-153.9c-13.2-13.4-13.1-35.1 0.4-48.4l270-266c8.1-8 19.9-11.5 31-9.1l127,26.4c13.6,2.8 24,13.5 26.7,27.1l24.5,127.4c2.2,11.3-1.4,22.8-9.6,30.9l-270,266c-6.4,6.3-15,9.8-24,9.8z\"><\/path> <\/g> <\/g><\/svg> Buy Facewash and Mini Sunscreen for <strong>₹599.<\/strong>   (Use Code:<strong class=\"copyCode\" style=\"cursor: pointer;\"> <svg xmlns=\"http:\/\/www.w3.org\/2000\/svg\" width=\"12px\" height=\"12px\" viewBox=\"0 0 20 20\" fill=\"none\">\n  <path fill=\"#000000\" fill-rule=\"evenodd\" d=\"M4 2a2 2 0 00-2 2v9a2 2 0 002 2h2v2a2 2 0 002 2h9a2 2 0 002-2V8a2 2 0 00-2-2h-2V4a2 2 0 00-2-2H4zm9 4V4H4v9h2V8a2 2 0 012-2h5zM8 8h9v9H8V8z\"\/>\n<\/svg>MINISUN<\/strong>) and <strong style=\"color:green\">save ₹450<\/strong><br> \n<\/p>\n<p id=\"copyMessage\" style=\"display: none;padding:5px 20px;font-family:Noto Sans B;color:green;margin:0\">Text copied to clipboard!<\/p>\n<\/div>"}},"buy_buttons":{"type":"buy_buttons","settings":{"show_dynamic_checkout":true,"show_gift_card_recipient":true}},"judge_me_reviews_preview_badge_TM9Qpd":{"type":"shopify:\/\/apps\/judge-me-reviews\/blocks\/preview_badge\/61ccd3b1-a9f2-4160-9fe9-4fec8413e5d8","disabled":true,"settings":{}}},"block_order":["vendor","title","description_PVccfb","rating_p74dnU","judge_me_reviews_preview_badge_QKwVB4","custom_liquid_jbaGW9","price","variant_picker","custom_liquid_dgkG8B","custom_liquid_YWMV6i","quantity_selector","custom_liquid_Rtpcw8","buy_buttons","judge_me_reviews_preview_badge_TM9Qpd"],"custom_css":[],"settings":{"enable_sticky_info":true,"color_scheme":"scheme-3","media_size":"medium","constrain_to_viewport":true,"media_fit":"contain","gallery_layout":"thumbnail_slider","media_position":"left","image_zoom":"none","mobile_thumbnails":"hide","hide_variants":true,"enable_video_looping":false,"padding_top":20,"padding_bottom":0}},"ss_feature_1_TWjMfe":{"type":"ss-feature-1","blocks":{"image_j8KV8b":{"type":"image","settings":{"feature_title":"4k+ Happy Customers","feature_text":"","feature_image":"shopify:\/\/shop_images\/review.png","feature_url":"","hide_image":false}},"image_xDQ3F9":{"type":"image","settings":{"feature_title":"Secure Payment Options","feature_text":"","feature_image":"shopify:\/\/shop_images\/credit-card.png","feature_url":"","hide_image":false}},"image_fqxPQf":{"type":"image","settings":{"feature_title":"On Time Delivery","feature_text":"","feature_image":"shopify:\/\/shop_images\/delivery-truck.png","feature_url":"","hide_image":false}}},"block_order":["image_j8KV8b","image_xDQ3F9","image_fqxPQf"],"settings":{"feature_row":3,"feature_row_mobile":3,"feature_gap":24,"feature_gap_mobile":20,"feature_padding_vertical":0,"feature_padding_horizontal":0,"feature_radius":0,"feature_border_thickness":0,"feature_shadow":false,"feature_heading_custom":true,"feature_heading_font":"josefin_sans_n4","feature_heading_size":16,"feature_heading_size_mobile":12,"feature_heading_height":100,"feature_heading_mt":4,"feature_text_custom":true,"feature_text_font":"josefin_sans_n4","feature_text_size":10,"feature_text_size_mobile":10,"feature_text_height":80,"feature_text_mt":0,"feature_icon_size":40,"feature_icon_size_mobile":40,"feature_bg":"#121239","feature_border_color":"#000000","feature_shadow_color":"#000000","feature_heading_color":"#ffffff","feature_text_color":"#ffffff","feature_icon_color":"#ffffff","background_color":"#121239","background_gradient":"","border_color":"#ffffff","margin_top":0,"margin_bottom":0,"padding_top":0,"padding_bottom":40,"padding_horizontal":24,"padding_horizontal_mobile":2,"full_width":true,"content_width":0,"border_thickness":0,"lazy":true}},"ss_scrolling_announcement_bar_jMkiFR":{"type":"ss-scrolling-announcement-bar","blocks":{"text_xEPRHP":{"type":"text","settings":{"text":"Hypoallergenic"}},"text_D8DyWC":{"type":"text","settings":{"text":"Dermatologically Tested"}},"text_rzmYbB":{"type":"text","settings":{"text":"Fragrance Free"}},"text_pQFLA6":{"type":"text","settings":{"text":"Essential Oil Free"}},"text_kaBmFb":{"type":"text","settings":{"text":"Clinically Proven"}},"text_Hn87zc":{"type":"text","settings":{"text":"Non Comedogenic"}}},"block_order":["text_xEPRHP","text_D8DyWC","text_rzmYbB","text_pQFLA6","text_kaBmFb","text_Hn87zc"],"custom_css":[".ss-announcement-bar__message li {font-family: \"Noto Sans B\";}"],"settings":{"insert_css_class_target":"","text_size":14,"ss_font_family":"montserrat_n4","link":"","animation_duration":70,"animation_direction":"right","pause_hover":false,"bg":"#ffffff","text_color":"#040c44","hover_opacity":90,"padding_horizontal":0,"padding_vertical":2}},"multicolumn_3Ett7N":{"type":"multicolumn","blocks":{"column_MH4HxN":{"type":"column","settings":{"image":"shopify:\/\/shop_images\/Group_1000006081_1.png","title":"","text":"","link_label":"","link":""}}},"block_order":["column_MH4HxN"],"disabled":true,"custom_css":[],"settings":{"title":"","heading_size":"h1","image_width":"full","image_ratio":"adapt","columns_desktop":3,"column_alignment":"left","background_style":"none","button_label":"","button_link":"","color_scheme":"scheme-3","columns_mobile":"1","swipe_on_mobile":false,"padding_top":36,"padding_bottom":36}},"rich_text_tWddpc":{"type":"rich-text","blocks":{"heading_8DDkiK":{"type":"heading","settings":{"heading":"Check the","heading_size":"h1"}},"text_gPWKwx":{"type":"text","settings":{"text":"<p>Results<\/p>"}}},"block_order":["heading_8DDkiK","text_gPWKwx"],"custom_css":[".rich-text__blocks {background: #121239;}",".rich-text__heading {text-align: center; color: #fff; font-size: 43.942px; font-style: normal; font-stretch: semi-condensed; font-weight: 700; line-height: 77%; \/* 34.605px *\/ letter-spacing: -1.798px;}",".rich-text__text {margin-top: 6px; color: #fff; text-align: center; font-family: \"Tiro Devanagari Hindi\"; font-size: 22.554px; font-style: normal; font-weight: 400; line-height: 77%; \/* 17.366px *\/ letter-spacing: -0.677px;}"],"settings":{"desktop_content_position":"center","content_alignment":"center","color_scheme":"scheme-3","full_width":true,"padding_top":20,"padding_bottom":20}},"multicolumn_QrLqkd":{"type":"multicolumn","blocks":{"column_XAndMR":{"type":"column","settings":{"image":"shopify:\/\/shop_images\/Group_1000004023_1.png","title":"","text":"","link_label":"","link":""}},"column_Yy94cY":{"type":"column","settings":{"image":"shopify:\/\/shop_images\/Group_1000004024.png","title":"","text":"","link_label":"","link":""}}},"block_order":["column_XAndMR","column_Yy94cY"],"settings":{"title":"","heading_size":"h1","image_width":"full","image_ratio":"adapt","columns_desktop":3,"column_alignment":"left","background_style":"none","button_label":"","button_link":"","color_scheme":"scheme-3","columns_mobile":"1","swipe_on_mobile":false,"padding_top":0,"padding_bottom":20}},"collapsible_content_TMmbYb":{"type":"collapsible-content","blocks":{"collapsible_row_yEAbh4":{"type":"collapsible_row","settings":{"heading":"Active Ingredient List","icon":"none","row_content":"<p><strong>Cica Extract : <\/strong>Sourced  from KoreaReduces redness, inflammation , Suitable for sensitive or easily irritated skin types<\/p><p><strong>Xylitol:<\/strong> Sourced from FranceMaintains skin moisture , Protection against UV damage , Intense hydration & Barrier Repair , Softens skin & relieves sun burns <\/p><p><strong>Kojic Acid Dipalmitate: <\/strong>Sourced from ChinaReduces dark spots , Hyperpigmentation , Brightens Skin & Reduces<\/p><p><strong>Tan Nano Glycerin:<\/strong> Sourced from SwedenMaintains skin moisture levels , Prevent dryness , Improve skin texture<br\/><\/p>","page":""}},"collapsible_row_XaxkKn":{"type":"collapsible_row","settings":{"heading":"How to Use?","icon":"none","row_content":"<p>1. Use our sunscreen only in the AM.<\/p><p>2. Take 3 fingers worth product and gently rub it on your face and neck.<\/p><p>3. Let it sit for 40 to 50 secs until fully absorbed.<\/p><p>4. Make sure to re-apply once in the afternoon.<\/p>","page":""}},"collapsible_row_mkKR7k":{"type":"collapsible_row","settings":{"heading":"Full Ingredient List Decoded","icon":"none","row_content":"<p><strong>Aqua: <\/strong>Acts as a solvent and base, ensuring the ingredients are well-mixed and the product has a suitable consistency for application.<\/p><p><strong>Octylmethoxycinnamate, Octocrylene, Octyl Salicylate: <\/strong>These chemical sunscreen agents provide broad-spectrum UV protection, shielding the skin from harmful UVA and UVB rays.<\/p><p><strong>Glyceryl Stearate Citrate: <\/strong>Functions as an emulsifier, helping to blend water and oil-based ingredients in the cleanser for a uniform texture.<\/p><p><strong>Bis-ethylhexyloxyphenol methoxyphenyl triazine: <\/strong>A broad-spectrum UV filter that enhances sun protection, preventing sunburn and skin damage.<\/p><p><strong>Centella Asiatica Extract: <\/strong>Offers soothing and anti-inflammatory benefits, calming irritated skin and promoting skin health.<\/p><p><strong>Glycerine: <\/strong>Acts as a humectant, attracting moisture to the skin and keeping it hydrated and supple.<\/p><p><strong>Sodium Stearoyl Glutamate:<\/strong> A surfactant that helps cleanse the skin by removing dirt, oil, and impurities, leaving it refreshed.<\/p><p><strong>Xylitylglucoside, Anhydroxylitol, Xylitol: <\/strong>These humectants help maintain skin hydration, preventing dryness and improving moisture retention.<\/p><p><strong>Kojic Acid Dipalmitate: <\/strong>Sourced from ChinaReduces dark spots, Hyperpigmentation , Brightens Skin & Reduces Tan <\/p><p><strong>Methyl Methacrylate Crosspolymer, Silica: <\/strong>These ingredients improve the texture of the cleanser, making it smooth and easy to apply.<\/p><p><strong>Sodium Levulinate, Potassium Sorbate: <\/strong>These preservatives ensure the stability and safety of the product, prolonging its shelf life.<\/p><p><strong>Hydroxyethyl Acrylate, Sodium Acryloyldimethyl Taurate Copolymer, Polyacrylate Crosspolymer-6: <\/strong>Thickeners and emulsifiers that give the cleanser its desired consistency and texture for effective use.<\/p><p><strong>Sodium Gluconate:<\/strong> Acts as a chelating agent, enhancing the stability and efficacy of the ingredients in the cleanser.<\/p>","page":""}},"collapsible_row_HyzPRH":{"type":"collapsible_row","settings":{"heading":"Sensory Profile","icon":"none","row_content":"<h3><strong>What does it smell like? <\/strong><\/h3><h4>It has no smell by default, though there may be a faint smell of freshness<\/h4><h3><strong>What does it feel like?<\/strong><\/h3><h4>Cream<\/h4>","page":""}}},"block_order":["collapsible_row_yEAbh4","collapsible_row_XaxkKn","collapsible_row_mkKR7k","collapsible_row_HyzPRH"],"custom_css":["\/* .collapsible-content {margin-top: -32px;}"," *\/.accordion {background-color: #fff; padding: 4px; border-radius: 8px; margin: 6px 0px 6px;}",".inline-richtext {color: #121239; font-size: 16.589px; font-style: normal; font-weight: 600; line-height: 130%; \/* 21.565px *\/ letter-spacing: -0.664px; padding-left: 12px;}",".icon {color: #121239;}","p,h2,h3,h4,h5 {color: #121239; text-decoration: none;}"],"settings":{"caption":"","heading":"","heading_size":"h1","heading_alignment":"center","layout":"none","color_scheme":"scheme-3","container_color_scheme":"scheme-3","open_first_collapsible_row":false,"image_ratio":"adapt","desktop_layout":"image_second","padding_top":20,"padding_bottom":40}},"multicolumn_7khwDt":{"type":"multicolumn","blocks":{"column_PzBq9f":{"type":"column","settings":{"image":"shopify:\/\/shop_images\/Frame_1000004646.png","title":"","text":"","link_label":"","link":""}},"column_PnDyWX":{"type":"column","settings":{"image":"shopify:\/\/shop_images\/Frame_1000004709-hwclean.png","title":"","text":"","link_label":"","link":""}}},"block_order":["column_PzBq9f","column_PnDyWX"],"disabled":true,"custom_css":[".multicolumn {margin-top: px; z-index: ;}",".multicolumn-card__info {margin-top: -44px;}","h3 {text-align: center; color: #fff; font-size: 43.942px; font-style: normal; font-stretch: semi-condensed; font-weight: 700; line-height: 77%; \/* 34.605px *\/ letter-spacing: -1.798px;}","p {margin-top: 6px; color: #fff; text-align: center; font-family: \"Tiro Devanagari Hindi\"; font-size: 22.554px; font-style: normal; font-weight: 400; line-height: 77%; \/* 17.366px *\/ letter-spacing: -0.677px;}",".slider-buttons {display: none;}"],"settings":{"title":"","heading_size":"h1","image_width":"full","image_ratio":"adapt","columns_desktop":2,"column_alignment":"center","background_style":"none","button_label":"","button_link":"","color_scheme":"scheme-3","columns_mobile":"1","swipe_on_mobile":true,"padding_top":60,"padding_bottom":36}},"rich_text_LWitVR":{"type":"rich-text","blocks":{"text_wCzBFf":{"type":"text","settings":{"text":"<p>Best<\/p>"}},"heading_wrCJjm":{"type":"heading","settings":{"heading":"Paired With","heading_size":"h1"}}},"block_order":["text_wCzBFf","heading_wrCJjm"],"disabled":true,"custom_css":[".rich-text__blocks {background: #121239;}",".rich-text__heading {text-align: center; color: #fff; font-size: 43.942px; font-style: normal; font-stretch: semi-condensed; font-weight: 700; line-height: 77%; \/* 34.605px *\/ letter-spacing: -1.798px;}",".rich-text__text {margin-bottom: -16px; color: #fff; text-align: center; font-family: \"Tiro Devanagari Hindi\"; font-size: 22.554px; font-style: normal; font-weight: 400; line-height: 77%; \/* 17.366px *\/ letter-spacing: -0.677px;}"],"settings":{"desktop_content_position":"center","content_alignment":"center","color_scheme":"scheme-3","full_width":true,"padding_top":60,"padding_bottom":32}},"related-products":{"type":"related-products","disabled":true,"settings":{"heading":"You may also like","heading_size":"h2","products_to_show":4,"columns_desktop":4,"color_scheme":"scheme-1","image_ratio":"square","image_shape":"default","show_secondary_image":true,"show_vendor":false,"show_rating":false,"columns_mobile":"2","padding_top":36,"padding_bottom":28}},"featured_product_La3Vhb":{"type":"featured-product","blocks":{"text_GaqFxA":{"type":"text","disabled":true,"settings":{"text":"{{ section.settings.product.vendor }}","text_style":"uppercase"}},"title_WTmKcM":{"type":"title","settings":{"heading_size":"h1"}},"price_eYRU4f":{"type":"price","settings":{}},"variant_picker_BFdBKE":{"type":"variant_picker","disabled":true,"settings":{"picker_type":"button","swatch_shape":"circle"}},"quantity_selector_EjXByq":{"type":"quantity_selector","disabled":true,"settings":{}},"buy_buttons_jEYXAE":{"type":"buy_buttons","settings":{"show_dynamic_checkout":true,"show_gift_card_recipient":true}}},"block_order":["text_GaqFxA","title_WTmKcM","price_eYRU4f","variant_picker_BFdBKE","quantity_selector_EjXByq","buy_buttons_jEYXAE"],"disabled":true,"custom_css":["div {text-align: center; justify-content: center; align-content: center;}",".shopify-payment-button__button,.product__tax,.product__view-details {display: none;}",".button {background-color: #fff; color: #121239; font-family: Hind; font-weight: 600; letter-spacing: -0.4px; height: 64px; margin-inline: auto;}","h2 {margin-top: 0px; font-family: \"Noto Sans\"; font-size: 32.79px; letter-spacing: -1.232px;}",".media-fit-contain {border-radius: 22px; transform: scale(0.9);}",".product__media {border-radius: 22px;}"],"settings":{"product":"serum","color_scheme":"scheme-3","secondary_background":false,"media_size":"medium","constrain_to_viewport":true,"media_fit":"contain","media_position":"left","image_zoom":"none","hide_variants":false,"enable_video_looping":false,"padding_top":0,"padding_bottom":52}},"1711451785618d8af4":{"type":"apps","blocks":{"judge_me_reviews_review_widget_hhtMie":{"type":"shopify:\/\/apps\/judge-me-reviews\/blocks\/review_widget\/61ccd3b1-a9f2-4160-9fe9-4fec8413e5d8","settings":{}}},"block_order":["judge_me_reviews_review_widget_hhtMie"],"settings":{"include_margins":true}}},"order":["custom_liquid_AzFk4H","main","ss_feature_1_TWjMfe","ss_scrolling_announcement_bar_jMkiFR","multicolumn_3Ett7N","rich_text_tWddpc","multicolumn_QrLqkd","collapsible_content_TMmbYb","multicolumn_7khwDt","rich_text_LWitVR","related-products","featured_product_La3Vhb","1711451785618d8af4"]}