{"sections":{"custom_liquid_APbzQw":{"type":"custom-liquid","settings":{"custom_liquid":"<div class=\"p_head\" style=\"padding:0px 10px;\">\n<h3 style=\"margin:10px 0;padding:0 8px\">16hr Sweat, Odor & Acne Control Spray with Hypochlorous acid<\/h3>\n<div style=\"display:flex;flex-wrap:wrap;gap:4px;font-size:11px;margin:0 auto;padding:0 6px\">\n<span style=\"display:flex;align-items:center;background-color:white;color:#010118;font-weight:600;padding:5px 10px;border-radius:25px\"><svg xmlns=\"http:\/\/www.w3.org\/2000\/svg\" fill=\"#000000\" width=\"20px\" height=\"20px\" viewBox=\"0 0 24 24\"><path d=\"M12,2A10,10,0,1,0,22,12,10,10,0,0,0,12,2Zm5.676,8.237-6,5.5a1,1,0,0,1-1.383-.03l-3-3a1,1,0,1,1,1.414-1.414l2.323,2.323,5.294-4.853a1,1,0,1,1,1.352,1.474Z\"\/><\/svg>Prevent’s Sweat Acne & Irritation<\/span>\n<span style=\"display:flex;align-items:center;background-color:white;color:#010118;font-weight:600;padding:5px 10px;border-radius:25px\"><svg xmlns=\"http:\/\/www.w3.org\/2000\/svg\" fill=\"#000000\" width=\"20px\" height=\"20px\" viewBox=\"0 0 24 24\"><path d=\"M12,2A10,10,0,1,0,22,12,10,10,0,0,0,12,2Zm5.676,8.237-6,5.5a1,1,0,0,1-1.383-.03l-3-3a1,1,0,1,1,1.414-1.414l2.323,2.323,5.294-4.853a1,1,0,1,1,1.352,1.474Z\"\/><\/svg> Safe down there<\/span>\n<span style=\"display:flex;align-items:center;background-color:white;color:#010118;font-weight:600;padding:5px 10px;border-radius:25px\"><svg xmlns=\"http:\/\/www.w3.org\/2000\/svg\" fill=\"#000000\" width=\"20px\" height=\"20px\" viewBox=\"0 0 24 24\"><path d=\"M12,2A10,10,0,1,0,22,12,10,10,0,0,0,12,2Zm5.676,8.237-6,5.5a1,1,0,0,1-1.383-.03l-3-3a1,1,0,1,1,1.414-1.414l2.323,2.323,5.294-4.853a1,1,0,1,1,1.352,1.474Z\"\/><\/svg> Multi Functional Product<\/span><span style=\"display:flex;align-items:center;background-color:white;color:#010118;font-weight:600;padding:5px 10px;border-radius:25px\"><svg xmlns=\"http:\/\/www.w3.org\/2000\/svg\" fill=\"#000000\" width=\"20px\" height=\"20px\" viewBox=\"0 0 24 24\"><path d=\"M12,2A10,10,0,1,0,22,12,10,10,0,0,0,12,2Zm5.676,8.237-6,5.5a1,1,0,0,1-1.383-.03l-3-3a1,1,0,1,1,1.414-1.414l2.323,2.323,5.294-4.853a1,1,0,1,1,1.352,1.474Z\"\/><\/svg> Clinically Proven<\/span>\n<\/div>\n<\/div>","color_scheme":"scheme-3","padding_top":20,"padding_bottom":0}},"main":{"type":"main-product","blocks":{"vendor":{"type":"text","disabled":true,"settings":{"text":"{{ product.vendor }}","text_style":"uppercase"}},"title":{"type":"title","settings":{}},"description_je8QNi":{"type":"description","disabled":true,"settings":{}},"rating_p74dnU":{"type":"rating","disabled":true,"settings":{}},"judge_me_reviews_preview_badge_erBHfc":{"type":"shopify:\/\/apps\/judge-me-reviews\/blocks\/preview_badge\/61ccd3b1-a9f2-4160-9fe9-4fec8413e5d8","settings":{}},"custom_liquid_WDPqpF":{"type":"custom_liquid","settings":{"custom_liquid":"<p style=\"margin:0;padding-bottom:15px;text-transform:capitalize;font-family:Noto Sans R\"><span style=\"color:white;font-family:Noto Sans SB\">284+<\/span> units sold<\/p>"}},"price":{"type":"price","settings":{}},"custom_liquid_wfQ7Lf":{"type":"custom_liquid","disabled":true,"settings":{"custom_liquid":"<p style='color:#ffffff;font-weight:bold;'> Each at ₹ - Lowest Price Ever with B1G1! <\/p>"}},"variant_picker":{"type":"variant_picker","settings":{"picker_type":"button","swatch_shape":"circle"}},"custom_liquid_7gUKBa":{"type":"custom_liquid","disabled":true,"settings":{"custom_liquid":"<div style=\"font-size:2.4rem\"><h2>Payday Offers<\/h2><\/div>\n<div  style=\"margin-top:20px;font-size:1.3rem;font-family:Noto Sans R; padding:20px;line-height:22px;padding:5px;background-color: rgb(255, 255, 255);color:#202067;border-radius:10px;\">\n<p style=\"margin:10px 20px\">\n<svg fill=\"#000000\" height=\"12px\" width=\"12px\" version=\"1.1\" xmlns=\"http:\/\/www.w3.org\/2000\/svg\" viewBox=\"0 0 512 512\" xmlns:xlink=\"http:\/\/www.w3.org\/1999\/xlink\" enable-background=\"new 0 0 512 512\"><g id=\"SVGRepo_bgCarrier\" stroke-width=\"0\"><\/g><g id=\"SVGRepo_tracerCarrier\" stroke-linecap=\"round\" stroke-linejoin=\"round\"><\/g><g id=\"SVGRepo_iconCarrier\"> <g> <path d=\"m368.4,90.3c-30.3,0-54.9,24.6-54.9,54.9s24.6,54.9 54.9,54.9c30.3,0 54.9-24.6 54.9-54.9s-24.6-54.9-54.9-54.9zm0,69.1c-7.8,0-14.2-6.3-14.2-14.2s6.3-14.2 14.2-14.2c7.8,0 14.2,6.3 14.2,14.2s-6.4,14.2-14.2,14.2z\"><\/path> <path d=\"m54.4,312.2l142.4,144.5 262.8-259-22.9-119.7-119.4-24.8-262.9,259h2.13163e-14zm142.4,188c-9.2,0-17.9-3.6-24.4-10.2l-151.6-153.9c-13.2-13.4-13.1-35.1 0.4-48.4l270-266c8.1-8 19.9-11.5 31-9.1l127,26.4c13.6,2.8 24,13.5 26.7,27.1l24.5,127.4c2.2,11.3-1.4,22.8-9.6,30.9l-270,266c-6.4,6.3-15,9.8-24,9.8z\"><\/path> <\/g> <\/g><\/svg> Get it at <strong>₹699<\/strong>. (Use Code:<strong class=\"copyCode\" style=\"cursor: pointer;\"> <svg xmlns=\"http:\/\/www.w3.org\/2000\/svg\" width=\"12px\" height=\"12px\" viewBox=\"0 0 20 20\" fill=\"none\">\n  <path fill=\"#000000\" fill-rule=\"evenodd\" d=\"M4 2a2 2 0 00-2 2v9a2 2 0 002 2h2v2a2 2 0 002 2h9a2 2 0 002-2V8a2 2 0 00-2-2h-2V4a2 2 0 00-2-2H4zm9 4V4H4v9h2V8a2 2 0 012-2h5zM8 8h9v9H8V8z\"\/>\n<\/svg>PAYDAY35<\/strong>) and <strong style=\"color:green\">save ₹400<\/strong>\n<\/p>\n<p style=\"margin:10px 20px\"><svg fill=\"#000000\" height=\"12px\" width=\"12px\" version=\"1.1\" xmlns=\"http:\/\/www.w3.org\/2000\/svg\" viewBox=\"0 0 512 512\" xmlns:xlink=\"http:\/\/www.w3.org\/1999\/xlink\" enable-background=\"new 0 0 512 512\"><g id=\"SVGRepo_bgCarrier\" stroke-width=\"0\"><\/g><g id=\"SVGRepo_tracerCarrier\" stroke-linecap=\"round\" stroke-linejoin=\"round\"><\/g><g id=\"SVGRepo_iconCarrier\"> <g> <path d=\"m368.4,90.3c-30.3,0-54.9,24.6-54.9,54.9s24.6,54.9 54.9,54.9c30.3,0 54.9-24.6 54.9-54.9s-24.6-54.9-54.9-54.9zm0,69.1c-7.8,0-14.2-6.3-14.2-14.2s6.3-14.2 14.2-14.2c7.8,0 14.2,6.3 14.2,14.2s-6.4,14.2-14.2,14.2z\"><\/path> <path d=\"m54.4,312.2l142.4,144.5 262.8-259-22.9-119.7-119.4-24.8-262.9,259h2.13163e-14zm142.4,188c-9.2,0-17.9-3.6-24.4-10.2l-151.6-153.9c-13.2-13.4-13.1-35.1 0.4-48.4l270-266c8.1-8 19.9-11.5 31-9.1l127,26.4c13.6,2.8 24,13.5 26.7,27.1l24.5,127.4c2.2,11.3-1.4,22.8-9.6,30.9l-270,266c-6.4,6.3-15,9.8-24,9.8z\"><\/path> <\/g> <\/g><\/svg> Buy Gym Spray,Serum and Sunscreen for <strong>₹1949.<\/strong>  \n(Use Code:<strong class=\"copyCode\" style=\"cursor: pointer;\"> <svg xmlns=\"http:\/\/www.w3.org\/2000\/svg\" width=\"12px\" height=\"12px\" viewBox=\"0 0 20 20\" fill=\"none\">\n  <path fill=\"#000000\" fill-rule=\"evenodd\" d=\"M4 2a2 2 0 00-2 2v9a2 2 0 002 2h2v2a2 2 0 002 2h9a2 2 0 002-2V8a2 2 0 00-2-2h-2V4a2 2 0 00-2-2H4zm9 4V4H4v9h2V8a2 2 0 012-2h5zM8 8h9v9H8V8z\"\/>\n<\/svg>PDSHIELD<\/strong>) and <strong style=\"color:green\">save  ₹599<\/strong>\n<\/p>\n <p id=\"copyMessage\" style=\"display: none;padding:5px 20px;font-family:Noto Sans B;color:green;margin:0\">Text copied to clipboard!<\/p>\n<\/div>"}},"quantity_selector":{"type":"quantity_selector","settings":{}},"share_ATdCAf":{"type":"share","settings":{"share_label":"Share"}},"buy_buttons":{"type":"buy_buttons","settings":{"show_dynamic_checkout":true,"show_gift_card_recipient":true}}},"block_order":["vendor","title","description_je8QNi","rating_p74dnU","judge_me_reviews_preview_badge_erBHfc","custom_liquid_WDPqpF","price","custom_liquid_wfQ7Lf","variant_picker","custom_liquid_7gUKBa","quantity_selector","share_ATdCAf","buy_buttons"],"custom_css":[],"settings":{"enable_sticky_info":true,"color_scheme":"scheme-3","media_size":"medium","constrain_to_viewport":true,"media_fit":"contain","gallery_layout":"thumbnail_slider","media_position":"left","image_zoom":"none","mobile_thumbnails":"hide","hide_variants":true,"enable_video_looping":false,"padding_top":20,"padding_bottom":0}},"17236148900b747217":{"type":"apps","blocks":{"bundler_bundler_target_element_r8PYmH":{"type":"shopify:\/\/apps\/bundler\/blocks\/bundler-target-element\/7a6ae1b8-3b16-449b-8429-8bb89a62c664","settings":{}}},"block_order":["bundler_bundler_target_element_r8PYmH"],"custom_css":[".bndlr-bundle-description {color: #ffffff;}",".bndlr-bundle-title {color: #ffffff;}",".bndlr-bundle-checkout-warning {color: #ffffff;}",".bndlr-total-price {color: #ffffff;}"],"settings":{"include_margins":true}},"ss_feature_1_4RB88A":{"type":"ss-feature-1","blocks":{"image_FdkGcT":{"type":"image","settings":{"feature_title":"4k+ Happy Customers","feature_text":"","feature_image":"shopify:\/\/shop_images\/review.png","feature_url":"","hide_image":false}},"image_LTap6w":{"type":"image","settings":{"feature_title":"Secure Payment Options","feature_text":"","feature_image":"shopify:\/\/shop_images\/credit-card.png","feature_url":"","hide_image":false}},"image_pwcVdW":{"type":"image","settings":{"feature_title":"On Time Delivery","feature_text":"","feature_image":"shopify:\/\/shop_images\/delivery-truck.png","feature_url":"","hide_image":false}}},"block_order":["image_FdkGcT","image_LTap6w","image_pwcVdW"],"settings":{"feature_row":3,"feature_row_mobile":3,"feature_gap":24,"feature_gap_mobile":20,"feature_padding_vertical":0,"feature_padding_horizontal":0,"feature_radius":0,"feature_border_thickness":0,"feature_shadow":false,"feature_heading_custom":true,"feature_heading_font":"josefin_sans_n4","feature_heading_size":16,"feature_heading_size_mobile":12,"feature_heading_height":100,"feature_heading_mt":4,"feature_text_custom":true,"feature_text_font":"josefin_sans_n4","feature_text_size":10,"feature_text_size_mobile":10,"feature_text_height":80,"feature_text_mt":0,"feature_icon_size":40,"feature_icon_size_mobile":40,"feature_bg":"#121239","feature_border_color":"#000000","feature_shadow_color":"#000000","feature_heading_color":"#ffffff","feature_text_color":"#ffffff","feature_icon_color":"#ffffff","background_color":"#121239","background_gradient":"","border_color":"#ffffff","margin_top":0,"margin_bottom":0,"padding_top":16,"padding_bottom":40,"padding_horizontal":24,"padding_horizontal_mobile":2,"full_width":true,"content_width":0,"border_thickness":0,"lazy":true}},"ss_scrolling_announcement_bar_bWqXkG":{"type":"ss-scrolling-announcement-bar","blocks":{"text_tqyBdE":{"type":"text","settings":{"text":"Hypoallergenic"}},"text_WJK74k":{"type":"text","settings":{"text":"Dermatologically Tested"}},"text_rUpVyN":{"type":"text","settings":{"text":"Fragrance Free"}},"text_BzeYQL":{"type":"text","settings":{"text":"Essential Oil Free"}},"text_AkKxqX":{"type":"text","settings":{"text":"Clinically Proven"}},"text_fmFMVR":{"type":"text","settings":{"text":"Non Comedogenic"}}},"block_order":["text_tqyBdE","text_WJK74k","text_rUpVyN","text_BzeYQL","text_AkKxqX","text_fmFMVR"],"custom_css":[".ss-announcement-bar__message li {font-family: \"Noto Sans B\";}"],"settings":{"insert_css_class_target":"","text_size":14,"ss_font_family":"montserrat_n4","link":"","animation_duration":70,"animation_direction":"right","pause_hover":true,"bg":"#ffffff","text_color":"#040c44","hover_opacity":90,"padding_horizontal":0,"padding_vertical":2}},"multicolumn_3Ett7N":{"type":"multicolumn","blocks":{"column_MH4HxN":{"type":"column","settings":{"image":"shopify:\/\/shop_images\/Group_1000006081_1.png","title":"","text":"","link_label":"","link":""}}},"block_order":["column_MH4HxN"],"disabled":true,"custom_css":[],"settings":{"title":"","heading_size":"h1","image_width":"full","image_ratio":"adapt","columns_desktop":3,"column_alignment":"left","background_style":"none","button_label":"","button_link":"","color_scheme":"scheme-3","columns_mobile":"1","swipe_on_mobile":false,"padding_top":36,"padding_bottom":36}},"rich_text_tWddpc":{"type":"rich-text","blocks":{"heading_8DDkiK":{"type":"heading","settings":{"heading":"Check the","heading_size":"h1"}},"text_gPWKwx":{"type":"text","settings":{"text":"<p>Results<\/p>"}}},"block_order":["heading_8DDkiK","text_gPWKwx"],"custom_css":[".rich-text__blocks {background: #121239;}",".rich-text__heading {text-align: center; color: #fff; font-size: 43.942px; font-style: normal; font-stretch: semi-condensed; font-weight: 700; line-height: 77%; \/* 34.605px *\/ letter-spacing: -1.798px;}",".rich-text__text {margin-top: 6px; color: #fff; text-align: center; font-family: \"Tiro Devanagari Hindi\"; font-size: 22.554px; font-style: normal; font-weight: 400; line-height: 77%; \/* 17.366px *\/ letter-spacing: -0.677px;}"],"settings":{"desktop_content_position":"center","content_alignment":"center","color_scheme":"scheme-3","full_width":true,"padding_top":20,"padding_bottom":20}},"multicolumn_QrLqkd":{"type":"multicolumn","blocks":{"column_XAndMR":{"type":"column","settings":{"image":"shopify:\/\/shop_images\/Frame_1000004776.png","title":"","text":"","link_label":"","link":""}},"column_Cmp4zF":{"type":"column","settings":{"image":"shopify:\/\/shop_images\/Frame_1000004777.png","title":"","text":"","link_label":"","link":""}},"column_VWQVJT":{"type":"column","settings":{"image":"shopify:\/\/shop_images\/Frame_1000004778.png","title":"","text":"","link_label":"","link":""}}},"block_order":["column_XAndMR","column_Cmp4zF","column_VWQVJT"],"settings":{"title":"","heading_size":"h1","image_width":"full","image_ratio":"adapt","columns_desktop":3,"column_alignment":"center","background_style":"none","button_label":"","button_link":"","color_scheme":"scheme-3","columns_mobile":"1","swipe_on_mobile":true,"padding_top":0,"padding_bottom":0}},"ss_countdown_bar_GiKPyU":{"type":"ss-countdown-bar","blocks":{"text_VPkkD8":{"type":"text","settings":{"heading":"Hurry up offer ending Today!","color":"#121239","font_size":28}},"timer_mzU9Kh":{"type":"timer","settings":{"year":"2024","month":"06","day":"06","hour":"02","minute":"00","hide_timer_on_completed":true,"color":"#121239","font_size_number":28,"font_size_text":20}}},"block_order":["text_VPkkD8","timer_mzU9Kh"],"disabled":true,"settings":{"target_selector":"#shopify-section-template--16876388516020__collapsible_content_TMmbYb","use_cross":false,"background-color":"#ffffff"}},"collapsible_content_TMmbYb":{"type":"collapsible-content","blocks":{"collapsible_row_yEAbh4":{"type":"collapsible_row","settings":{"heading":"Active Ingredient List","icon":"none","row_content":"<p><strong>Hypochlorous Acid<\/strong>: With its antimicrobial properties, hypochlorous acid combats bacteria that may build up on your skin after sweating. This not only helps prevent breakouts but also leaves your skin feeling clean and rejuvenated, making it perfect for a quick refresh without needing to rinse your face<\/p><p><strong>Why opt for a single-ingredient formulation & precise HCIO concentration?<\/strong>Using a single-ingredient formulation like HCIO allows for precise control over the concentration of the active ingredient, ensuring optimal efficacy while minimizing potential side effects. HCIO, when used at a very accurate concentration, exhibits powerful antimicrobial properties, making it effective against various bacteria without harming healthy tissues.It's essential to note that HCIO must be used at the correct concentration, typically not exceeding 0.1%. Beyond this concentration, HCIO can become toxic and harmful, especially if used consistently over time. This is why our formulation focuses on maintaining the ideal concentration for maximum safety and effectiveness.Unfortunately, there are instances where certain brands in India have deviated from these principles. Due to inadequate research and development practices, some products on the market may contain incorrect concentrations of HCIO. These products can be unstable and pose risks to users, potentially leading to adverse reactions or reduced efficacy.At our company, we prioritize sourcing, researching, and formulating our products meticulously to ensure they meet the highest standards of safety and efficacy. By adhering to precise concentration guidelines and rigorous quality control measures, we deliver products that not only perform exceptionally well but also prioritize the well-being of men<\/p><p><\/p><p><\/p>","page":""}},"collapsible_row_JMFGqt":{"type":"collapsible_row","settings":{"heading":"How to Use?","icon":"none","row_content":"<p>1.  Use it both in the AM & PM or when needed.<\/p><p>2. Apply 3-4 sprays on skin.<\/p>","page":""}},"collapsible_row_XaxkKn":{"type":"collapsible_row","disabled":true,"settings":{"heading":"Full Ingredient List","icon":"none","row_content":"<p><strong>Ingredient List Truthfully Explained<\/strong><\/p><p><strong>Aqua (Water)<\/strong>: This is the base ingredient and serves as a solvent to dissolve other ingredients. It also provides hydration to the skin, which is especially beneficial after sweating, as it helps replenish lost moisture.<\/p><p><strong>Sodium Chloride<\/strong>: Act as a gentle exfoliant, helping to remove dead skin cells and impurities from the skin's surface. It can also have a slight astringent effect, tightening pores and giving the skin a smoother appearance.<\/p><p><strong>Hypochlorous Acid<\/strong>: Has antimicrobial properties. Often used for its ability to kill bacteria on the skin's surface. It can help reduce the risk of breakouts or skin infections, particularly after sweating when the skin may be more prone to bacterial growth.<\/p>","page":""}},"collapsible_row_mkKR7k":{"type":"collapsible_row","settings":{"heading":"Full Ingredient List Decoded","icon":"none","row_content":"<p><strong>Aqua (Water):<\/strong> This is the base ingredient and serves as a solvent to dissolve other ingredients. It also provides hydration to the skin, which is especially beneficial after sweating, as it helps replenish lost moisture.<\/p><p><strong>Sodium Chloride:<\/strong> Act as a gentle exfoliant, helping to remove dead skin cells and impurities from the skin's surface. It can also have a slight astringent effect, tightening pores and giving the skin a smoother appearance.<\/p><p><strong>Hypochlorous Acid:<\/strong> Has antimicrobial properties. Often used for its ability to kill bacteria on the skin's surface. It can help reduce the risk of breakouts or skin infections, particularly after sweating when the skin may be more prone to bacterial growth.<\/p>","page":""}},"collapsible_row_HyzPRH":{"type":"collapsible_row","settings":{"heading":"Sensory Profile","icon":"none","row_content":"<h3><strong>What does it smell like? <\/strong><\/h3><h3>It has no smell<\/h3><h3><strong>What does it feel like?<\/strong><\/h3><h3>Water<\/h3>","page":""}}},"block_order":["collapsible_row_yEAbh4","collapsible_row_JMFGqt","collapsible_row_XaxkKn","collapsible_row_mkKR7k","collapsible_row_HyzPRH"],"custom_css":["\/* .collapsible-content {margin-top: -32px;}"," *\/.accordion {background-color: #fff; padding: 4px; border-radius: 8px; margin: 6px 0px 6px;}",".inline-richtext {color: #121239; font-size: 16.589px; font-style: normal; font-weight: 600; line-height: 130%; \/* 21.565px *\/ letter-spacing: -0.664px; padding-left: 12px;}",".icon {color: #121239;}","p,h2,h3,h4,h5 {color: #121239; text-decoration: none;}"],"settings":{"caption":"","heading":"","heading_size":"h1","heading_alignment":"center","layout":"none","color_scheme":"scheme-3","container_color_scheme":"scheme-3","open_first_collapsible_row":false,"image_ratio":"adapt","desktop_layout":"image_second","padding_top":20,"padding_bottom":32}},"multicolumn_7khwDt":{"type":"multicolumn","blocks":{"column_PzBq9f":{"type":"column","settings":{"image":"shopify:\/\/shop_images\/Frame_1000004586_4.png","title":"","text":"","link_label":"","link":""}},"column_PnDyWX":{"type":"column","settings":{"image":"shopify:\/\/shop_images\/Frame_1000004679_beabbda9-c1c2-4a51-a2e3-4fe29a829480.png","title":"","text":"","link_label":"","link":""}}},"block_order":["column_PzBq9f","column_PnDyWX"],"disabled":true,"custom_css":[".multicolumn {margin-top: px; z-index: ;}",".multicolumn-card__info {margin-top: -44px;}","h3 {text-align: center; color: #fff; font-size: 43.942px; font-style: normal; font-stretch: semi-condensed; font-weight: 700; line-height: 77%; \/* 34.605px *\/ letter-spacing: -1.798px;}","p {margin-top: 6px; color: #fff; text-align: center; font-family: \"Tiro Devanagari Hindi\"; font-size: 22.554px; font-style: normal; font-weight: 400; line-height: 77%; \/* 17.366px *\/ letter-spacing: -0.677px;}",".slider-buttons {display: none;}"],"settings":{"title":"","heading_size":"h1","image_width":"full","image_ratio":"adapt","columns_desktop":2,"column_alignment":"center","background_style":"none","button_label":"","button_link":"","color_scheme":"scheme-3","columns_mobile":"1","swipe_on_mobile":true,"padding_top":72,"padding_bottom":36}},"rich_text_LWitVR":{"type":"rich-text","blocks":{"text_wCzBFf":{"type":"text","settings":{"text":"<p>Works<\/p>"}},"heading_wrCJjm":{"type":"heading","settings":{"heading":"Best with","heading_size":"h1"}}},"block_order":["text_wCzBFf","heading_wrCJjm"],"disabled":true,"custom_css":[".rich-text__blocks {background: #121239;}",".rich-text__heading {text-align: center; color: #fff; font-size: 43.942px; font-style: normal; font-stretch: semi-condensed; font-weight: 700; line-height: 77%; \/* 34.605px *\/ letter-spacing: -1.798px;}",".rich-text__text {margin-bottom: -16px; color: #fff; text-align: center; font-family: \"Tiro Devanagari Hindi\"; font-size: 22.554px; font-style: normal; font-weight: 400; line-height: 77%; \/* 17.366px *\/ letter-spacing: -0.677px;}"],"settings":{"desktop_content_position":"center","content_alignment":"center","color_scheme":"scheme-3","full_width":true,"padding_top":72,"padding_bottom":32}},"related-products":{"type":"related-products","disabled":true,"settings":{"heading":"You may also like","heading_size":"h2","products_to_show":4,"columns_desktop":4,"color_scheme":"scheme-1","image_ratio":"square","image_shape":"default","show_secondary_image":true,"show_vendor":false,"show_rating":false,"columns_mobile":"2","padding_top":36,"padding_bottom":28}},"featured_product_La3Vhb":{"type":"featured-product","blocks":{"text_GaqFxA":{"type":"text","disabled":true,"settings":{"text":"{{ section.settings.product.vendor }}","text_style":"uppercase"}},"title_WTmKcM":{"type":"title","settings":{"heading_size":"h1"}},"price_eYRU4f":{"type":"price","settings":{}},"variant_picker_BFdBKE":{"type":"variant_picker","disabled":true,"settings":{"picker_type":"button","swatch_shape":"circle"}},"quantity_selector_EjXByq":{"type":"quantity_selector","disabled":true,"settings":{}},"buy_buttons_jEYXAE":{"type":"buy_buttons","settings":{"show_dynamic_checkout":true,"show_gift_card_recipient":true}}},"block_order":["text_GaqFxA","title_WTmKcM","price_eYRU4f","variant_picker_BFdBKE","quantity_selector_EjXByq","buy_buttons_jEYXAE"],"disabled":true,"custom_css":["div {text-align: center; justify-content: center; align-content: center;}",".shopify-payment-button__button,.product__tax,.product__view-details {display: none;}",".button {background-color: #fff; color: #121239; font-family: Hind; font-weight: 600; letter-spacing: -0.4px; height: 64px; margin-inline: auto;}","h2 {margin-top: 0px; font-family: \"Noto Sans\"; font-size: 32.79px; letter-spacing: -1.232px;}",".media-fit-contain {border-radius: 22px; transform: scale(0.9);}",".product__media {border-radius: 22px;}"],"settings":{"product":"serum","color_scheme":"scheme-3","secondary_background":false,"media_size":"medium","constrain_to_viewport":true,"media_fit":"contain","media_position":"left","image_zoom":"none","hide_variants":false,"enable_video_looping":false,"padding_top":0,"padding_bottom":52}},"1711451785618d8af4":{"type":"apps","blocks":{"judge_me_reviews_review_widget_hhtMie":{"type":"shopify:\/\/apps\/judge-me-reviews\/blocks\/review_widget\/61ccd3b1-a9f2-4160-9fe9-4fec8413e5d8","settings":{}}},"block_order":["judge_me_reviews_review_widget_hhtMie"],"settings":{"include_margins":true}}},"order":["custom_liquid_APbzQw","main","17236148900b747217","ss_feature_1_4RB88A","ss_scrolling_announcement_bar_bWqXkG","multicolumn_3Ett7N","rich_text_tWddpc","multicolumn_QrLqkd","ss_countdown_bar_GiKPyU","collapsible_content_TMmbYb","multicolumn_7khwDt","rich_text_LWitVR","related-products","featured_product_La3Vhb","1711451785618d8af4"]}