{"sections":{"slideshow_4d3nag":{"type":"slideshow","blocks":{"slide_t7aXgP":{"type":"slide","settings":{"image":"shopify:\/\/shop_images\/Frame_1000005564_2.png","heading":"","heading_size":"h1","subheading":"","button_label":"","link":"","button_style_secondary":false,"box_align":"middle-center","show_text_box":false,"text_alignment":"center","image_overlay_opacity":0,"color_scheme":"scheme-5","text_alignment_mobile":"center"}},"slide_3dQbLA":{"type":"slide","settings":{"image":"shopify:\/\/shop_images\/Frame_1000005589_2.png","heading":"","heading_size":"h1","subheading":"","button_label":"","link":"","button_style_secondary":false,"box_align":"middle-center","show_text_box":false,"text_alignment":"center","image_overlay_opacity":0,"color_scheme":"scheme-5","text_alignment_mobile":"center"}},"slide_JkeBj7":{"type":"slide","settings":{"image":"shopify:\/\/shop_images\/Frame_1000005586_1.png","heading":"","heading_size":"h1","subheading":"","button_label":"","link":"","button_style_secondary":false,"box_align":"middle-center","show_text_box":false,"text_alignment":"center","image_overlay_opacity":0,"color_scheme":"scheme-5","text_alignment_mobile":"center"}},"slide_rGcEwL":{"type":"slide","settings":{"image":"shopify:\/\/shop_images\/Frame_1000005588_1.png","heading":"","heading_size":"h1","subheading":"","button_label":"","link":"","button_style_secondary":false,"box_align":"middle-center","show_text_box":false,"text_alignment":"center","image_overlay_opacity":0,"color_scheme":"scheme-5","text_alignment_mobile":"center"}},"slide_WgDbVB":{"type":"slide","settings":{"image":"shopify:\/\/shop_images\/Frame_1000005580_1.png","heading":"","heading_size":"h1","subheading":"","button_label":"","link":"","button_style_secondary":false,"box_align":"middle-center","show_text_box":false,"text_alignment":"center","image_overlay_opacity":0,"color_scheme":"scheme-1","text_alignment_mobile":"center"}}},"block_order":["slide_t7aXgP","slide_3dQbLA","slide_JkeBj7","slide_rGcEwL","slide_WgDbVB"],"custom_css":[".slider-counter__link--numbers {color: #fff;}",".slideshow__controls {background-color: #000;}"],"settings":{"layout":"full_bleed","slide_height":"adapt_image","slider_visual":"numbers","auto_rotate":false,"change_slides_speed":5,"image_behavior":"none","show_text_below":false,"accessibility_info":"Slideshow about our brand"}},"multicolumn_ikki4B":{"type":"multicolumn","blocks":{"column_XhYMG8":{"type":"column","settings":{"image":"shopify:\/\/shop_images\/Frame_1000005535_a7826f95-f232-431a-9782-ebf4f13e7159.png","title":"","text":"","link_label":"","link":""}},"column_U9hqdp":{"type":"column","settings":{"image":"shopify:\/\/shop_images\/Frame_1000005542.png","title":"","text":"","link_label":"","link":""}},"column_p7khBb":{"type":"column","settings":{"image":"shopify:\/\/shop_images\/Frame_1000005543.png","title":"","text":"","link_label":"","link":""}},"column_LtH7mt":{"type":"column","settings":{"image":"shopify:\/\/shop_images\/Frame_1000005544_1.png","title":"","text":"","link_label":"","link":""}},"column_id44tg":{"type":"column","settings":{"image":"shopify:\/\/shop_images\/Frame_1000005545.png","title":"","text":"","link_label":"","link":""}},"column_GrVB4m":{"type":"column","settings":{"image":"shopify:\/\/shop_images\/Frame_1000005546_1.png","title":"","text":"","link_label":"","link":""}}},"block_order":["column_XhYMG8","column_U9hqdp","column_p7khBb","column_LtH7mt","column_id44tg","column_GrVB4m"],"custom_css":[".slider__slide {width: 100%;}"],"settings":{"title":"","heading_size":"h1","image_width":"full","image_ratio":"adapt","columns_desktop":6,"column_alignment":"left","background_style":"none","button_label":"","button_link":"","color_scheme":"scheme-5","columns_mobile":"1","swipe_on_mobile":true,"padding_top":0,"padding_bottom":12}},"custom_liquid_mmwiJ8":{"type":"custom-liquid","disabled":true,"custom_css":[],"settings":{"custom_liquid":"<div><p  style='text-align:center;font-weight:bold;color:#fff'>Great Indian Festival! BUY 1 GET 1 FREE !<\/p><p style='text-align:center;font-weight:bold;margin-top:-15px;color:#fff'>Buy Each at 350, Lowest Price Ever.<\/p><\/div>","color_scheme":"scheme-5","padding_top":8,"padding_bottom":8}},"main":{"type":"main-product","blocks":{"vendor":{"type":"text","disabled":true,"settings":{"text":"{{ product.vendor }}","text_style":"uppercase"}},"title":{"type":"title","disabled":true,"settings":{}},"price":{"type":"price","settings":{}},"custom_liquid_C47gqB":{"type":"custom_liquid","disabled":true,"settings":{"custom_liquid":"<div class=\"text_b1g1\" style='text-align:center;font-weight:bold;color:#fff'><p>B1G1 Sale! BUY 1 GET 1 FREE !<\/p><p style='text-align:center;font-weight:bold;margin-top:-15px;color:#fff'>Buy Each at 450, Lowest Price Ever.<\/p><\/div>"}},"judge_me_reviews_preview_badge_TM9Qpd":{"type":"shopify:\/\/apps\/judge-me-reviews\/blocks\/preview_badge\/61ccd3b1-a9f2-4160-9fe9-4fec8413e5d8","settings":{}},"rating_p74dnU":{"type":"rating","disabled":true,"settings":{}},"variant_picker":{"type":"variant_picker","disabled":true,"settings":{"picker_type":"button","swatch_shape":"circle"}},"quantity_selector":{"type":"quantity_selector","disabled":true,"settings":{}},"buy_buttons":{"type":"buy_buttons","settings":{"show_dynamic_checkout":true,"show_gift_card_recipient":true}}},"block_order":["vendor","title","price","custom_liquid_C47gqB","judge_me_reviews_preview_badge_TM9Qpd","rating_p74dnU","variant_picker","quantity_selector","buy_buttons"],"custom_css":[".button {background-color: #00048a; color: #ffffff; width: 300px; margin: auto;}",".jdgm-prev-badge {margin-top: 10px;}",".jdgm-prev-badge,.product-form__quantity {text-align: center;}",".quantity__label {display: none;}",".quantity {margin: auto;}",".price {margin-top: 10px; text-align: center;}","@media (min-width: 600px) {.product__info-wrapper {margin: -34.6rem 1rem 0rem 56.4rem; z-index: 1 !important; position: relative; } .button {width: 400px; } .jdgm-prev-badge, .product-form__quantity {text-align: left; } .price {font-size: 30px; text-align: left; }}"],"settings":{"enable_sticky_info":true,"color_scheme":"scheme-5","media_size":"medium","constrain_to_viewport":true,"media_fit":"contain","gallery_layout":"thumbnail_slider","media_position":"left","image_zoom":"none","mobile_thumbnails":"hide","hide_variants":false,"enable_video_looping":false,"padding_top":0,"padding_bottom":0}},"1724387754a40bbdb1":{"type":"apps","blocks":{"bundler_bundler_target_element_zgMyQQ":{"type":"shopify:\/\/apps\/bundler\/blocks\/bundler-target-element\/7a6ae1b8-3b16-449b-8429-8bb89a62c664","settings":{}}},"block_order":["bundler_bundler_target_element_zgMyQQ"],"disabled":true,"custom_css":[".bndlr-bundle-description {color: #ffffff;}",".bndlr-bundle-title {color: #ffffff;}",".bndlr-bundle-checkout-warning {color: #ffffff;}",".bndlr-total-price {color: #ffffff;}",".bndlr-products-container {background-color: #000000;}"],"settings":{"include_margins":true}},"rich_text_6ADhyB":{"type":"rich-text","blocks":{"heading_Y6jG6H":{"type":"heading","settings":{"heading":"Why People","heading_size":"h1"}},"text_4zfbjC":{"type":"text","settings":{"text":"<p> Love Us?<\/p>"}}},"block_order":["heading_Y6jG6H","text_4zfbjC"],"disabled":true,"custom_css":[".rich-text__heading {text-align: center; color: #fff; font-family: \"Tiro Devanagari Hindi\"; font-size: 42.16px; font-style: normal; font-stretch: semi-condensed; font-weight: 700; line-height: 111%; \/* 34.605px *\/ letter-spacing: -1.798px;}",".rich-text {margin-top: -5px; background-color: #000000;}"],"settings":{"desktop_content_position":"center","content_alignment":"center","color_scheme":"scheme-5","full_width":true,"padding_top":20,"padding_bottom":40}},"multicolumn_QrLqkd":{"type":"multicolumn","blocks":{"column_xDzcpe":{"type":"column","settings":{"image":"shopify:\/\/shop_images\/Group_1000004037_1.png","title":"","text":"","link_label":"","link":""}}},"block_order":["column_xDzcpe"],"disabled":true,"custom_css":[".multicolumn {background-color: #000000; padding-left: 30px;}"],"settings":{"title":"","heading_size":"h1","image_width":"full","image_ratio":"adapt","columns_desktop":3,"column_alignment":"center","background_style":"none","button_label":"","button_link":"","color_scheme":"scheme-5","columns_mobile":"1","swipe_on_mobile":true,"padding_top":0,"padding_bottom":20}},"slideshow_BU63fK":{"type":"slideshow","blocks":{"slide_AJmQ4z":{"type":"slide","settings":{"image":"shopify:\/\/shop_images\/Group_1000006417.png","heading":"","heading_size":"h1","subheading":"","button_label":"","link":"","button_style_secondary":false,"box_align":"middle-center","show_text_box":false,"text_alignment":"center","image_overlay_opacity":0,"color_scheme":"scheme-5","text_alignment_mobile":"center"}}},"block_order":["slide_AJmQ4z"],"custom_css":[],"settings":{"layout":"full_bleed","slide_height":"adapt_image","slider_visual":"counter","auto_rotate":false,"change_slides_speed":5,"image_behavior":"none","show_text_below":false,"accessibility_info":"Slideshow about our brand"}},"collapsible_content_TP9TMJ":{"type":"collapsible-content","blocks":{"collapsible_row_Hwy4y4":{"type":"collapsible_row","settings":{"heading":"Skin Feels & Aroma","icon":"none","row_content":"<p><strong>What does it smell like? <\/strong><\/p><p>Feels like water. Absorbs and dries quickly, no sticky or itchy feels.<\/p><p><strong>What does it feel like?<\/strong><\/p><p>It has either no aroma or a very mild fresh fragrance for a refreshing feel.<\/p>","page":""}},"collapsible_row_cVkAcn":{"type":"collapsible_row","settings":{"heading":"How to use","icon":"none","row_content":"<ul><li>After a bath, apply a coin-sized amount on intimate area and armpits<\/li><li>Let it sit for 1-2 mins and then wear clothes<\/li><li>Best results if used in the both am and pm routines <\/li><li>Patch test recommended<\/li><li>Do not layer with other products<\/li><\/ul>","page":""}},"collapsible_row_jjHdU7":{"type":"collapsible_row","settings":{"heading":"Key Ingredients","icon":"none","row_content":"<p>Aqua, Glycerin, Butyrospermum Parkii (Shea Butter), Panthenol, Glyceryl Stearate Citrate, Alpha Arbutin, Aloe Barbadensis (Aloe Vera) Extract, Dipotassium Glycyrrhizate, Kojic Acid Dipalmitate, Sodium Levulinate, Potassium Sorbate, Allantoin, Rosmarinus Officinalis (Rosemary) Extract, Polyacrylate Crosspolymer-6, Melaleuca Alternifolia (Tea Tree) Leaf Oil, Sodium Gluconate.<br\/><br\/><\/p>","page":""}},"collapsible_row_FtmkL9":{"type":"collapsible_row","settings":{"heading":"Additional Information","icon":"none","row_content":"<p><strong>GENERIC NAME:<\/strong>  Intimate Serum<\/p><p><strong>Dimensions:<\/strong> 5*5*16 cm<\/p><p><strong>BEST BEFORE:<\/strong><br\/>24 Months from the Manufacturing date.<\/p><p><strong>Manufactured By:<\/strong>A.M Enterprises<br\/>Khasra No. 63, 64, Near Genious School, Uncha Parwanoo, Dist: Solan, Himachal Pradesh.<\/p><p><strong>Mfg License Number: <\/strong>S-COS\/13\/34<br\/><br\/><strong>Maximum Retail Price :<\/strong> Rs.1299 (inclusive all taxes)<\/p><p><strong>Net Qty:<\/strong> 75grams<\/p><p><strong>If You have any queries:<\/strong><br\/>Email: info@reginaldmen.com<\/p><p>WhatsApp:+91 8374525213<br\/><br\/><\/p><p><br\/><\/p>","page":""}}},"block_order":["collapsible_row_Hwy4y4","collapsible_row_cVkAcn","collapsible_row_jjHdU7","collapsible_row_FtmkL9"],"custom_css":["h3 {font-size: 18px;}","h2 {font-size: 56.8px;}",".accordion {border-bottom: 0.5px solid #fff; border-top: 0.5px solid #fff;}",".collapsible-content {margin-top: -10px; padding: 0px 30px 0px 30px;}","@media (min-width: 600px) {h3 {font-size: 24px; } .grid__item {padding: 10px; margin: 40px 0px 0px 0px; } .collapsible-content__grid-item {margin: 0px !important; }}","@media (max-width: 600px) {.collapsible-content__media {display: none; } .collapsible-content__header {display: none; }}"],"settings":{"caption":"","heading":"What It Does ?","heading_size":"h1","heading_alignment":"center","layout":"none","color_scheme":"scheme-5","container_color_scheme":"scheme-5","open_first_collapsible_row":true,"image":"shopify:\/\/shop_images\/dd5fd613-957a-4204-87d4-7f8a0ed1a11b_1.png","image_ratio":"adapt","desktop_layout":"image_second","padding_top":16,"padding_bottom":32}},"custom_liquid_8NYVfT":{"type":"custom-liquid","disabled":true,"custom_css":["@media (min-width: 600px) {form {display: none; }}"],"settings":{"custom_liquid":"<form style='width:300px;margin:auto;background-color: #000000;' method=\"post\" action=\"\/cart\/add\" id=\"product-form-template--17294231601332__main\" accept-charset=\"UTF-8\" class=\"form\" enctype=\"multipart\/form-data\" novalidate=\"novalidate\" data-type=\"add-to-cart-form\"><input type=\"hidden\" name=\"form_type\" value=\"product\"><input type=\"hidden\" name=\"utf8\" value=\"✓\"><input type=\"hidden\" name=\"id\" value=\"43431715864756\" class=\"product-variant-id\"><div class=\"product-form__buttons\"><button style='font-weight:bold;background-color:#000E8B;color:#ffffff' id=\"ProductSubmitButton-template--17294231601332__main\" type=\"submit\" name=\"add\" class=\"product-form__submit button button--full-width button--secondary\" aria-haspopup=\"dialog\" fdprocessedid=\"qu1b1s\">\n            <span>Add to cart\n<\/span>\n\n<link href=\"\/\/www.reginaldmen.com\/cdn\/shop\/t\/102\/assets\/component-loading-spinner.css?v=116724955567955766481726120372\" rel=\"stylesheet\" type=\"text\/css\" media=\"all\">\n\n<div class=\"loading__spinner hidden\">\n  <svg aria-hidden=\"true\" focusable=\"false\" class=\"spinner\" viewBox=\"0 0 66 66\" xmlns=\"http:\/\/www.w3.org\/2000\/svg\">\n    <circle class=\"path\" fill=\"none\" stroke-width=\"6\" cx=\"33\" cy=\"33\" r=\"30\"><\/circle>\n  <\/svg>\n<\/div>\n<\/button><div data-shopify=\"payment-button\" class=\"shopify-payment-button\"> <shopify-accelerated-checkout recommended=\"null\" fallback=\"{&quot;name&quot;:&quot;buy_it_now&quot;,&quot;wallet_params&quot;:{}}\" access-token=\"78328903bc2e486e74eaf073da31f9a1\" buyer-country=\"IN\" buyer-locale=\"en\" buyer-currency=\"INR\" variant-params=\"[{&quot;id&quot;:43431715864756,&quot;requiresShipping&quot;:true}]\" shop-id=\"63761940660\" requires-shipping=\"\"><shopify-buy-it-now-button access-token=\"78328903bc2e486e74eaf073da31f9a1\" buyer-country=\"IN\" buyer-currency=\"INR\" wallet-params=\"{}\" page-type=\"product\" slot=\"button\" requires-shipping=\"\" call-to-action=\"\"><button type=\"button\" class=\"shopify-payment-button__button shopify-payment-button__button--unbranded\" swc-type=\"buy_now\" style=\"display: none;\">Buy it now<\/button><button type=\"button\" class=\"shopify-payment-button__button shopify-payment-button__button--unbranded swc-btn\" swc-type=\"buy_now\" style=\"pointer-events: auto;\">Buy it now<\/button><\/shopify-buy-it-now-button><\/shopify-accelerated-checkout> <\/div>\n<\/div><input type=\"hidden\" name=\"product-id\" value=\"7691717705908\"><input type=\"hidden\" name=\"section-id\" value=\"template--17294231601332__main\"><\/form>","color_scheme":"scheme-5","padding_top":16,"padding_bottom":16}},"custom_liquid_aJLwzJ":{"type":"custom-liquid","disabled":true,"custom_css":["@media (max-width: 600px) {form {display: none; }}"],"settings":{"custom_liquid":"<form style='margin:-140px 10px 0px 800px;\nwidth:400px;background-color: #000000;' method=\"post\" action=\"\/cart\/add\" id=\"product-form-template--17294231601332__main\" accept-charset=\"UTF-8\" class=\"form\" enctype=\"multipart\/form-data\" novalidate=\"novalidate\" data-type=\"add-to-cart-form\"><input type=\"hidden\" name=\"form_type\" value=\"product\"><input type=\"hidden\" name=\"utf8\" value=\"✓\"><input type=\"hidden\" name=\"id\" value=\"43431715864756\" class=\"product-variant-id\"><div class=\"product-form__buttons\"><button style='background-color:#000E8B;color:#ffffff' id=\"ProductSubmitButton-template--17294231601332__main\" type=\"submit\" name=\"add\" class=\"product-form__submit button button--full-width button--secondary\" aria-haspopup=\"dialog\" fdprocessedid=\"qu1b1s\">\n            <span>Add to cart\n<\/span>\n\n<link href=\"\/\/www.reginaldmen.com\/cdn\/shop\/t\/102\/assets\/component-loading-spinner.css?v=116724955567955766481726120372\" rel=\"stylesheet\" type=\"text\/css\" media=\"all\">\n\n<div class=\"loading__spinner hidden\">\n  <svg aria-hidden=\"true\" focusable=\"false\" class=\"spinner\" viewBox=\"0 0 66 66\" xmlns=\"http:\/\/www.w3.org\/2000\/svg\">\n    <circle class=\"path\" fill=\"none\" stroke-width=\"6\" cx=\"33\" cy=\"33\" r=\"30\"><\/circle>\n  <\/svg>\n<\/div>\n<\/button><div data-shopify=\"payment-button\" class=\"shopify-payment-button\"> <shopify-accelerated-checkout recommended=\"null\" fallback=\"{&quot;name&quot;:&quot;buy_it_now&quot;,&quot;wallet_params&quot;:{}}\" access-token=\"78328903bc2e486e74eaf073da31f9a1\" buyer-country=\"IN\" buyer-locale=\"en\" buyer-currency=\"INR\" variant-params=\"[{&quot;id&quot;:43431715864756,&quot;requiresShipping&quot;:true}]\" shop-id=\"63761940660\" requires-shipping=\"\"><shopify-buy-it-now-button access-token=\"78328903bc2e486e74eaf073da31f9a1\" buyer-country=\"IN\" buyer-currency=\"INR\" wallet-params=\"{}\" page-type=\"product\" slot=\"button\" requires-shipping=\"\" call-to-action=\"\"><button type=\"button\" class=\"shopify-payment-button__button shopify-payment-button__button--unbranded\" swc-type=\"buy_now\" style=\"display: none;\">Buy it now<\/button><button type=\"button\" class=\"shopify-payment-button__button shopify-payment-button__button--unbranded swc-btn\" swc-type=\"buy_now\" style=\"pointer-events: auto;\">Buy it now<\/button><\/shopify-buy-it-now-button><\/shopify-accelerated-checkout> <\/div>\n<\/div><input type=\"hidden\" name=\"product-id\" value=\"7691717705908\"><input type=\"hidden\" name=\"section-id\" value=\"template--17294231601332__main\"><\/form>","color_scheme":"scheme-5","padding_top":16,"padding_bottom":24}},"multicolumn_8xDfaA":{"type":"multicolumn","blocks":{"column_MbUNbm":{"type":"column","settings":{"image":"shopify:\/\/shop_images\/Group_1000003906_1.png","title":"","text":"","link_label":"","link":""}}},"block_order":["column_MbUNbm"],"custom_css":["div {display: block; margin: 0 auto; height: 100%;}",".multicolumn-card__info {display: none;}",".center {display: block; margin-top: -120px; margin-bottom: 60px;}",".button {color: #fff; width: 300px; margin-top: 36px; border-radius: 8.372px; background: #00048a;}"],"settings":{"title":"","heading_size":"h1","image_width":"full","image_ratio":"adapt","columns_desktop":3,"column_alignment":"left","background_style":"primary","button_label":"Take the Quiz","button_link":"https:\/\/www.reginaldmen.com\/?utm_source=Quiz&utm_medium=home_direct&utm_campaign=SkinTest#quiz-gWH2J3","color_scheme":"scheme-5","columns_mobile":"1","swipe_on_mobile":false,"padding_top":36,"padding_bottom":36}},"rich_text_gnMVjR":{"type":"rich-text","blocks":{"heading_HQ8QNL":{"type":"heading","settings":{"heading":"Save More","heading_size":"h2"}},"text_kQYy47":{"type":"text","settings":{"text":"<p>With New Year Sale<\/p>"}}},"block_order":["heading_HQ8QNL","text_kQYy47"],"custom_css":[".rich-text__blocks {background: #000000;}",".rich-text__heading {text-align: center; color: #fff; font-size: 56.57px; font-style: normal; font-stretch: semi-condensed; font-weight: 700; line-height: 77%; \/* 34.605px *\/ letter-spacing: -1.798px;}",".rich-text__text {margin-top: 6px; color: #fff; text-align: center; font-family: \"Tiro Devanagari Hindi\"; font-size: 28.39px; font-style: normal; font-weight: 400; line-height: 77%; \/* 17.366px *\/ letter-spacing: -0.677px;}",".rich-text {background-color: #000000;}"],"settings":{"desktop_content_position":"center","content_alignment":"center","color_scheme":"scheme-5","full_width":true,"padding_top":56,"padding_bottom":56}},"ss_scrolling_announcement_bar_9JHgbx":{"type":"ss-scrolling-announcement-bar","blocks":{"text_JmXH8f":{"type":"text","settings":{"text":"New Year Transformation Sale"}},"text_bxijXh":{"type":"text","settings":{"text":"BUY 2 @ 999"}},"text_XYeU4N":{"type":"text","settings":{"text":"BUY 4 @ 1299"}}},"block_order":["text_JmXH8f","text_bxijXh","text_XYeU4N"],"disabled":true,"custom_css":[],"settings":{"insert_css_class_target":"","text_size":18,"ss_font_family":"montserrat_n4","link":"","animation_duration":22,"animation_direction":"left","pause_hover":false,"bg":"#ffffff","text_color":"#000000","hover_opacity":100,"padding_horizontal":0,"padding_vertical":1.2}},"featured_collection_xNq3Ky":{"type":"featured-collection","custom_css":["button {color: #ffffff; font-weight: bold; background-color: black; border: 1px solid #ffffff;}",".collection {background-color: #000000;}"],"settings":{"title":"","heading_size":"h1","description":"","show_description":false,"description_style":"body","collection":"cleanser-sunscreen","products_to_show":2,"columns_desktop":2,"full_width":false,"show_view_all":true,"view_all_style":"solid","enable_desktop_slider":false,"color_scheme":"scheme-5","image_ratio":"adapt","image_shape":"default","show_secondary_image":false,"show_vendor":false,"show_rating":false,"enable_quick_add":true,"columns_mobile":"2","swipe_on_mobile":false,"padding_top":36,"padding_bottom":36}},"multicolumn_xVigGr":{"type":"multicolumn","blocks":{"column_6jd9te":{"type":"column","settings":{"image":"shopify:\/\/shop_images\/Group_1000006367.png","title":"","text":"","link_label":"","link":""}}},"block_order":["column_6jd9te"],"disabled":true,"custom_css":[".button {background-color: #00048a; color: #fff !important; width: 300px; font-weight: bold;}"],"settings":{"title":"","heading_size":"h1","image_width":"full","image_ratio":"adapt","columns_desktop":3,"column_alignment":"left","background_style":"none","button_label":"Get Offer","button_link":"https:\/\/www.reginaldmen.com\/products\/titan-csm?utm_source=WhatsApp&utm_medium=Titan-Combo&utm_campaign=Titan-Combo-Banner","color_scheme":"scheme-5","columns_mobile":"1","swipe_on_mobile":false,"padding_top":20,"padding_bottom":20}},"slideshow_7dqHRq":{"type":"slideshow","blocks":{"slide_6LtCmN":{"type":"slide","settings":{"image":"shopify:\/\/shop_images\/Group_1000006411_3.png","heading":"","heading_size":"h1","subheading":"","button_label":"","link":"","button_style_secondary":false,"box_align":"middle-center","show_text_box":false,"text_alignment":"center","image_overlay_opacity":0,"color_scheme":"scheme-5","text_alignment_mobile":"center"}}},"block_order":["slide_6LtCmN"],"custom_css":[".button {margin-top: 600px; background-color: #0000ff75; fill-opacity: 0.5; color: #ffffff; width: 200px;}"],"settings":{"layout":"full_bleed","slide_height":"adapt_image","slider_visual":"counter","auto_rotate":false,"change_slides_speed":5,"image_behavior":"none","show_text_below":false,"accessibility_info":"Slideshow about our brand"}},"slideshow_TUTNKY":{"type":"slideshow","blocks":{"slide_JHwEA4":{"type":"slide","settings":{"image":"shopify:\/\/shop_images\/Group_1000006418.png","heading":"","heading_size":"h1","subheading":"","button_label":"","link":"","button_style_secondary":false,"box_align":"middle-center","show_text_box":false,"text_alignment":"center","image_overlay_opacity":0,"color_scheme":"scheme-5","text_alignment_mobile":"center"}}},"block_order":["slide_JHwEA4"],"settings":{"layout":"full_bleed","slide_height":"adapt_image","slider_visual":"counter","auto_rotate":false,"change_slides_speed":5,"image_behavior":"none","show_text_below":false,"accessibility_info":"Slideshow about our brand"}},"custom_liquid_mcEN8Q":{"type":"custom-liquid","custom_css":["@media (max-width: 600px) {form {display: none; }}"],"settings":{"custom_liquid":"<form style='margin:-270px 10px 0px 310px;width:400px;background-color: #000000;'  method=\"post\" action=\"\/cart\/add\" id=\"product-form-template--17294231601332__main\" accept-charset=\"UTF-8\" class=\"form\" enctype=\"multipart\/form-data\" novalidate=\"novalidate\" data-type=\"add-to-cart-form\"><input type=\"hidden\" name=\"form_type\" value=\"product\"><input type=\"hidden\" name=\"utf8\" value=\"✓\"><input type=\"hidden\" name=\"id\" value=\"43431715864756\" class=\"product-variant-id\"><div class=\"product-form__buttons\"><button style='background-color:#0000ff;color:#ffffff' id=\"ProductSubmitButton-template--17294231601332__main\" type=\"submit\" name=\"add\" class=\"product-form__submit button button--full-width button--secondary\" aria-haspopup=\"dialog\" fdprocessedid=\"qu1b1s\">\n            <span>Add to cart\n<\/span>\n\n<link href=\"\/\/www.reginaldmen.com\/cdn\/shop\/t\/102\/assets\/component-loading-spinner.css?v=116724955567955766481726120372\" rel=\"stylesheet\" type=\"text\/css\" media=\"all\">\n\n<div class=\"loading__spinner hidden\">\n  <svg aria-hidden=\"true\" focusable=\"false\" class=\"spinner\" viewBox=\"0 0 66 66\" xmlns=\"http:\/\/www.w3.org\/2000\/svg\">\n    <circle class=\"path\" fill=\"none\" stroke-width=\"6\" cx=\"33\" cy=\"33\" r=\"30\"><\/circle>\n  <\/svg>\n<\/div>\n<\/button><div data-shopify=\"payment-button\" class=\"shopify-payment-button\"> <shopify-accelerated-checkout recommended=\"null\" fallback=\"{&quot;name&quot;:&quot;buy_it_now&quot;,&quot;wallet_params&quot;:{}}\" access-token=\"78328903bc2e486e74eaf073da31f9a1\" buyer-country=\"IN\" buyer-locale=\"en\" buyer-currency=\"INR\" variant-params=\"[{&quot;id&quot;:43431715864756,&quot;requiresShipping&quot;:true}]\" shop-id=\"63761940660\" requires-shipping=\"\"><shopify-buy-it-now-button access-token=\"78328903bc2e486e74eaf073da31f9a1\" buyer-country=\"IN\" buyer-currency=\"INR\" wallet-params=\"{}\" page-type=\"product\" slot=\"button\" requires-shipping=\"\" call-to-action=\"\"><button type=\"button\" class=\"shopify-payment-button__button shopify-payment-button__button--unbranded\" swc-type=\"buy_now\" style=\"display: none;\">Buy it now<\/button><button type=\"button\" class=\"shopify-payment-button__button shopify-payment-button__button--unbranded swc-btn\" swc-type=\"buy_now\" style=\"pointer-events: auto;\">Buy it now<\/button><\/shopify-buy-it-now-button><\/shopify-accelerated-checkout> <\/div>\n<\/div><input type=\"hidden\" name=\"product-id\" value=\"7691717705908\"><input type=\"hidden\" name=\"section-id\" value=\"template--17294231601332__main\"><\/form>","color_scheme":"scheme-5","padding_top":16,"padding_bottom":40}},"17268977958e60190b":{"type":"apps","blocks":{"judge_me_reviews_review_widget_tDerWg":{"type":"shopify:\/\/apps\/judge-me-reviews\/blocks\/review_widget\/61ccd3b1-a9f2-4160-9fe9-4fec8413e5d8","settings":{}}},"block_order":["judge_me_reviews_review_widget_tDerWg"],"custom_css":[".jdgm-rev {margin-top: 0px !important;}"],"settings":{"include_margins":true}},"slideshow_QETVaK":{"type":"slideshow","blocks":{"slide_4hAT8U":{"type":"slide","settings":{"image":"shopify:\/\/shop_images\/Group_1000006541.png","heading":"","heading_size":"h1","subheading":"","button_label":"","link":"","button_style_secondary":false,"box_align":"middle-center","show_text_box":false,"text_alignment":"center","image_overlay_opacity":0,"color_scheme":"scheme-5","text_alignment_mobile":"center"}}},"block_order":["slide_4hAT8U"],"custom_css":[".slideshow {padding-top: 0px; background-color: #000000;}"],"settings":{"layout":"full_bleed","slide_height":"adapt_image","slider_visual":"counter","auto_rotate":false,"change_slides_speed":5,"image_behavior":"none","show_text_below":false,"accessibility_info":"Slideshow about our brand"}},"slideshow_AXdwWd":{"type":"slideshow","blocks":{"slide_DVkVJ4":{"type":"slide","settings":{"image":"shopify:\/\/shop_images\/Frame_1000005472_1.png","heading":"","heading_size":"h1","subheading":"","button_label":"","link":"","button_style_secondary":false,"box_align":"middle-center","show_text_box":false,"text_alignment":"center","image_overlay_opacity":0,"color_scheme":"scheme-5","text_alignment_mobile":"center"}}},"block_order":["slide_DVkVJ4"],"settings":{"layout":"full_bleed","slide_height":"adapt_image","slider_visual":"counter","auto_rotate":false,"change_slides_speed":5,"image_behavior":"none","show_text_below":false,"accessibility_info":"Slideshow about our brand"}},"related-products":{"type":"related-products","disabled":true,"settings":{"heading":"You may also like","heading_size":"h2","products_to_show":4,"columns_desktop":4,"color_scheme":"scheme-1","image_ratio":"square","image_shape":"default","show_secondary_image":true,"show_vendor":false,"show_rating":false,"columns_mobile":"2","padding_top":36,"padding_bottom":28}}},"order":["slideshow_4d3nag","multicolumn_ikki4B","custom_liquid_mmwiJ8","main","1724387754a40bbdb1","rich_text_6ADhyB","multicolumn_QrLqkd","slideshow_BU63fK","collapsible_content_TP9TMJ","custom_liquid_8NYVfT","custom_liquid_aJLwzJ","multicolumn_8xDfaA","rich_text_gnMVjR","ss_scrolling_announcement_bar_9JHgbx","featured_collection_xNq3Ky","multicolumn_xVigGr","slideshow_7dqHRq","slideshow_TUTNKY","custom_liquid_mcEN8Q","17268977958e60190b","slideshow_QETVaK","slideshow_AXdwWd","related-products"]}