{"sections":{"custom_liquid_AkWGti":{"type":"custom-liquid","settings":{"custom_liquid":"<div class=\"p_head\" style=\"padding: 0px 1rem\">\n<h3 style=\"margin: 5px auto; padding: 0 8px\">High performing combo - visible results from week 2<\/h3>\n<div style=\"display: flex;flex-wrap: wrap;gap: 4px;font-size: 8px;margin: 0 auto;padding: 0 6px;\">\n<span style=\"display: flex;align-items: center;gap: 0.4rem;background-color: white;color: #010118;font-weight: 600;padding: 5px 10px;border-radius: 25px;\"><svg      xmlns=\"http:\/\/www.w3.org\/2000\/svg\" fill=\"#000000\" width=\"20px\" height=\"20px\" viewBox=\"0 0 24 24\"><path             d=\"M12,2A10,10,0,1,0,22,12,10,10,0,0,0,12,2Zm5.676,8.237-6,5.5a1,1,0,0,1-1.383-.03l-3-3a1,1,0,1,1,1.414-1.414l2.323,2.323,5.294-4.853a1,1,0,1,1,1.352,1.474Z\" \/><\/svg>Patented Technology<\/span>\n<span style=\"\n            display: flex;\n            align-items: center;\n            gap: 0.4rem;\n            background-color: white;\n            color: #010118;\n            font-weight: 600;\n            padding: 5px 10px;\n            border-radius: 25px;\n          \"\n          ><svg\n            xmlns=\"http:\/\/www.w3.org\/2000\/svg\"\n            fill=\"#000000\"\n            width=\"20px\"\n            height=\"20px\"\n            viewBox=\"0 0 24 24\">\n            <path\n              d=\"M12,2A10,10,0,1,0,22,12,10,10,0,0,0,12,2Zm5.676,8.237-6,5.5a1,1,0,0,1-1.383-.03l-3-3a1,1,0,1,1,1.414-1.414l2.323,2.323,5.294-4.853a1,1,0,1,1,1.352,1.474Z\" \/>\n          <\/svg>\n          Feels like nothing on skin<\/span\n        >\n        <span\n          style=\"\n            display: flex;\n            align-items: center;\n            gap: 0.4rem;\n            background-color: white;\n            color: #010118;\n            font-weight: 600;\n            padding: 5px 10px;\n            border-radius: 25px;\n          \"\n          ><svg\n            xmlns=\"http:\/\/www.w3.org\/2000\/svg\"\n            fill=\"#000000\"\n            width=\"20px\"\n            height=\"20px\"\n            viewBox=\"0 0 24 24\">\n            <path\n              d=\"M12,2A10,10,0,1,0,22,12,10,10,0,0,0,12,2Zm5.676,8.237-6,5.5a1,1,0,0,1-1.383-.03l-3-3a1,1,0,1,1,1.414-1.414l2.323,2.323,5.294-4.853a1,1,0,1,1,1.352,1.474Z\" \/>\n          <\/svg>\n          1 Fix for all skin & beard problems<\/span\n        ><span\n          style=\"\n            display: flex;\n            align-items: center;\n            gap: 0.4rem;\n            background-color: white;\n            color: #010118;\n            font-weight: 600;\n            padding: 5px 10px;\n            border-radius: 25px;font-size:\n          \"\n          ><svg\n            xmlns=\"http:\/\/www.w3.org\/2000\/svg\"\n            fill=\"#000000\"\n            width=\"20px\"\n            height=\"20px\"\n            viewBox=\"0 0 24 24\">\n            <path\n              d=\"M12,2A10,10,0,1,0,22,12,10,10,0,0,0,12,2Zm5.676,8.237-6,5.5a1,1,0,0,1-1.383-.03l-3-3a1,1,0,1,1,1.414-1.414l2.323,2.323,5.294-4.853a1,1,0,1,1,1.352,1.474Z\" \/>\n          <\/svg>\n          Clinically Proven\n        <\/span>\n      <\/div>\n    <\/div>","color_scheme":"scheme-3","padding_top":32,"padding_bottom":0}},"main":{"type":"main-product","blocks":{"vendor":{"type":"text","disabled":true,"settings":{"text":"{{ product.vendor }}","text_style":"uppercase"}},"title":{"type":"title","settings":{}},"description_eKLdiH":{"type":"description","disabled":true,"settings":{}},"rating_p74dnU":{"type":"rating","disabled":true,"settings":{}},"custom_liquid_6Lhpac":{"type":"custom_liquid","settings":{"custom_liquid":"<div id=\"shopify-block-judge_me_reviews_preview_badge_Fqj7qt\" class=\"shopify-block shopify-app-block\"><div class=\"jdgm-widget jdgm-preview-badge jdgm-preview-badge--with-link jdgm--done-setup\" data-id=\"7696772333748\" data-template=\"manual-installation\">\n  <div style=\"display:none\" class=\"jdgm-prev-badge\" data-average-rating=\"4.00\" data-number-of-reviews=\"66\" data-number-of-questions=\"0\"> <span class=\"jdgm-prev-badge__stars\" data-score=\"4.00\" tabindex=\"0\" aria-label=\"4.00 stars\" role=\"button\"> <span class=\"jdgm-star jdgm--on\"><\/span><span class=\"jdgm-star jdgm--on\"><\/span><span class=\"jdgm-star jdgm--on\"><\/span><span class=\"jdgm-star jdgm--on\"><\/span><span class=\"jdgm-star jdgm--off\"><\/span> <\/span> <span class=\"jdgm-prev-badge__text\">[4] - 66 reviews<\/span> <\/div>\n<\/div>\n\n\n\n\n<\/div>"}},"judge_me_reviews_preview_badge_Fqj7qt":{"type":"shopify:\/\/apps\/judge-me-reviews\/blocks\/preview_badge\/61ccd3b1-a9f2-4160-9fe9-4fec8413e5d8","disabled":true,"settings":{}},"custom_liquid_cht4Ad":{"type":"custom_liquid","settings":{"custom_liquid":"<p style=\"margin:0;padding-bottom:15px;text-transform:capitalize;font-family:Noto Sans R\"><span style=\"color:white;font-family:Noto Sans SB\">437+<\/span> units sold<\/p>"}},"price":{"type":"price","settings":{}},"custom_liquid_AchRM9":{"type":"custom_liquid","disabled":true,"settings":{"custom_liquid":"<p style=\"font-size:1.2rem;font-family:Noto Sans R;line-height:22px;padding-top:10px\">You asked for it so we did it - <\/br><span style=\"color:white;font-size:1.9rem;text-transform:capitalize;font-family:Noto Sans SB\">serum now available with fragrance :<\/span><\/p>"}},"variant_picker":{"type":"variant_picker","disabled":true,"settings":{"picker_type":"button","swatch_shape":"circle"}},"custom_liquid_tf4Can":{"type":"custom_liquid","disabled":true,"settings":{"custom_liquid":"<div>\n<ul style=\"margin:0;text-transform:capitalize;font-size:1rem;list-style:none;margin-left:-2rem\">\n<li>*IFRA tested fragrance<\/li>\n<li>**Choose Witout fragrance - for sensitive skin<\/li>\n<\/ul>\n<\/div>"}},"quantity_selector":{"type":"quantity_selector","disabled":true,"settings":{}},"custom_liquid_hXGAdC":{"type":"custom_liquid","disabled":true,"settings":{"custom_liquid":"<div style=\"font-size:2.4rem;carousel:pointer\"><h2>Available Offers<\/h2><\/div>\n<div  style=\"margin-top:20px;font-size:1.3rem;font-family:Noto Sans R; padding:20px;line-height:22px;padding:5px;background-color: rgb(255, 255, 255);color:#202067;border-radius:10px;\">\n<p style=\"margin:10px 20px\"><svg fill=\"#000000\" height=\"12px\" width=\"12px\" version=\"1.1\" xmlns=\"http:\/\/www.w3.org\/2000\/svg\" viewBox=\"0 0 512 512\" xmlns:xlink=\"http:\/\/www.w3.org\/1999\/xlink\" enable-background=\"new 0 0 512 512\"><g id=\"SVGRepo_bgCarrier\" stroke-width=\"0\"><\/g><g id=\"SVGRepo_tracerCarrier\" stroke-linecap=\"round\" stroke-linejoin=\"round\"><\/g><g id=\"SVGRepo_iconCarrier\"> <g> <path d=\"m368.4,90.3c-30.3,0-54.9,24.6-54.9,54.9s24.6,54.9 54.9,54.9c30.3,0 54.9-24.6 54.9-54.9s-24.6-54.9-54.9-54.9zm0,69.1c-7.8,0-14.2-6.3-14.2-14.2s6.3-14.2 14.2-14.2c7.8,0 14.2,6.3 14.2,14.2s-6.4,14.2-14.2,14.2z\"><\/path> <path d=\"m54.4,312.2l142.4,144.5 262.8-259-22.9-119.7-119.4-24.8-262.9,259h2.13163e-14zm142.4,188c-9.2,0-17.9-3.6-24.4-10.2l-151.6-153.9c-13.2-13.4-13.1-35.1 0.4-48.4l270-266c8.1-8 19.9-11.5 31-9.1l127,26.4c13.6,2.8 24,13.5 26.7,27.1l24.5,127.4c2.2,11.3-1.4,22.8-9.6,30.9l-270,266c-6.4,6.3-15,9.8-24,9.8z\"><\/path> <\/g> <\/g><\/svg> Buy Serum, Moisturizer, Sunscreen set for <strong>₹1899.<\/strong>   (Use Code:<strong class=\"copyCode\" style=\"cursor: pointer;\"> <svg xmlns=\"http:\/\/www.w3.org\/2000\/svg\" width=\"12px\" height=\"12px\" viewBox=\"0 0 20 20\" fill=\"none\">\n  <path fill=\"#000000\" fill-rule=\"evenodd\" d=\"M4 2a2 2 0 00-2 2v9a2 2 0 002 2h2v2a2 2 0 002 2h9a2 2 0 002-2V8a2 2 0 00-2-2h-2V4a2 2 0 00-2-2H4zm9 4V4H4v9h2V8a2 2 0 012-2h5zM8 8h9v9H8V8z\"\/>\n<\/svg> PDCARE<\/strong>) and <strong style=\"color:green\">save ₹1000<\/strong><br> \n<\/p>\n <p id=\"copyMessage\" style=\"display: none;padding:5px 20px;font-family:Noto Sans B;color:green;margin:0;\">Text copied to clipboard!<\/p>\n<\/div>"}},"custom_liquid_NMUztH":{"type":"custom_liquid","settings":{"custom_liquid":"<div style=\"margin-bottom:1rem;background-color:white;color:#010118;border-radius:.6rem;padding:1rem;\">\n<p style=\"margin:0;font-family:Noto Sans B\">Limited Time Offer - Only For You!!!<\/p>\n<\/div>"}},"custom_liquid_QEmjrR":{"type":"custom_liquid","disabled":true,"settings":{"custom_liquid":"<div class=\"countdown-container\">\n        <div class=\"countdown\">\n            <div class=\"time\" id=\"days\"><\/div>\n            <div class=\"label\">Days<\/div>\n        <\/div><span class=\"coo\">:<\/span>\n        <div class=\"countdown\">\n            <div class=\"time\" id=\"hours\"><\/div>\n            <div class=\"label\">Hours<\/div>\n        <\/div><span class=\"coo\">:<\/span>\n        <div class=\"countdown\">\n            <div class=\"time\" id=\"minutes\"><\/div>\n            <div class=\"label\">Minutes<\/div>\n        <\/div><span class=\"coo\">:<\/span>\n        <div class=\"countdown\">\n            <div class=\"time\" id=\"seconds\"><\/div>\n            <div class=\"label\">Seconds<\/div>\n        <\/div>\n    <\/div>\n<style>\n*{\nfont-family:\"Noto Sans SB\";\n}\n\n\n.countdown-container {\n    display: flex;\njustify-content:center;\nalign-items:center;\n    gap: 10px;\npadding-top:1rem;\ncolor:white;\n}\n.coo{\nfont-size:1.2rem;\nmargin-top:-1.6rem\n}\n\n.countdown {\n    text-align: center;\n}\n\n.time {\n    font-size: 20px;\n}\n\n.label {\n    font-size: 8px;\n}\n\n<\/style>\n\n<script>\/\/ Set the date we're counting down to (July 23rd, current year)\nconst targetDate = new Date();\ntargetDate.setMonth(6); \/\/ July (0-indexed)\ntargetDate.setDate(23);\ntargetDate.setHours(0, 0, 0, 0);\n\n\/\/ Check if the target date has already passed for this year, and if so, set it to next year\nconst now = new Date();\nif (now > targetDate) {\n    targetDate.setFullYear(targetDate.getFullYear() + 1);\n}\n\n\/\/ Update the count down every 1 second\nconst countdownFunction = setInterval(function() {\n  \/\/ Get today's date and time\n  const now = new Date().getTime();\n\n  \/\/ Find the distance between now and the count down date\n  const distance = targetDate.getTime() - now;\n\n  \/\/ Time calculations for days, hours, minutes and seconds\n  const days = Math.floor(distance \/ (1000 * 60 * 60 * 24));\n  const hours = Math.floor((distance % (1000 * 60 * 60 * 24)) \/ (1000 * 60 * 60));\n  const minutes = Math.floor((distance % (1000 * 60 * 60)) \/ (1000 * 60));\n  const seconds = Math.floor((distance % (1000 * 60)) \/ 1000);\n\n  \/\/ Display the result in the elements with id\n  document.getElementById(\"days\").innerHTML = days;\n  document.getElementById(\"hours\").innerHTML = ('0' + hours).slice(-2);\n  document.getElementById(\"minutes\").innerHTML = ('0' + minutes).slice(-2);\n  document.getElementById(\"seconds\").innerHTML = ('0' + seconds).slice(-2);\n\n  \/\/ If the count down is over, write some text \n  if (distance < 0) {\n    clearInterval(countdownFunction);\n    document.getElementById(\"days\").innerHTML = \"0\";\n    document.getElementById(\"hours\").innerHTML = \"00\";\n    document.getElementById(\"minutes\").innerHTML = \"00\";\n    document.getElementById(\"seconds\").innerHTML = \"00\";\n    document.getElementById(\"message\").innerHTML = \"Coupon expired!\";\n  }\n}, 1000);\n\n\/\/ Function to apply coupon\nfunction applyCoupon() {\n  const couponCode = document.getElementById('couponCode').value;\n  const validCoupon = \"COMBO2024\"; \/\/ Example coupon code\n  if (couponCode === validCoupon) {\n    document.getElementById('message').innerHTML = \"Coupon applied! You get a discount!\";\n  } else {\n    document.getElementById('message').innerHTML = \"Invalid coupon code. Please try again.\";\n  }\n}\n<\/script>"}},"judge_me_reviews_preview_badge_TM9Qpd":{"type":"shopify:\/\/apps\/judge-me-reviews\/blocks\/preview_badge\/61ccd3b1-a9f2-4160-9fe9-4fec8413e5d8","disabled":true,"settings":{}},"buy_buttons":{"type":"buy_buttons","settings":{"show_dynamic_checkout":true,"show_gift_card_recipient":true}}},"block_order":["vendor","title","description_eKLdiH","rating_p74dnU","custom_liquid_6Lhpac","judge_me_reviews_preview_badge_Fqj7qt","custom_liquid_cht4Ad","price","custom_liquid_AchRM9","variant_picker","custom_liquid_tf4Can","quantity_selector","custom_liquid_hXGAdC","custom_liquid_NMUztH","custom_liquid_QEmjrR","judge_me_reviews_preview_badge_TM9Qpd","buy_buttons"],"custom_css":["form {margin-top: 2rem;}"],"settings":{"enable_sticky_info":true,"color_scheme":"scheme-3","media_size":"medium","constrain_to_viewport":true,"media_fit":"contain","gallery_layout":"thumbnail_slider","media_position":"left","image_zoom":"none","mobile_thumbnails":"hide","hide_variants":true,"enable_video_looping":true,"padding_top":20,"padding_bottom":0}},"ss_feature_1_m78RRL":{"type":"ss-feature-1","blocks":{"image_VayayT":{"type":"image","settings":{"feature_title":"4k+ Happy Customers","feature_text":"","feature_image":"shopify:\/\/shop_images\/review.png","feature_url":"","hide_image":false}},"image_ii7tX7":{"type":"image","settings":{"feature_title":"Secure Payment Options","feature_text":"","feature_image":"shopify:\/\/shop_images\/credit-card.png","feature_url":"","hide_image":false}},"image_mReL3b":{"type":"image","settings":{"feature_title":"On Time Delivery","feature_text":"","feature_image":"shopify:\/\/shop_images\/delivery-truck.png","feature_url":"","hide_image":false}}},"block_order":["image_VayayT","image_ii7tX7","image_mReL3b"],"settings":{"feature_row":3,"feature_row_mobile":3,"feature_gap":24,"feature_gap_mobile":20,"feature_padding_vertical":0,"feature_padding_horizontal":0,"feature_radius":0,"feature_border_thickness":0,"feature_shadow":false,"feature_heading_custom":false,"feature_heading_font":"josefin_sans_n4","feature_heading_size":14,"feature_heading_size_mobile":12,"feature_heading_height":130,"feature_heading_mt":8,"feature_text_custom":false,"feature_text_font":"josefin_sans_n4","feature_text_size":12,"feature_text_size_mobile":12,"feature_text_height":130,"feature_text_mt":4,"feature_icon_size":42,"feature_icon_size_mobile":42,"feature_bg":"#121239","feature_border_color":"#000000","feature_shadow_color":"#000000","feature_heading_color":"#ffffff","feature_text_color":"#ffffff","feature_icon_color":"#ffffff","background_color":"#121239","background_gradient":"","border_color":"#ffffff","margin_top":0,"margin_bottom":0,"padding_top":16,"padding_bottom":16,"padding_horizontal":5,"padding_horizontal_mobile":1.5,"full_width":false,"content_width":120,"border_thickness":0,"lazy":true}},"ss_countdown_bar_UbAzrh":{"type":"ss-countdown-bar","blocks":{"text_nydtHK":{"type":"text","settings":{"heading":"Hurry up offer ending Today!","color":"#121239","font_size":28}},"timer_nCXYQA":{"type":"timer","settings":{"year":"2024","month":"06","day":"01","hour":"02","minute":"00","hide_timer_on_completed":true,"color":"#121239","font_size_number":28,"font_size_text":20}}},"block_order":["text_nydtHK","timer_nCXYQA"],"disabled":true,"settings":{"target_selector":"#shopify-section-template--16876388122804__collapsible_content_TMmbYb","use_cross":false,"background-color":"#ffffff"}},"rich_text_tWddpc":{"type":"rich-text","blocks":{"heading_8DDkiK":{"type":"heading","settings":{"heading":"Check the","heading_size":"h1"}},"text_gPWKwx":{"type":"text","settings":{"text":"<p>Results<\/p>"}}},"block_order":["heading_8DDkiK","text_gPWKwx"],"custom_css":[".rich-text__blocks {background: #121239;}",".rich-text__heading {text-align: center; color: #fff; font-size: 43.942px; font-style: normal; font-stretch: semi-condensed; font-weight: 700; line-height: 77%; \/* 34.605px *\/ letter-spacing: -1.798px;}",".rich-text__text {margin-top: 6px; color: #fff; text-align: center; font-family: \"Tiro Devanagari Hindi\"; font-size: 22.554px; font-style: normal; font-weight: 400; line-height: 77%; \/* 17.366px *\/ letter-spacing: -0.677px;}"],"settings":{"desktop_content_position":"center","content_alignment":"center","color_scheme":"scheme-3","full_width":true,"padding_top":32,"padding_bottom":20}},"multicolumn_QrLqkd":{"type":"multicolumn","blocks":{"column_8Wajag":{"type":"column","settings":{"image":"shopify:\/\/shop_images\/Frame_1000004774_7.png","title":"","text":"","link_label":"","link":""}},"column_H9mHUX":{"type":"column","disabled":true,"settings":{"image":"shopify:\/\/shop_images\/Group_1000004039.png","title":"","text":"","link_label":"","link":""}},"column_WW6mmt":{"type":"column","settings":{"image":"shopify:\/\/shop_images\/Frame_1000004774_5.png","title":"","text":"","link_label":"","link":""}},"column_XAndMR":{"type":"column","settings":{"image":"shopify:\/\/shop_images\/Frame_1000004774_6.png","title":"","text":"","link_label":"","link":""}}},"block_order":["column_8Wajag","column_H9mHUX","column_WW6mmt","column_XAndMR"],"settings":{"title":"","heading_size":"h1","image_width":"full","image_ratio":"adapt","columns_desktop":3,"column_alignment":"center","background_style":"none","button_label":"","button_link":"","color_scheme":"scheme-3","columns_mobile":"1","swipe_on_mobile":true,"padding_top":0,"padding_bottom":0}},"collapsible_content_TMmbYb":{"type":"collapsible-content","blocks":{"collapsible_row_yEAbh4":{"type":"collapsible_row","settings":{"heading":"Active Ingredient List","icon":"none","row_content":"<h3><strong>Serum:<\/strong><\/h3><p><strong>Potassium Azeloyl Diglycinate:  <\/strong>Sourced from KoreaHyperpigmentation , Redness , Excess oil production<\/p><p><strong>Niacinamide:<\/strong> Sourced from USAStrengthens skin barrier , Improves skin texture <\/p><p><strong>Succinic Acid:<\/strong>  Sourced from SpainFights acne-causing bacteria , Inflammation , Reduces <\/p><p><strong>Skin Texture Betaine:<\/strong> Sourced from FinlandHydration , Enhances elasticity , Soothes dry, irritated skin <\/p><p><strong>Alpha Arbutin: <\/strong>Sourced from ChinaInhibits melanin production , Targets dark spots Dipotassium<\/p><p><strong>Glycyrrhizate: <\/strong>Sourced from ChinaAntioxidant better than Vitamin C , Anti Ageing , Brightening <\/p><p><strong>Ictasol: <\/strong>Sourced from GermanyAnti Inflammatory , Anti Acne , Better than Salicylic Acid Sorbitol: Sourced from GermanyHydration for 24 hrs , No fine linesPolylysine: Sourced from FranceAntimicrobial properties , Skin Repair  <\/p><p><strong>Glyceryl Glucoside:<\/strong> Sourced from JapanHydration , Skin Elasticity Sodium <\/p><p><strong>Hyaluronate: <\/strong>Sourced from KoreaPlumps the skin , No fine lines & wrinkles<\/p><h3><strong>Sunscreen:<\/strong><\/h3><p><strong>Cica Extract : <\/strong>Sourced  from KoreaReduces redness, inflammation , Suitable for sensitive or easily irritated skin types<\/p><p><strong>Xylitol:<\/strong> Sourced from FranceMaintains skin moisture , Protection against UV damage , Intense hydration & Barrier Repair , Softens skin & relieves sun burns <\/p><p><strong>Kojic Acid Dipalmitate: <\/strong>Sourced from ChinaReduces dark spots , Hyperpigmentation , Brightens Skin & Reduces  <\/p><p><strong>Tan Nano Glycerin: <\/strong>Sourced from SwedenMaintains skin moisture levels , Prevent dryness , Improve skin texture<\/p><p><strong>Glycerin: <\/strong>Draws moisture into the skin, hydrates, maintains skin moisture levels, prevent dryness & improve overall skin texture.<br\/><\/p>","page":""}},"collapsible_row_7WJPdn":{"type":"collapsible_row","settings":{"heading":"How to Use?","icon":"none","row_content":"<p>1. Apply 3-4 drops of serum on cleansed face both in the AM & PM<\/p><p>2. Once the serum is absorbed into the skin, apply 3 fingers of sunscreen in the AM only.<\/p><p>3. Let it sit for 40 to 50 secs until sunscreen is fully absorbed.<\/p><p>4. Make sure to re-apply sunscreen once in the afternoon.<\/p>","page":""}},"collapsible_row_mkKR7k":{"type":"collapsible_row","settings":{"heading":"Full Ingredient List Decoded","icon":"none","row_content":"<p><strong>Caprylic\/Capric Triglyceride: <\/strong>helps to soften and moisturize the lips, making them feel smooth and comfortable.<\/p><p><strong>Tricaprylin:<\/strong> improves the texture of the lip balm, making it easy to apply and spread evenly.<\/p><p><strong>Squalene:<\/strong> hydrates the lips and helps to maintain their moisture balance. It also has antioxidant properties that can protect the lips from environmental damage.<\/p><p><strong>Butyrospermum Parkii (Shea Butter):<\/strong> deeply moisturizes and nourishes the lips. It helps to repair dry and chapped lips, leaving them soft and supple.<\/p><p><strong>Magnifera Indica Seed Butter (Mango Seed Butter): <\/strong> softens and condition the lips. It provides a protective barrier that locks in moisture and prevents moisture loss.<\/p><p><strong>Petrolatum: <\/strong> forms a barrier on the lips that seals in moisture and protects against dryness and chapping.<\/p><p><strong>PEG-6 Caprylic\/Capric Glyceride: <\/strong>helps to blend the oil and water-based ingredients in the lip balm formula.<\/p><p><strong>Dibutyl Lauroyl Glutamide and Dibutyl Ethylhexanoyl Glutamide:<\/strong> Improves the texture and feel of the lip balm on the lips.<\/p><p><strong>Kojic Acid Dipalmitate: <\/strong>Sourced from ChinaReduces dark spots| Hyperpigmentation | Brightens Skin & Reduces Tan  <\/p><p><strong>Water: <\/strong>helps to dissolve other ingredients in the lip balm formula.<\/p><p><strong>1,2-Hexanediol:<\/strong> helps to stabilize the formula and improve its texture.<\/p><p><strong>Sodium Hyaluronate: <\/strong>helps to hydrate and plump the lips, improving their texture and appearance.<\/p>","page":""}},"collapsible_row_HyzPRH":{"type":"collapsible_row","settings":{"heading":"Sensory Profile","icon":"none","row_content":"<h3><strong>What does it smell like? <\/strong><\/h3><h4>Serum: Our serum has a gasoline-like scent, although we haven't incorporated any fragrances due to their potential to cause irritations. We prioritize effectiveness over aesthetics, ensuring that our serum surpasses other products on the market in terms of performance and results<\/h4><h4>Suncreen :It has no smell by default, though there may be a faint smell of freshness<\/h4><h3><strong>What does it feel like?<\/strong><\/h3><h4>Serum : Water<\/h4><h4>Sunscreen : Cream <\/h4>","page":""}}},"block_order":["collapsible_row_yEAbh4","collapsible_row_7WJPdn","collapsible_row_mkKR7k","collapsible_row_HyzPRH"],"custom_css":["\/* .collapsible-content {margin-top: -32px;}"," *\/.accordion {background-color: #fff; padding: 4px; border-radius: 8px; margin: 6px 0px 6px;}",".inline-richtext {color: #121239; font-size: 16.589px; font-style: normal; font-weight: 600; line-height: 130%; \/* 21.565px *\/ letter-spacing: -0.664px; padding-left: 12px;}",".icon {color: #121239;}","p,h2,h3,h4,h5 {color: #121239; text-decoration: none;}"],"settings":{"caption":"","heading":"","heading_size":"h1","heading_alignment":"center","layout":"none","color_scheme":"scheme-3","container_color_scheme":"scheme-3","open_first_collapsible_row":false,"image_ratio":"adapt","desktop_layout":"image_second","padding_top":20,"padding_bottom":32}},"1718274167fdea364d":{"type":"apps","blocks":{"judge_me_reviews_review_widget_RURF4E":{"type":"shopify:\/\/apps\/judge-me-reviews\/blocks\/review_widget\/61ccd3b1-a9f2-4160-9fe9-4fec8413e5d8","settings":{}}},"block_order":["judge_me_reviews_review_widget_RURF4E"],"disabled":true,"settings":{"include_margins":true}},"multicolumn_3Ett7N":{"type":"multicolumn","blocks":{"column_MH4HxN":{"type":"column","settings":{"image":"shopify:\/\/shop_images\/Frame_1000004631wtcan.png","title":"","text":"","link_label":"","link":""}}},"block_order":["column_MH4HxN"],"disabled":true,"settings":{"title":"","heading_size":"h1","image_width":"full","image_ratio":"adapt","columns_desktop":3,"column_alignment":"left","background_style":"none","button_label":"","button_link":"","color_scheme":"scheme-3","columns_mobile":"1","swipe_on_mobile":false,"padding_top":36,"padding_bottom":36}},"multicolumn_7khwDt":{"type":"multicolumn","blocks":{"column_PzBq9f":{"type":"column","settings":{"image":"shopify:\/\/shop_images\/Frame_1000004644-serumhow.png","title":"","text":"","link_label":"","link":""}},"column_PnDyWX":{"type":"column","settings":{"image":"shopify:\/\/shop_images\/Frame_1000004649-serumsteps_0c945e15-e408-4e7e-a167-84401e1f79d8.png","title":"","text":"","link_label":"","link":""}}},"block_order":["column_PzBq9f","column_PnDyWX"],"disabled":true,"custom_css":[".multicolumn {margin-top: px; z-index: ;}",".multicolumn-card__info {margin-top: -44px;}","h3 {text-align: center; color: #fff; font-size: 43.942px; font-style: normal; font-stretch: semi-condensed; font-weight: 700; line-height: 77%; \/* 34.605px *\/ letter-spacing: -1.798px;}","p {margin-top: 6px; color: #fff; text-align: center; font-family: \"Tiro Devanagari Hindi\"; font-size: 22.554px; font-style: normal; font-weight: 400; line-height: 77%; \/* 17.366px *\/ letter-spacing: -0.677px;}",".slider-buttons {display: none;}"],"settings":{"title":"","heading_size":"h1","image_width":"full","image_ratio":"adapt","columns_desktop":3,"column_alignment":"left","background_style":"none","button_label":"","button_link":"","color_scheme":"scheme-3","columns_mobile":"1","swipe_on_mobile":true,"padding_top":72,"padding_bottom":36}},"rich_text_LWitVR":{"type":"rich-text","blocks":{"text_wCzBFf":{"type":"text","settings":{"text":"<p>Works<\/p>"}},"heading_wrCJjm":{"type":"heading","settings":{"heading":"Better with","heading_size":"h1"}}},"block_order":["text_wCzBFf","heading_wrCJjm"],"disabled":true,"custom_css":[".rich-text__blocks {background: #121239;}",".rich-text__heading {text-align: center; color: #fff; font-size: 43.942px; font-style: normal; font-stretch: semi-condensed; font-weight: 700; line-height: 77%; \/* 34.605px *\/ letter-spacing: -1.798px;}",".rich-text__text {margin-bottom: -16px; color: #fff; text-align: center; font-family: \"Tiro Devanagari Hindi\"; font-size: 22.554px; font-style: normal; font-weight: 400; line-height: 77%; \/* 17.366px *\/ letter-spacing: -0.677px;}"],"settings":{"desktop_content_position":"center","content_alignment":"center","color_scheme":"scheme-3","full_width":true,"padding_top":72,"padding_bottom":0}},"related-products":{"type":"related-products","disabled":true,"settings":{"heading":"You may also like","heading_size":"h2","products_to_show":4,"columns_desktop":4,"color_scheme":"scheme-1","image_ratio":"square","image_shape":"default","show_secondary_image":true,"show_vendor":false,"show_rating":false,"columns_mobile":"2","padding_top":36,"padding_bottom":28}},"featured_product_La3Vhb":{"type":"featured-product","blocks":{"text_GaqFxA":{"type":"text","disabled":true,"settings":{"text":"{{ section.settings.product.vendor }}","text_style":"uppercase"}},"title_WTmKcM":{"type":"title","settings":{"heading_size":"h1"}},"price_eYRU4f":{"type":"price","settings":{}},"variant_picker_BFdBKE":{"type":"variant_picker","disabled":true,"settings":{"picker_type":"button","swatch_shape":"circle"}},"quantity_selector_EjXByq":{"type":"quantity_selector","disabled":true,"settings":{}},"buy_buttons_jEYXAE":{"type":"buy_buttons","settings":{"show_dynamic_checkout":true,"show_gift_card_recipient":true}}},"block_order":["text_GaqFxA","title_WTmKcM","price_eYRU4f","variant_picker_BFdBKE","quantity_selector_EjXByq","buy_buttons_jEYXAE"],"disabled":true,"custom_css":["div {text-align: center; justify-content: center; align-content: center;}",".shopify-payment-button__button,.product__tax,.product__view-details {display: none;}",".button {background-color: #fff; color: #121239; font-family: Hind; font-weight: 600; letter-spacing: -0.4px; height: 64px; margin-inline: auto;}","h2 {margin-top: 0px; font-family: \"Noto Sans\"; font-size: 32.79px; letter-spacing: -1.232px;}",".media-fit-contain {border-radius: 22px; transform: scale(0.9);}",".product__media {border-radius: 22px;}"],"settings":{"product":"serum","color_scheme":"scheme-3","secondary_background":false,"media_size":"medium","constrain_to_viewport":true,"media_fit":"contain","media_position":"left","image_zoom":"none","hide_variants":false,"enable_video_looping":false,"padding_top":36,"padding_bottom":92}},"custom_liquid_UygRJT":{"type":"custom-liquid","settings":{"custom_liquid":"<section id=\"shopify-section-template--16876388122804__1711451785618d8af4\" class=\"shopify-section section\"><div class=\"page-width scroll-trigger animate--slide-in\"><div id=\"shopify-block-judge_me_reviews_review_widget_hhtMie\" class=\"shopify-block shopify-app-block\"><div style=\"clear:both\"><\/div>\n<div id=\"judgeme_product_reviews\" class=\"jdgm-widget jdgm-review-widget jdgm--done-setup-widget\" data-product-title=\"Athens - De-Tan Duo\" data-id=\"7696772333748\" data-widget-name=\"review_widget\" data-impressions-tracked=\"true\" data-views-tracked=\"true\">\n  <div class=\"jdgm-rev-widg\" data-updated-at=\"2024-07-19T06:40:37Z\" data-average-rating=\"4.00\" data-number-of-reviews=\"66\" data-number-of-questions=\"0\"> <style class=\"jdgm-temp-hiding-style\">.jdgm-rev-widg{ display: none }<\/style> <div class=\"jdgm-rev-widg__header\"> <h2 class=\"jdgm-rev-widg__title\">Customer Reviews<\/h2>      <div class=\"jdgm-row-stars\"><div class=\"jdgm-rev-widg__summary\"><div class=\"jdgm-rev-widg__summary-inner\"> <div class=\"jdgm-rev-widg__summary-stars\" aria-label=\"Average rating is 4.00 stars\" role=\"img\"> <span class=\"jdgm-star jdgm--on\"><\/span><span class=\"jdgm-star jdgm--on\"><\/span><span class=\"jdgm-star jdgm--on\"><\/span><span class=\"jdgm-star jdgm--on\"><\/span><span class=\"jdgm-star jdgm--off\"><\/span> <span class=\"jdgm-rev-widg__summary-average\">4.00 out of 5<\/span><\/div> <div class=\"jdgm-rev-widg__summary-text\">Based on 66 reviews<\/div> <\/div><\/div><div class=\"jdgm-histogram jdgm-temp-hidden\">  <div class=\"jdgm-histogram__row\" data-rating=\"5\" data-frequency=\"22\" data-percentage=\"33\">  <div class=\"jdgm-histogram__star\" role=\"button\" aria-label=\"33% (22) reviews with 5 star rating\" tabindex=\"0\"><span class=\"jdgm-star jdgm--on\"><\/span><span class=\"jdgm-star jdgm--on\"><\/span><span class=\"jdgm-star jdgm--on\"><\/span><span class=\"jdgm-star jdgm--on\"><\/span><span class=\"jdgm-star jdgm--on\"><\/span><\/div> <div class=\"jdgm-histogram__bar\"> <div class=\"jdgm-histogram__bar-content\" style=\"width: 33%;\"> <\/div> <\/div>  <div class=\"jdgm-histogram__frequency\">22<\/div> <\/div>  <div class=\"jdgm-histogram__row\" data-rating=\"4\" data-frequency=\"31\" data-percentage=\"47\">  <div class=\"jdgm-histogram__star\" role=\"button\" aria-label=\"47% (31) reviews with 4 star rating\" tabindex=\"0\"><span class=\"jdgm-star jdgm--on\"><\/span><span class=\"jdgm-star jdgm--on\"><\/span><span class=\"jdgm-star jdgm--on\"><\/span><span class=\"jdgm-star jdgm--on\"><\/span><span class=\"jdgm-star jdgm--off\"><\/span><\/div> <div class=\"jdgm-histogram__bar\"> <div class=\"jdgm-histogram__bar-content\" style=\"width: 47%;\"> <\/div> <\/div>  <div class=\"jdgm-histogram__frequency\">31<\/div> <\/div>  <div class=\"jdgm-histogram__row\" data-rating=\"3\" data-frequency=\"6\" data-percentage=\"9\">  <div class=\"jdgm-histogram__star\" role=\"button\" aria-label=\"9% (6) reviews with 3 star rating\" tabindex=\"0\"><span class=\"jdgm-star jdgm--on\"><\/span><span class=\"jdgm-star jdgm--on\"><\/span><span class=\"jdgm-star jdgm--on\"><\/span><span class=\"jdgm-star jdgm--off\"><\/span><span class=\"jdgm-star jdgm--off\"><\/span><\/div> <div class=\"jdgm-histogram__bar\"> <div class=\"jdgm-histogram__bar-content\" style=\"width: 9%;\"> <\/div> <\/div>  <div class=\"jdgm-histogram__frequency\">6<\/div> <\/div>  <div class=\"jdgm-histogram__row\" data-rating=\"2\" data-frequency=\"5\" data-percentage=\"8\">  <div class=\"jdgm-histogram__star\" role=\"button\" aria-label=\"8% (5) reviews with 2 star rating\" tabindex=\"0\"><span class=\"jdgm-star jdgm--on\"><\/span><span class=\"jdgm-star jdgm--on\"><\/span><span class=\"jdgm-star jdgm--off\"><\/span><span class=\"jdgm-star jdgm--off\"><\/span><span class=\"jdgm-star jdgm--off\"><\/span><\/div> <div class=\"jdgm-histogram__bar\"> <div class=\"jdgm-histogram__bar-content\" style=\"width: 8%;\"> <\/div> <\/div>  <div class=\"jdgm-histogram__frequency\">5<\/div> <\/div>  <div class=\"jdgm-histogram__row\" data-rating=\"1\" data-frequency=\"2\" data-percentage=\"3\">  <div class=\"jdgm-histogram__star\" role=\"button\" aria-label=\"3% (2) reviews with 1 star rating\" tabindex=\"0\"><span class=\"jdgm-star jdgm--on\"><\/span><span class=\"jdgm-star jdgm--off\"><\/span><span class=\"jdgm-star jdgm--off\"><\/span><span class=\"jdgm-star jdgm--off\"><\/span><span class=\"jdgm-star jdgm--off\"><\/span><\/div> <div class=\"jdgm-histogram__bar\"> <div class=\"jdgm-histogram__bar-content\" style=\"width: 3%;\"> <\/div> <\/div>  <div class=\"jdgm-histogram__frequency\">2<\/div> <\/div>  <div class=\"jdgm-histogram__row jdgm-histogram__clear-filter\" data-rating=\"null\" tabindex=\"0\">See all reviews<\/div> <\/div><div class=\"jdgm-widget-actions-wrapper\">\n  \n<a style=\"\" href=\"#\" class=\"jdgm-write-rev-link\" role=\"button\" aria-expanded=\"false\">Write a review<\/a><\/div>\n<\/div>\n\n<div class=\"jdgm-form-wrapper\" style=\"display: none\">\n  <form class=\"jdgm-form\" novalidate=\"novalidate\">\n    <div class=\"jdgm-form__title\">Write a review<\/div>\n\n    <div class=\"jdgm-form__fieldset\" aria-label=\"Rating\">\n      <label>Rating<\/label>\n      <span class=\"jdgm-form__rating\" style=\"cursor: pointer;\"><a data-alt=\"1\" class=\"jdgm-star jdgm--off\" title=\"1 star\" role=\"button\" aria-label=\"1 star\"><\/a><a data-alt=\"2\" class=\"jdgm-star jdgm--off\" title=\"2 stars\" role=\"button\" aria-label=\"2 stars\"><\/a><a data-alt=\"3\" class=\"jdgm-star jdgm--off\" title=\"3 stars\" role=\"button\" aria-label=\"3 stars\"><\/a><a data-alt=\"4\" class=\"jdgm-star jdgm--off\" title=\"4 stars\" role=\"button\" aria-label=\"4 stars\"><\/a><a data-alt=\"5\" class=\"jdgm-star jdgm--off\" title=\"5 stars\" role=\"button\" aria-label=\"5 stars\"><\/a><input name=\"score\" type=\"hidden\"><\/span>\n    <\/div>\n\n    <div class=\"jdgm-form__fieldset\">\n      \n      <label class=\"jdgm-form__inline-label\" for=\"jdgm_review_title_akvyh9xma\">Review Title<\/label><span class=\"jdgm-countdown\"><\/span>\n      <input id=\"jdgm_review_title_akvyh9xma\" name=\"review_title\" type=\"text\" placeholder=\"Give your review a title\" aria-label=\"Review Title\">\n    <\/div>\n\n    <div class=\"jdgm-form__fieldset\">\n      \n      <label class=\"jdgm-form__inline-label\" for=\"jdgm_review_body_akvyh9xma\">Review<\/label><span class=\"jdgm-countdown\"><\/span>\n      <textarea id=\"jdgm_review_body_akvyh9xma\" rows=\"5\" name=\"review_body\" placeholder=\"Write your comments here\" aria-label=\"Review\"><\/textarea>\n    <\/div>\n\n    \n      <div class=\"jdgm-form__fieldset\">\n        <label>Picture\/Video (optional)<\/label>\n        \n\n        <div class=\"jdgm-media-fieldset__container\">\n          <div class=\"jdgm-picture-fieldset__box jdgm-picture-fieldset__box--input\">\n            <div class=\"jdgm-picture-fieldset__box-wrapper\">\n              <div class=\"jdgm-media-fieldset__icon\">\n              <\/div>\n            <\/div>\n\n            <input type=\"file\" name=\"media\" class=\"jdgm-media-fieldset__input\" multiple=\"\" accept=\"image\/gif,image\/jpeg,image\/jpg,image\/png,image\/webp\" aria-label=\"Choose a review picture\/video (optional)\">\n            <div style=\"display: none !important\" aria-label=\"Choose a review picture\/video (optional)\">Choose a review picture\/video (optional)<\/div>\n          <\/div>\n        <\/div>\n      <\/div>\n\n      \n    \n\n    <div class=\"jdgm-custom-forms\"><\/div>\n\n    <div class=\"jdgm-form__fieldset\">\n      \n      <label class=\"jdgm-form__inline-label\" for=\"jdgm_review_reviewer_name_akvyh9xma\">Name<\/label>\n      \n      <span class=\"jdgm-form__reviewer-name-format-container\">\n        (<label for=\"jdgm_review_reviewer_name_format_akvyh9xma\" class=\"jdgm-form__inline-label jdgm-always-visible\">displayed publicly like<\/label>\n        <span class=\"jdgm-sort-dropdown-wrapper\">\n          <select id=\"jdgm_review_reviewer_name_format_akvyh9xma\" name=\"reviewer_name_format\" class=\"jdgm-sort-dropdown\" aria-label=\"Name format\">\n            \n            \n              <option value=\"\" selected=\"\">John Smith<\/option>\n            \n              <option value=\"last_initial\">John S.<\/option>\n            \n              <option value=\"all_initials\">J.S.<\/option>\n            \n              <option value=\"anonymous\">Anonymous<\/option>\n            \n          <\/select>\n          <span class=\"jdgm-sort-dropdown-arrow\"><\/span>\n        <\/span>\n        )\n      <\/span>\n\n      <input id=\"jdgm_review_reviewer_name_akvyh9xma\" name=\"reviewer_name\" type=\"text\" placeholder=\"Enter your name (public)\" aria-label=\"Name\">\n    <\/div>\n\n    <div class=\"jdgm-form__fieldset jdgm-form__email-fieldset\">\n      \n      <label for=\"jdgm_review_reviewer_email_akvyh9xma\">Email<\/label>\n      <input id=\"jdgm_review_reviewer_email_akvyh9xma\" name=\"reviewer_email\" type=\"email\" required=\"\" placeholder=\"Enter your email (private)\" aria-label=\"Email\" aria-required=\"true\">\n    <\/div>\n\n    <div class=\"jdgm-form__fieldset\">\n      <p>How we use your data: We’ll only contact you about the review you left, and only if necessary. By submitting your review, you agree to Judge.me’s <a href=\"https:\/\/judge.me\/terms\" target=\"_blank\" rel=\"nofollow noopener\">terms<\/a>, <a href=\"https:\/\/judge.me\/privacy\" target=\"_blank\" rel=\"nofollow noopener\">privacy<\/a> and <a href=\"https:\/\/judge.me\/content-policy\" target=\"_blank\" rel=\"nofollow noopener\">content<\/a> policies.<\/p>\n    <\/div>\n\n    <div class=\"jdgm-form__fieldset jdgm-form__fieldset-actions\">\n      <a href=\"#judgeme_product_reviews\" role=\"button\" class=\"jdgm-btn jdgm-btn--border jdgm-cancel-rev \">Cancel review<\/a>\n      <input type=\"submit\" class=\"jdgm-btn jdgm-btn--solid jdgm-submit-rev \" value=\"Submit Review\">\n    <\/div>\n  <\/form>\n<\/div>\n<div class=\"jdgm-row-media\"><div class=\"jdgm-gallery-wrapper\"><div class=\"jdgm-gallery-title\">Customer photos &amp; videos<\/div><div class=\"jdgm-gallery\" data-url=\"reviews\/reviews_for_widget\" data-per-page=\"10\" data-loaded=\"true\" data-id=\"gallery-data-0\" data-setup-event=\"true\">  \n\n\n  \n    \n    <div class=\"jdgm-gallery__thumbnail-link\">\n      <div class=\"jdgm-gallery__thumbnail-wrapper\">\n        <img class=\"jdgm-gallery__thumbnail\" alt=\"User picture\" data-src=\"https:\/\/judgeme.imgix.net\/reginald-men\/1718692789__huge__original.png?auto=format&amp;w=160\" data-mfp-src=\"https:\/\/judgeme.imgix.net\/reginald-men\/1718692789__huge__original.png?auto=format\" data-review-id=\"8ee21a00-b96b-4ad4-8ea3-657593b89ed5\" src=\"https:\/\/judgeme.imgix.net\/reginald-men\/1718692789__huge__original.png?auto=format&amp;w=160\">\n      <\/div>\n    <\/div>\n  \n    \n    <div class=\"jdgm-gallery__thumbnail-link\">\n      <div class=\"jdgm-gallery__thumbnail-wrapper\">\n        <img class=\"jdgm-gallery__thumbnail\" alt=\"User picture\" data-src=\"https:\/\/judgeme.imgix.net\/reginald-men\/1718692791__huge__original.png?auto=format&amp;w=160\" data-mfp-src=\"https:\/\/judgeme.imgix.net\/reginald-men\/1718692791__huge__original.png?auto=format\" data-review-id=\"8ee21a00-b96b-4ad4-8ea3-657593b89ed5\" src=\"https:\/\/judgeme.imgix.net\/reginald-men\/1718692791__huge__original.png?auto=format&amp;w=160\">\n      <\/div>\n    <\/div>\n  \n\n\n\n  \n\n\n\n  \n\n\n\n\n  \n    \n    <div class=\"jdgm-gallery__thumbnail-link\">\n      <div class=\"jdgm-gallery__thumbnail-wrapper\">\n        <img class=\"jdgm-gallery__thumbnail\" alt=\"User picture\" data-src=\"https:\/\/judgeme.imgix.net\/reginald-men\/1721143585__screenshot2024-07-16205315__original.png?auto=format&amp;w=160\" data-mfp-src=\"https:\/\/judgeme.imgix.net\/reginald-men\/1721143585__screenshot2024-07-16205315__original.png?auto=format\" data-review-id=\"4414b237-435e-4a36-98af-37685ba4242c\" src=\"https:\/\/judgeme.imgix.net\/reginald-men\/1721143585__screenshot2024-07-16205315__original.png?auto=format&amp;w=160\">\n      <\/div>\n    <\/div>\n  \n    \n    <div class=\"jdgm-gallery__thumbnail-link\">\n      <div class=\"jdgm-gallery__thumbnail-wrapper\">\n        <img class=\"jdgm-gallery__thumbnail\" alt=\"User picture\" data-src=\"https:\/\/judgeme.imgix.net\/reginald-men\/1721143586__screenshot2024-07-16205308__original.png?auto=format&amp;w=160\" data-mfp-src=\"https:\/\/judgeme.imgix.net\/reginald-men\/1721143586__screenshot2024-07-16205308__original.png?auto=format\" data-review-id=\"4414b237-435e-4a36-98af-37685ba4242c\" src=\"https:\/\/judgeme.imgix.net\/reginald-men\/1721143586__screenshot2024-07-16205308__original.png?auto=format&amp;w=160\">\n      <\/div>\n    <\/div>\n  \n\n\n\n  \n\n\n\n  \n\n\n\n\n  \n    \n    <div class=\"jdgm-gallery__thumbnail-link\">\n      <div class=\"jdgm-gallery__thumbnail-wrapper\">\n        <img class=\"jdgm-gallery__thumbnail\" alt=\"User picture\" data-src=\"https:\/\/judgeme.imgix.net\/reginald-men\/1721140958__whatsappimage2024-07-12at161114_08f483a2__original.jpg?auto=format&amp;w=160\" data-mfp-src=\"https:\/\/judgeme.imgix.net\/reginald-men\/1721140958__whatsappimage2024-07-12at161114_08f483a2__original.jpg?auto=format\" data-review-id=\"36c3db1e-37a6-456a-be9e-3634b009ecef\" src=\"https:\/\/judgeme.imgix.net\/reginald-men\/1721140958__whatsappimage2024-07-12at161114_08f483a2__original.jpg?auto=format&amp;w=160\">\n      <\/div>\n    <\/div>\n  \n\n\n\n  \n\n\n\n  \n\n\n\n\n  \n    \n    <div class=\"jdgm-gallery__thumbnail-link\">\n      <div class=\"jdgm-gallery__thumbnail-wrapper\">\n        <img class=\"jdgm-gallery__thumbnail\" alt=\"User picture\" data-src=\"https:\/\/judgeme.imgix.net\/reginald-men\/1718269387__whatsappimage2024-06-08at112033_565330d5__original.jpg?auto=format&amp;w=160\" data-mfp-src=\"https:\/\/judgeme.imgix.net\/reginald-men\/1718269387__whatsappimage2024-06-08at112033_565330d5__original.jpg?auto=format\" data-review-id=\"8d700228-2878-4a07-b3f9-8fcfbcb5a00d\" src=\"https:\/\/judgeme.imgix.net\/reginald-men\/1718269387__whatsappimage2024-06-08at112033_565330d5__original.jpg?auto=format&amp;w=160\">\n      <\/div>\n    <\/div>\n  \n\n\n\n  \n\n\n\n  \n\n\n\n\n  \n    \n    <div class=\"jdgm-gallery__thumbnail-link\">\n      <div class=\"jdgm-gallery__thumbnail-wrapper\">\n        <img class=\"jdgm-gallery__thumbnail\" alt=\"User picture\" data-src=\"https:\/\/judgeme.imgix.net\/reginald-men\/1718267229__whatsappimage2024-06-12at164546_0f5813f2__original.jpg?auto=format&amp;w=160\" data-mfp-src=\"https:\/\/judgeme.imgix.net\/reginald-men\/1718267229__whatsappimage2024-06-12at164546_0f5813f2__original.jpg?auto=format\" data-review-id=\"0075a151-3e00-441e-b27b-e9008713f61c\" src=\"https:\/\/judgeme.imgix.net\/reginald-men\/1718267229__whatsappimage2024-06-12at164546_0f5813f2__original.jpg?auto=format&amp;w=160\">\n      <\/div>\n    <\/div>\n  \n    \n    <div class=\"jdgm-gallery__thumbnail-link\">\n      <div class=\"jdgm-gallery__thumbnail-wrapper\">\n        <img class=\"jdgm-gallery__thumbnail\" alt=\"User picture\" data-src=\"https:\/\/judgeme.imgix.net\/reginald-men\/1718267231__whatsappimage2024-06-12at163627_9ffefc2b__original.jpg?auto=format&amp;w=160\" data-mfp-src=\"https:\/\/judgeme.imgix.net\/reginald-men\/1718267231__whatsappimage2024-06-12at163627_9ffefc2b__original.jpg?auto=format\" data-review-id=\"0075a151-3e00-441e-b27b-e9008713f61c\" src=\"https:\/\/judgeme.imgix.net\/reginald-men\/1718267231__whatsappimage2024-06-12at163627_9ffefc2b__original.jpg?auto=format&amp;w=160\">\n      <\/div>\n    <\/div>\n  \n\n\n\n  \n\n\n\n  \n\n<\/div><\/div><\/div>        <div class=\"jdgm-form-dynamic-wrapper\" style=\"display: none\">\n  <form class=\"jdgm-form jdgm-form-dynamic\" novalidate=\"novalidate\">\n\n    <div class=\"jdgm-form-dynamic__close jdgm-close-ico\"><\/div>\n\n    <div class=\"jdgm-form-dynamic__row jdgm-form-dynamic__picture-upload-field\" data-pos=\"0\">\n      <div class=\"jdgm-form-dynamic__row-inner\">\n        <div class=\"jdgm-form__title\">Picture\/Video (optional)<\/div>\n        \n\n        <div class=\"jdgm-form__fieldset\">\n          <div class=\"jdgm-media-fieldset__container\">\n            <div class=\"jdgm-picture-fieldset__box jdgm-picture-fieldset__box--input\">\n              <div class=\"jdgm-picture-fieldset__box-wrapper\">\n                <div class=\"jdgm-media-fieldset__icon\">\n                <\/div>\n              <\/div>\n\n              <input type=\"file\" name=\"media\" class=\"jdgm-media-fieldset__input\" multiple=\"\" accept=\"image\/gif,image\/jpeg,image\/jpg,image\/png,image\/webp\" aria-label=\"Choose a review picture\/video (optional)\">\n              <div style=\"display: none !important\" aria-label=\"Choose a review picture\/video (optional)\">Choose a review picture\/video (optional)<\/div>\n            <\/div>\n          <\/div>\n        <\/div>\n\n        \n      <\/div>\n    <div class=\"jdgm-form-dynamic__buttons-row\"><div class=\"jdgm-btn jdgm-btn--border jdgm-form-dynamic__back btn btn_c button\" tabindex=\"0\" role=\"button\">Back<\/div><div class=\"jdgm-btn jdgm-btn--solid jdgm-form-dynamic__next btn btn_c button\" tabindex=\"0\" role=\"button\">Next<\/div><\/div><\/div>\n\n    <div class=\"jdgm-form-dynamic__row\" data-pos=\"1\">\n      <div class=\"jdgm-form-dynamic__row-inner\">\n        <div class=\"jdgm-form__title\">Rating<\/div>\n        <span class=\"jdgm-form-dynamic__rating\" style=\"cursor: pointer;\"><a data-alt=\"1\" class=\"jdgm-star jdgm--off\" title=\"1 star\"><\/a><a data-alt=\"2\" class=\"jdgm-star jdgm--off\" title=\"2 stars\"><\/a><a data-alt=\"3\" class=\"jdgm-star jdgm--off\" title=\"3 stars\"><\/a><a data-alt=\"4\" class=\"jdgm-star jdgm--off\" title=\"4 stars\"><\/a><a data-alt=\"5\" class=\"jdgm-star jdgm--off\" title=\"5 stars\"><\/a><input name=\"score\" type=\"hidden\"><\/span>\n      <\/div>\n    <div class=\"jdgm-form-dynamic__buttons-row\"><div class=\"jdgm-btn jdgm-btn--border jdgm-form-dynamic__back btn btn_c button\" tabindex=\"0\" role=\"button\">Back<\/div><div class=\"jdgm-btn jdgm-btn--solid jdgm-form-dynamic__next btn btn_c button\" tabindex=\"0\" role=\"button\">Next<\/div><\/div><\/div>\n\n    <div class=\"jdgm-form-dynamic__row\" data-pos=\"2\">\n      <div class=\"jdgm-form-dynamic__row-inner\">\n        <div class=\"jdgm-form__fieldset\">\n          <label for=\"jdgm_reviewer_name\">Name<\/label>\n          <input id=\"jdgm_reviewer_name\" name=\"reviewer_name\" type=\"text\" placeholder=\"Enter your name (public)\">\n        <\/div>\n\n        <div class=\"jdgm-form__fieldset jdgm-form-dynamic__email-fieldset\">\n          <label for=\"jdgm_reviewer_email\">Email<\/label>\n          <input id=\"jdgm_reviewer_email\" name=\"reviewer_email\" type=\"email\" placeholder=\"Enter your email (private)\">\n        <\/div>\n      <\/div>\n    <div class=\"jdgm-form-dynamic__buttons-row\"><div class=\"jdgm-btn jdgm-btn--border jdgm-form-dynamic__back btn btn_c button\" tabindex=\"0\" role=\"button\">Back<\/div><div class=\"jdgm-btn jdgm-btn--solid jdgm-form-dynamic__next btn btn_c button\" tabindex=\"0\" role=\"button\">Next<\/div><\/div><\/div>\n\n    <div class=\"jdgm-form-dynamic__row jdgm-form-dynamic__submit-slide\" data-pos=\"3\">\n      <div class=\"jdgm-form-dynamic__row-inner\">\n        <div class=\"jdgm-form__fieldset\">\n          <label class=\"jdgm-form__inline-label\" for=\"jdgm_review_title\">Review Title<\/label><span class=\"jdgm-countdown\"><\/span>\n          <input id=\"jdgm_review_title\" name=\"review_title\" type=\"text\" placeholder=\"Give your review a title\">\n        <\/div>\n\n        <div class=\"jdgm-form__fieldset\">\n          <label class=\"jdgm-form__inline-label\" for=\"jdgm_review_body\">Review<\/label><span class=\"jdgm-countdown\"><\/span>\n          <textarea id=\"jdgm_review_body\" rows=\"5\" name=\"review_body\" placeholder=\"Write your comments here\"><\/textarea>\n        <\/div>\n      <\/div>\n    <div class=\"jdgm-form-dynamic__buttons-row\"><div class=\"jdgm-btn jdgm-btn--border jdgm-form-dynamic__back btn btn_c button\" tabindex=\"0\" role=\"button\">Back<\/div><div class=\"jdgm-btn jdgm-btn--solid jdgm-form-dynamic__next btn btn_c button\" tabindex=\"0\" role=\"button\">Next<\/div><\/div><\/div>\n\n    <div class=\"jdgm-custom-forms jdgm-custom-forms-dynamic\"><\/div>\n\n    <input type=\"submit\" class=\"jdgm-btn jdgm-btn--solid jdgm-form-dynamic__submit-rev \" value=\"Submit Review\">\n  <\/form>\n<\/div>\n<\/div> <div class=\"jdgm-rev-widg__actions\"><div class=\"jdgm-row-actions\"><div class=\"jdgm-rev-widg__sort-wrapper\"><div class=\"jdgm-sort-dropdown-wrapper\">\n  <select class=\"jdgm-sort-dropdown\" aria-label=\"Sort dropdown\">\n    <option value=\"most-recent\">Most Recent<\/option>\n    <option value=\"highest-rating\">Highest Rating<\/option>\n    <option value=\"lowest-rating\">Lowest Rating<\/option>\n    <option value=\"with-pictures\">Only Pictures<\/option>\n    <option value=\"pictures-first\">Pictures First<\/option>\n    <option value=\"videos-first\">Videos First<\/option>\n    <option value=\"most-helpful\">Most Helpful<\/option>\n  <\/select><span class=\"jdgm-sort-dropdown-arrow\"><\/span>\n<\/div>\n<\/div><\/div><\/div><div class=\"jdgm-rev-widg__body\"> <div class=\"jdgm-rev-widg__reviews\" style=\"position: relative; height: 1051.54px;\"><div class=\"jdgm-rev jdgm-divider-top jdgm--done-setup jdgm--leex-done-setup\" data-verified-buyer=\"false\" data-review-id=\"8ee21a00-b96b-4ad4-8ea3-657593b89ed5\" data-product-title=\"Athens - De-Tan Duo\" data-product-url=\"\/products\/de-tan-duo\" data-thumb-up-count=\"0\" data-thumb-down-count=\"0\" style=\"position: absolute; left: 0px; top: 0px;\"> <div class=\"jdgm-rev__header\"><div class=\"jdgm-row-product\"><\/div><div class=\"jdgm-row-rating\"><span class=\"jdgm-rev__rating\" data-score=\"4\" tabindex=\"0\" aria-label=\"4 star review\" role=\"img\"> <span class=\"jdgm-star jdgm--on\"><\/span><span class=\"jdgm-star jdgm--on\"><\/span><span class=\"jdgm-star jdgm--on\"><\/span><span class=\"jdgm-star jdgm--on\"><\/span><span class=\"jdgm-star jdgm--off\"><\/span> <\/span><span class=\"jdgm-rev__timestamp\" data-content=\"2024-06-18 06:39:49 UTC\">4 weeks ago<\/span><\/div><div class=\"jdgm-row-profile\"><span class=\"jdgm-rev__pinned\"><\/span><div class=\"jdgm-rev__icon\"><\/div><span class=\"jdgm-rev__author-wrapper\"> <span class=\"jdgm-rev__author\">ARJUN SABBANI<\/span>   <\/span><\/div><div class=\"jdgm-row-extra\"><span class=\"jdgm-rev__location\">  <\/span><\/div>         <div class=\"jdgm-rev__br\"><\/div>   <\/div><div class=\"jdgm-rev__pics\">  <a class=\"jdgm-rev__pic-link\" target=\"_blank\" rel=\"nofollow\" href=\"https:\/\/judgeme.imgix.net\/reginald-men\/1718692789__huge__original.png?auto=format\" data-mfp-src=\"https:\/\/judgeme.imgix.net\/reginald-men\/1718692789__huge__original.png?auto=format&amp;w=1024\" aria-label=\"Link to user picture 1\"> <img class=\"jdgm-rev__pic-img\" alt=\"User picture\" data-src=\"https:\/\/judgeme.imgix.net\/reginald-men\/1718692789__huge__original.png?auto=format&amp;w=160&amp;dpr=1.125&amp;w=330\" src=\"https:\/\/judgeme.imgix.net\/reginald-men\/1718692789__huge__original.png?auto=format&amp;w=160&amp;dpr=1.125&amp;w=330\"> <\/a>  <a class=\"jdgm-rev__pic-link\" target=\"_blank\" rel=\"nofollow\" href=\"https:\/\/judgeme.imgix.net\/reginald-men\/1718692791__huge__original.png?auto=format\" data-mfp-src=\"https:\/\/judgeme.imgix.net\/reginald-men\/1718692791__huge__original.png?auto=format&amp;w=1024\" aria-label=\"Link to user picture 2\"> <img class=\"jdgm-rev__pic-img\" alt=\"User picture\" data-src=\"https:\/\/judgeme.imgix.net\/reginald-men\/1718692791__huge__original.png?auto=format&amp;w=160\" src=\"https:\/\/judgeme.imgix.net\/reginald-men\/1718692791__huge__original.png?auto=format&amp;w=160\"> <\/a>  <\/div> <div class=\"jdgm-rev__content\">  <b class=\"jdgm-rev__title\">Just Go Tryyyy<\/b> <div class=\"jdgm-rev__body\"><p>i was actually doubtful using this duo, but given more than expected results, had alot of tan, i used it consistently for 3 weeks i guess, it started giving me results frm week 1 onlyy,, gave smooth skin, highly recommended<\/p><\/div><div class=\"jdgm-rev__custom-form\">  <\/div>   <\/div> <div class=\"jdgm-rev__actions\"> <div class=\"jdgm-rev__social\"><\/div> <div class=\"jdgm-rev__votes\"><\/div> <\/div>  <\/div><div class=\"jdgm-rev jdgm-divider-top jdgm--done-setup jdgm--leex-done-setup\" data-verified-buyer=\"false\" data-review-id=\"3c677e3f-0128-488f-baf0-3a1159f80110\" data-product-title=\"Athens - De-Tan Duo\" data-product-url=\"\/products\/de-tan-duo\" data-thumb-up-count=\"0\" data-thumb-down-count=\"0\" style=\"position: absolute; left: 204px; top: 0px;\"> <div class=\"jdgm-rev__header\"><div class=\"jdgm-row-product\"><\/div><div class=\"jdgm-row-rating\"><span class=\"jdgm-rev__rating\" data-score=\"4\" tabindex=\"0\" aria-label=\"4 star review\" role=\"img\"> <span class=\"jdgm-star jdgm--on\"><\/span><span class=\"jdgm-star jdgm--on\"><\/span><span class=\"jdgm-star jdgm--on\"><\/span><span class=\"jdgm-star jdgm--on\"><\/span><span class=\"jdgm-star jdgm--off\"><\/span> <\/span><span class=\"jdgm-rev__timestamp\" data-content=\"2024-06-17 15:50:31 UTC\">1 month ago<\/span><\/div><div class=\"jdgm-row-profile\"><span class=\"jdgm-rev__pinned\"><\/span><div class=\"jdgm-rev__icon\"><\/div><span class=\"jdgm-rev__author-wrapper\"> <span class=\"jdgm-rev__author\">Harish Reddy<\/span>   <\/span><\/div><div class=\"jdgm-row-extra\"><span class=\"jdgm-rev__location\">  <\/span><\/div>         <div class=\"jdgm-rev__br\"><\/div>   <\/div> <div class=\"jdgm-rev__content\">  <b class=\"jdgm-rev__title\">WORTH THE MONEY 👍🏻<\/b> <div class=\"jdgm-rev__body\"><p>Best brand I have tried in India , the sunscreen gives glow within 4 to 5 days ,  giving a 4 star because packaging needs improvement , the label is wrinkled and comes off , still happy because the product inside is very good and felt like its worth the money.<\/p><\/div><div class=\"jdgm-rev__custom-form\">  <\/div>   <\/div> <div class=\"jdgm-rev__actions\"> <div class=\"jdgm-rev__social\"><\/div> <div class=\"jdgm-rev__votes\"><\/div> <\/div> <div class=\"jdgm-rev__reply\">  <div class=\"jdgm-rev__replier-wrapper\">&gt;&gt; <b class=\"jdgm-rev__replier\"><\/b> replied:<\/div> <div class=\"jdgm-rev__reply-content\"><p>Thank you so much for your feedback <\/p>\n\n<p>We understand and are sorry that there is a problem with the tubes , as a passionate team we wanted to focus on spending most of our funds on research and quality of products inside the bottle intially , then on things like packaging and marketing , we are working on these things slowly, rest assured you know how good  the quality of product inside the tube is , in comparision to the market standards, your support means a lot to us!<\/p><\/div>  <\/div> <\/div><div class=\"jdgm-rev jdgm-divider-top jdgm--done-setup jdgm--leex-done-setup\" data-verified-buyer=\"false\" data-review-id=\"5ef26ed8-c238-4eff-893d-9a34102d5628\" data-product-title=\"Athens - De-Tan Duo\" data-product-url=\"\/products\/de-tan-duo\" data-thumb-up-count=\"0\" data-thumb-down-count=\"0\" style=\"position: absolute; left: 0px; top: 309px;\"> <div class=\"jdgm-rev__header\"><div class=\"jdgm-row-product\"><\/div><div class=\"jdgm-row-rating\"><span class=\"jdgm-rev__rating\" data-score=\"4\" tabindex=\"0\" aria-label=\"4 star review\" role=\"img\"> <span class=\"jdgm-star jdgm--on\"><\/span><span class=\"jdgm-star jdgm--on\"><\/span><span class=\"jdgm-star jdgm--on\"><\/span><span class=\"jdgm-star jdgm--on\"><\/span><span class=\"jdgm-star jdgm--off\"><\/span> <\/span><span class=\"jdgm-rev__timestamp\" data-content=\"2024-07-16 15:42:22 UTC\">3 days ago<\/span><\/div><div class=\"jdgm-row-profile\"><div class=\"jdgm-rev__icon\"><\/div><span class=\"jdgm-rev__author-wrapper\"> <span class=\"jdgm-rev__author\">Nachiket Sinha<\/span>   <\/span><\/div><div class=\"jdgm-row-extra\"><span class=\"jdgm-rev__location\">  <\/span><\/div>         <div class=\"jdgm-rev__br\"><\/div>   <\/div> <div class=\"jdgm-rev__content\">  <b class=\"jdgm-rev__title\">used this combo<\/b> <div class=\"jdgm-rev__body\"><p>I've used this combo - the de-tan duo product a lot of times and whenever i use it amazes me!!! Wow nice!<\/p><\/div><div class=\"jdgm-rev__custom-form\">  <\/div>   <\/div> <div class=\"jdgm-rev__actions\"> <div class=\"jdgm-rev__social\"><\/div> <div class=\"jdgm-rev__votes\"><\/div> <\/div>  <\/div><div class=\"jdgm-rev jdgm-divider-top jdgm--done-setup jdgm--leex-done-setup\" data-verified-buyer=\"false\" data-review-id=\"198f9504-88e3-437a-afbe-f5273fb96372\" data-product-title=\"Athens - De-Tan Duo\" data-product-url=\"\/products\/de-tan-duo\" data-thumb-up-count=\"0\" data-thumb-down-count=\"0\" style=\"position: absolute; left: 0px; top: 474px;\"> <div class=\"jdgm-rev__header\"><div class=\"jdgm-row-product\"><\/div><div class=\"jdgm-row-rating\"><span class=\"jdgm-rev__rating\" data-score=\"5\" tabindex=\"0\" aria-label=\"5 star review\" role=\"img\"> <span class=\"jdgm-star jdgm--on\"><\/span><span class=\"jdgm-star jdgm--on\"><\/span><span class=\"jdgm-star jdgm--on\"><\/span><span class=\"jdgm-star jdgm--on\"><\/span><span class=\"jdgm-star jdgm--on\"><\/span> <\/span><span class=\"jdgm-rev__timestamp\" data-content=\"2024-07-16 15:40:34 UTC\">3 days ago<\/span><\/div><div class=\"jdgm-row-profile\"><div class=\"jdgm-rev__icon\"><\/div><span class=\"jdgm-rev__author-wrapper\"> <span class=\"jdgm-rev__author\">Anirudh Ranware<\/span>   <\/span><\/div><div class=\"jdgm-row-extra\"><span class=\"jdgm-rev__location\">  <\/span><\/div>         <div class=\"jdgm-rev__br\"><\/div>   <\/div> <div class=\"jdgm-rev__content\">  <b class=\"jdgm-rev__title\">Amazing<\/b> <div class=\"jdgm-rev__body\"><p>Both are actually amazing, it helps refresh me a lot and work the best<\/p><\/div><div class=\"jdgm-rev__custom-form\">  <\/div>   <\/div> <div class=\"jdgm-rev__actions\"> <div class=\"jdgm-rev__social\"><\/div> <div class=\"jdgm-rev__votes\"><\/div> <\/div>  <\/div><div class=\"jdgm-rev jdgm-divider-top jdgm--done-setup jdgm--leex-done-setup\" data-verified-buyer=\"false\" data-review-id=\"ca08e011-141f-487b-ab9b-26c99099a9e8\" data-product-title=\"Athens - De-Tan Duo\" data-product-url=\"\/products\/de-tan-duo\" data-thumb-up-count=\"0\" data-thumb-down-count=\"0\" style=\"position: absolute; left: 0px; top: 623px;\"> <div class=\"jdgm-rev__header\"><div class=\"jdgm-row-product\"><\/div><div class=\"jdgm-row-rating\"><span class=\"jdgm-rev__rating\" data-score=\"4\" tabindex=\"0\" aria-label=\"4 star review\" role=\"img\"> <span class=\"jdgm-star jdgm--on\"><\/span><span class=\"jdgm-star jdgm--on\"><\/span><span class=\"jdgm-star jdgm--on\"><\/span><span class=\"jdgm-star jdgm--on\"><\/span><span class=\"jdgm-star jdgm--off\"><\/span> <\/span><span class=\"jdgm-rev__timestamp\" data-content=\"2024-07-16 15:39:17 UTC\">3 days ago<\/span><\/div><div class=\"jdgm-row-profile\"><div class=\"jdgm-rev__icon\"><\/div><span class=\"jdgm-rev__author-wrapper\"> <span class=\"jdgm-rev__author\">Manoj Patil<\/span>   <\/span><\/div><div class=\"jdgm-row-extra\"><span class=\"jdgm-rev__location\">  <\/span><\/div>         <div class=\"jdgm-rev__br\"><\/div>   <\/div> <div class=\"jdgm-rev__content\">  <b class=\"jdgm-rev__title\">Sachi sahi hai<\/b> <div class=\"jdgm-rev__body\"><p>Sacchi Sahi hai!! Laga nahi tha meko that it'll be so good!! bohot sahi haii ye nicest  yar<\/p><\/div><div class=\"jdgm-rev__custom-form\">  <\/div>   <\/div> <div class=\"jdgm-rev__actions\"> <div class=\"jdgm-rev__social\"><\/div> <div class=\"jdgm-rev__votes\"><\/div> <\/div>  <\/div><div class=\"jdgm-rev jdgm-divider-top jdgm--done-setup jdgm--leex-done-setup\" data-verified-buyer=\"false\" data-review-id=\"4c440da0-cbdc-40ac-9ba9-618a1750b998\" data-product-title=\"Athens - De-Tan Duo\" data-product-url=\"\/products\/de-tan-duo\" data-thumb-up-count=\"0\" data-thumb-down-count=\"0\" style=\"position: absolute; left: 204px; top: 725px;\"> <div class=\"jdgm-rev__header\"><div class=\"jdgm-row-product\"><\/div><div class=\"jdgm-row-rating\"><span class=\"jdgm-rev__rating\" data-score=\"2\" tabindex=\"0\" aria-label=\"2 star review\" role=\"img\"> <span class=\"jdgm-star jdgm--on\"><\/span><span class=\"jdgm-star jdgm--on\"><\/span><span class=\"jdgm-star jdgm--off\"><\/span><span class=\"jdgm-star jdgm--off\"><\/span><span class=\"jdgm-star jdgm--off\"><\/span> <\/span><span class=\"jdgm-rev__timestamp\" data-content=\"2024-07-16 15:37:58 UTC\">3 days ago<\/span><\/div><div class=\"jdgm-row-profile\"><div class=\"jdgm-rev__icon\"><\/div><span class=\"jdgm-rev__author-wrapper\"> <span class=\"jdgm-rev__author\">Anshit Rawool<\/span>   <\/span><\/div><div class=\"jdgm-row-extra\"><span class=\"jdgm-rev__location\">  <\/span><\/div>         <div class=\"jdgm-rev__br\"><\/div>   <\/div> <div class=\"jdgm-rev__content\">  <b class=\"jdgm-rev__title\">slow results<\/b> <div class=\"jdgm-rev__body\"><p>results are very very slow..its been 2 months &amp; i'm still waiting for results<\/p><\/div><div class=\"jdgm-rev__custom-form\">  <\/div>   <\/div> <div class=\"jdgm-rev__actions\"> <div class=\"jdgm-rev__social\"><\/div> <div class=\"jdgm-rev__votes\"><\/div> <\/div>  <\/div><div class=\"jdgm-rev jdgm-divider-top jdgm--done-setup jdgm--leex-done-setup\" data-verified-buyer=\"false\" data-review-id=\"349ea8ed-c4f0-4137-a85e-be28ab8c45d5\" data-product-title=\"Athens - De-Tan Duo\" data-product-url=\"\/products\/de-tan-duo\" data-thumb-up-count=\"0\" data-thumb-down-count=\"0\" style=\"position: absolute; left: 0px; top: 788px;\"> <div class=\"jdgm-rev__header\"><div class=\"jdgm-row-product\"><\/div><div class=\"jdgm-row-rating\"><span class=\"jdgm-rev__rating\" data-score=\"4\" tabindex=\"0\" aria-label=\"4 star review\" role=\"img\"> <span class=\"jdgm-star jdgm--on\"><\/span><span class=\"jdgm-star jdgm--on\"><\/span><span class=\"jdgm-star jdgm--on\"><\/span><span class=\"jdgm-star jdgm--on\"><\/span><span class=\"jdgm-star jdgm--off\"><\/span> <\/span><span class=\"jdgm-rev__timestamp\" data-content=\"2024-07-16 15:32:36 UTC\">3 days ago<\/span><\/div><div class=\"jdgm-row-profile\"><div class=\"jdgm-rev__icon\"><\/div><span class=\"jdgm-rev__author-wrapper\"> <span class=\"jdgm-rev__author\">Smith Rajhauns<\/span>   <\/span><\/div><div class=\"jdgm-row-extra\"><span class=\"jdgm-rev__location\">  <\/span><\/div>         <div class=\"jdgm-rev__br\"><\/div>   <\/div> <div class=\"jdgm-rev__content\">  <b class=\"jdgm-rev__title\">gooodd<\/b> <div class=\"jdgm-rev__body\"><p>Liked it. Good quality<\/p><\/div><div class=\"jdgm-rev__custom-form\">  <\/div>   <\/div> <div class=\"jdgm-rev__actions\"> <div class=\"jdgm-rev__social\"><\/div> <div class=\"jdgm-rev__votes\"><\/div> <\/div>  <\/div><div class=\"jdgm-rev jdgm-divider-top jdgm--done-setup jdgm--leex-done-setup\" data-verified-buyer=\"false\" data-review-id=\"f0a2fa9d-01b2-4cb0-9f11-9d1a3ef32752\" data-product-title=\"Athens - De-Tan Duo\" data-product-url=\"\/products\/de-tan-duo\" data-thumb-up-count=\"0\" data-thumb-down-count=\"0\" style=\"position: absolute; left: 204px; top: 873px;\"> <div class=\"jdgm-rev__header\"><div class=\"jdgm-row-product\"><\/div><div class=\"jdgm-row-rating\"><span class=\"jdgm-rev__rating\" data-score=\"5\" tabindex=\"0\" aria-label=\"5 star review\" role=\"img\"> <span class=\"jdgm-star jdgm--on\"><\/span><span class=\"jdgm-star jdgm--on\"><\/span><span class=\"jdgm-star jdgm--on\"><\/span><span class=\"jdgm-star jdgm--on\"><\/span><span class=\"jdgm-star jdgm--on\"><\/span> <\/span><span class=\"jdgm-rev__timestamp\" data-content=\"2024-07-16 15:31:06 UTC\">3 days ago<\/span><\/div><div class=\"jdgm-row-profile\"><div class=\"jdgm-rev__icon\"><\/div><span class=\"jdgm-rev__author-wrapper\"> <span class=\"jdgm-rev__author\">Samyak Joshi<\/span>   <\/span><\/div><div class=\"jdgm-row-extra\"><span class=\"jdgm-rev__location\">  <\/span><\/div>         <div class=\"jdgm-rev__br\"><\/div>   <\/div> <div class=\"jdgm-rev__content\">  <b class=\"jdgm-rev__title\">absolute love<\/b> <div class=\"jdgm-rev__body\"><p>This combo is absolute love! Not denying it actually protects my skin from Sun damage<\/p><\/div><div class=\"jdgm-rev__custom-form\">  <\/div>   <\/div> <div class=\"jdgm-rev__actions\"> <div class=\"jdgm-rev__social\"><\/div> <div class=\"jdgm-rev__votes\"><\/div> <\/div>  <\/div><div class=\"jdgm-rev jdgm-divider-top jdgm--done-setup jdgm--leex-done-setup\" data-verified-buyer=\"false\" data-review-id=\"57dd3fec-c8b6-473f-90fe-707e8b3f1bb1\" data-product-title=\"Athens - De-Tan Duo\" data-product-url=\"\/products\/de-tan-duo\" data-thumb-up-count=\"0\" data-thumb-down-count=\"0\" style=\"position: absolute; left: 0px; top: 903px;\"> <div class=\"jdgm-rev__header\"><div class=\"jdgm-row-product\"><\/div><div class=\"jdgm-row-rating\"><span class=\"jdgm-rev__rating\" data-score=\"4\" tabindex=\"0\" aria-label=\"4 star review\" role=\"img\"> <span class=\"jdgm-star jdgm--on\"><\/span><span class=\"jdgm-star jdgm--on\"><\/span><span class=\"jdgm-star jdgm--on\"><\/span><span class=\"jdgm-star jdgm--on\"><\/span><span class=\"jdgm-star jdgm--off\"><\/span> <\/span><span class=\"jdgm-rev__timestamp\" data-content=\"2024-07-16 15:29:23 UTC\">3 days ago<\/span><\/div><div class=\"jdgm-row-profile\"><div class=\"jdgm-rev__icon\"><\/div><span class=\"jdgm-rev__author-wrapper\"> <span class=\"jdgm-rev__author\">Arjun Nawar<\/span>   <\/span><\/div><div class=\"jdgm-row-extra\"><span class=\"jdgm-rev__location\">  <\/span><\/div>         <div class=\"jdgm-rev__br\"><\/div>   <\/div> <div class=\"jdgm-rev__content\">  <b class=\"jdgm-rev__title\">duo pack<\/b> <div class=\"jdgm-rev__body\"><p>I'm using this duo pack combo pack for a while now and m just liking it<\/p><\/div><div class=\"jdgm-rev__custom-form\">  <\/div>   <\/div> <div class=\"jdgm-rev__actions\"> <div class=\"jdgm-rev__social\"><\/div> <div class=\"jdgm-rev__votes\"><\/div> <\/div>  <\/div><\/div> <div class=\"jdgm-paginate\" data-per-page=\"9\" data-url=\"https:\/\/judge.me\/reviews\/reviews_for_widget\"><a class=\"jdgm-paginate__page jdgm-curt\" data-page=\"1\" aria-label=\"Page 1\" tabindex=\"0\" role=\"button\">1<\/a><a class=\"jdgm-paginate__page \" data-page=\"2\" aria-label=\"Page 2\" tabindex=\"0\" role=\"button\">2<\/a><a class=\"jdgm-paginate__page \" data-page=\"3\" aria-label=\"Page 3\" tabindex=\"0\" role=\"button\">3<\/a><a class=\"jdgm-paginate__page jdgm-paginate__next-page\" data-page=\"2\" aria-label=\"Page 2\" tabindex=\"0\" rel=\"next\" role=\"button\"><\/a><a class=\"jdgm-paginate__page jdgm-paginate__last-page\" data-page=\"8\" aria-label=\"Page 8\" tabindex=\"0\" role=\"button\"><\/a><\/div> <\/div> <div class=\"jdgm-rev-widg__paginate-spinner-wrapper\"> <div class=\"jdgm-spinner\"><\/div> <\/div> <\/div>\n<\/div>\n\n\n\n\n<\/div>\n<div style=\"clear:both\"><\/div><\/div>\n\n\n<\/section>","color_scheme":"","padding_top":40,"padding_bottom":52}},"1718282138f43abd69":{"type":"apps","blocks":{"judge_me_reviews_review_widget_PEP9QR":{"type":"shopify:\/\/apps\/judge-me-reviews\/blocks\/review_widget\/61ccd3b1-a9f2-4160-9fe9-4fec8413e5d8","settings":{}}},"block_order":["judge_me_reviews_review_widget_PEP9QR"],"disabled":true,"settings":{"include_margins":true}}},"order":["custom_liquid_AkWGti","main","ss_feature_1_m78RRL","ss_countdown_bar_UbAzrh","rich_text_tWddpc","multicolumn_QrLqkd","collapsible_content_TMmbYb","1718274167fdea364d","multicolumn_3Ett7N","multicolumn_7khwDt","rich_text_LWitVR","related-products","featured_product_La3Vhb","custom_liquid_UygRJT","1718282138f43abd69"]}