{"sections":{"slideshow_jmkwEd":{"type":"slideshow","blocks":{"slide_7aLH8j":{"type":"slide","settings":{"image":"shopify:\/\/shop_images\/Frame_1000005640.png","heading":"","heading_size":"h1","subheading":"","button_label":"","link":"","button_style_secondary":false,"box_align":"middle-center","show_text_box":false,"text_alignment":"center","image_overlay_opacity":0,"color_scheme":"","text_alignment_mobile":"center"}},"slide_cX6Hcb":{"type":"slide","settings":{"image":"shopify:\/\/shop_images\/Frame_1000005640_1.png","heading":"","heading_size":"h1","subheading":"","button_label":"","link":"","button_style_secondary":false,"box_align":"middle-center","show_text_box":false,"text_alignment":"center","image_overlay_opacity":0,"color_scheme":"scheme-5","text_alignment_mobile":"center"}},"slide_78P3VX":{"type":"slide","settings":{"image":"shopify:\/\/shop_images\/Frame_1000005645.png","heading":"","heading_size":"h1","subheading":"","button_label":"","link":"","button_style_secondary":false,"box_align":"middle-center","show_text_box":false,"text_alignment":"center","image_overlay_opacity":0,"color_scheme":"scheme-5","text_alignment_mobile":"center"}},"slide_4ewAPc":{"type":"slide","settings":{"image":"shopify:\/\/shop_images\/Frame_1000005644.png","heading":"","heading_size":"h1","subheading":"","button_label":"","link":"","button_style_secondary":false,"box_align":"middle-center","show_text_box":false,"text_alignment":"center","image_overlay_opacity":0,"color_scheme":"scheme-5","text_alignment_mobile":"center"}},"slide_8WdE6t":{"type":"slide","settings":{"image":"shopify:\/\/shop_images\/Frame_1000005643.png","heading":"","heading_size":"h1","subheading":"","button_label":"","link":"","button_style_secondary":false,"box_align":"middle-center","show_text_box":false,"text_alignment":"center","image_overlay_opacity":0,"color_scheme":"scheme-1","text_alignment_mobile":"center"}}},"block_order":["slide_7aLH8j","slide_cX6Hcb","slide_78P3VX","slide_4ewAPc","slide_8WdE6t"],"custom_css":[".slider-counter__link--numbers {color: #fff;}"],"settings":{"layout":"full_bleed","slide_height":"adapt_image","slider_visual":"numbers","auto_rotate":false,"change_slides_speed":9,"image_behavior":"none","show_text_below":false,"accessibility_info":"Slideshow about our brand"}},"multicolumn_MgR7iw":{"type":"multicolumn","blocks":{"column_gpQNVh":{"type":"column","settings":{"image":"shopify:\/\/shop_images\/Frame_1000005535-2_e6a1d3a7-6125-4707-9f3a-6f55a05077b7.png","title":"","text":"","link_label":"","link":""}},"column_HwFxJt":{"type":"column","settings":{"image":"shopify:\/\/shop_images\/Frame_1000005541.png","title":"","text":"","link_label":"","link":""}},"column_haC9xP":{"type":"column","settings":{"image":"shopify:\/\/shop_images\/Frame_1000005547.png","title":"","text":"","link_label":"","link":""}},"column_iyjzxe":{"type":"column","settings":{"image":"shopify:\/\/shop_images\/Group_1000006258_2.png","title":"","text":"","link_label":"","link":""}},"column_kLYfTK":{"type":"column","settings":{"image":"shopify:\/\/shop_images\/Group_1000006348.png","title":"","text":"","link_label":"","link":""}},"column_xzUGFf":{"type":"column","settings":{"image":"shopify:\/\/shop_images\/Frame_1000005549.png","title":"","text":"","link_label":"","link":""}}},"block_order":["column_gpQNVh","column_HwFxJt","column_haC9xP","column_iyjzxe","column_kLYfTK","column_xzUGFf"],"custom_css":[".slider__slide {width: 100%;}"],"settings":{"title":"","heading_size":"h1","image_width":"full","image_ratio":"adapt","columns_desktop":6,"column_alignment":"left","background_style":"none","button_label":"","button_link":"","color_scheme":"scheme-5","columns_mobile":"1","swipe_on_mobile":true,"padding_top":0,"padding_bottom":0}},"main":{"type":"main-product","blocks":{"vendor":{"type":"text","disabled":true,"settings":{"text":"{{ product.vendor }}","text_style":"uppercase"}},"title":{"type":"title","disabled":true,"settings":{}},"price":{"type":"price","settings":{}},"rating_p74dnU":{"type":"rating","disabled":true,"settings":{}},"variant_picker":{"type":"variant_picker","disabled":true,"settings":{"picker_type":"button","swatch_shape":"circle"}},"quantity_selector":{"type":"quantity_selector","disabled":true,"settings":{}},"custom_liquid_ByNcD9":{"type":"custom_liquid","disabled":true,"settings":{"custom_liquid":"<div class=\"text_b1g1\" style='text-align:center;font-weight:bold;color:#fff'><p >B1G1 Sale! BUY 1 GET 1 FREE !<\/p><p style='text-align:center;font-weight:bold;margin-top:-15px;color:#fff'>Buy Each at 375, Lowest Price Ever.<\/p><\/div>"}},"judge_me_reviews_preview_badge_TM9Qpd":{"type":"shopify:\/\/apps\/judge-me-reviews\/blocks\/preview_badge\/61ccd3b1-a9f2-4160-9fe9-4fec8413e5d8","settings":{}},"buy_buttons":{"type":"buy_buttons","settings":{"show_dynamic_checkout":true,"show_gift_card_recipient":true}}},"block_order":["vendor","title","price","rating_p74dnU","variant_picker","quantity_selector","custom_liquid_ByNcD9","judge_me_reviews_preview_badge_TM9Qpd","buy_buttons"],"custom_css":[".button {background-color: #00048a; color: #ffffff; width: 300px; margin: auto;}",".jdgm-prev-badge {margin-top: 10px;}",".jdgm-prev-badge,.product-form__quantity {text-align: center;}",".quantity__label {display: none;}",".quantity {margin: auto;}",".price {margin-top: 10px; text-align: center;}","@media (min-width: 600px) {.product__info-wrapper {margin: -34.6rem 1rem 0rem 56.4rem; z-index: 1 !important; position: relative; } .button {width: 400px; } .jdgm-prev-badge, .product-form__quantity {text-align: left; } .price {font-size: 30px; text-align: left; }}"],"settings":{"enable_sticky_info":false,"color_scheme":"scheme-5","media_size":"medium","constrain_to_viewport":true,"media_fit":"contain","gallery_layout":"thumbnail_slider","media_position":"left","image_zoom":"none","mobile_thumbnails":"hide","hide_variants":false,"enable_video_looping":false,"padding_top":20,"padding_bottom":0}},"rich_text_6ADhyB":{"type":"rich-text","blocks":{"heading_Y6jG6H":{"type":"heading","settings":{"heading":"Why People","heading_size":"h1"}},"text_YRqVWc":{"type":"text","settings":{"text":"<p>Love Us?<\/p>"}}},"block_order":["heading_Y6jG6H","text_YRqVWc"],"disabled":true,"custom_css":[".rich-text__blocks {background: #000000;}",".rich-text__heading {text-align: center; color: #fff; font-size: 56.57px; font-style: normal; font-stretch: semi-condensed; font-weight: 700; line-height: 77%; \/* 34.605px *\/ letter-spacing: -1.798px;}",".rich-text__text {margin-top: 18px; color: #fff; text-align: center; font-family: \"Tiro Devanagari Hindi\"; font-size: 36px; font-style: normal; font-weight: 500; line-height: 77%; \/* 17.366px *\/ letter-spacing: -0.677px;}",".rich-text {background-color: #000000;}"],"settings":{"desktop_content_position":"center","content_alignment":"center","color_scheme":"scheme-5","full_width":true,"padding_top":20,"padding_bottom":40}},"rich_text_gnMVjR":{"type":"rich-text","blocks":{"heading_HQ8QNL":{"type":"heading","settings":{"heading":"Save More","heading_size":"h2"}},"text_kQYy47":{"type":"text","settings":{"text":"<p>With New Year Sale<\/p>"}}},"block_order":["heading_HQ8QNL","text_kQYy47"],"custom_css":[".rich-text__blocks {background: #000000;}",".rich-text__heading {text-align: center; color: #fff; font-size: 46.57px; font-style: normal; font-stretch: semi-condensed; font-weight: 700; line-height: 77%; \/* 34.605px *\/ letter-spacing: -1.798px;}",".rich-text__text {margin-top: 15px; color: #fff; text-align: center; font-family: \"Tiro Devanagari Hindi\"; font-size: 28.39px; font-style: normal; font-weight: 400; line-height: 77%; \/* 17.366px *\/ letter-spacing: -0.677px;}",".rich-text {background-color: #000000;}"],"settings":{"desktop_content_position":"center","content_alignment":"center","color_scheme":"scheme-5","full_width":true,"padding_top":52,"padding_bottom":56}},"1724387754a40bbdb1":{"type":"apps","blocks":{"bundler_bundler_target_element_zgMyQQ":{"type":"shopify:\/\/apps\/bundler\/blocks\/bundler-target-element\/7a6ae1b8-3b16-449b-8429-8bb89a62c664","settings":{}}},"block_order":["bundler_bundler_target_element_zgMyQQ"],"custom_css":[".bndlr-bundle-description {color: #ffffff;}",".bndlr-bundle-title {color: #ffffff;}",".bndlr-bundle-checkout-warning {color: #ffffff;}",".bndlr-total-price {color: #ffffff;}",".bndlr-products-container {background-color: #000000;}"],"settings":{"include_margins":true}},"custom_liquid_t9mTGU":{"type":"custom-liquid","settings":{"custom_liquid":"<div style=\"text-align:center;margin-top:-20px\">\n<p style='color:#fff;font-size:20px;margin-top:0px;color:green'><b>Garb 40% Off With This Sale<\/b><\/p>\n<\/div>","color_scheme":"scheme-5","padding_top":12,"padding_bottom":12}},"multicolumn_QrLqkd":{"type":"multicolumn","blocks":{"column_xDzcpe":{"type":"column","settings":{"image":"shopify:\/\/shop_images\/Group_1000006552.png","title":"","text":"","link_label":"","link":""}}},"block_order":["column_xDzcpe"],"disabled":true,"custom_css":[".slider__slide {width: 100%;}"],"settings":{"title":"","heading_size":"h1","image_width":"full","image_ratio":"adapt","columns_desktop":1,"column_alignment":"center","background_style":"none","button_label":"","button_link":"","color_scheme":"scheme-5","columns_mobile":"1","swipe_on_mobile":true,"padding_top":0,"padding_bottom":20}},"custom_liquid_U6wrRV":{"type":"custom-liquid","disabled":true,"custom_css":["@media (min-width: 600px) {div {display: none; }}"],"settings":{"custom_liquid":"<div><p  style='text-align:center;font-weight:bold;color:#fff'>Great Indian Festival! BUY 1 GET 1 FREE !<\/p><p style='text-align:center;font-weight:bold;margin-top:-15px;color:#fff'>Buy Each at 375, Lowest Price Ever.<\/p><\/div>","color_scheme":"scheme-5","padding_top":8,"padding_bottom":8}},"rich_text_LWitVR":{"type":"rich-text","blocks":{"heading_wrCJjm":{"type":"heading","settings":{"heading":"What it Does?","heading_size":"h1"}}},"block_order":["heading_wrCJjm"],"custom_css":[".rich-text__heading {text-align: center; color: #fff; font-size: 52.26px; font-style: normal; font-stretch: semi-condensed; font-weight: 700; line-height: 77%; \/* 34.605px *\/ letter-spacing: -1.798px;}",".rich-text {background-color: #000000;}","@media (min-width: 600px) {.rich-text {display: none; }}"],"settings":{"desktop_content_position":"center","content_alignment":"center","color_scheme":"scheme-5","full_width":true,"padding_top":40,"padding_bottom":44}},"slideshow_BU63fK":{"type":"slideshow","blocks":{"slide_AJmQ4z":{"type":"slide","settings":{"image":"shopify:\/\/shop_images\/Group_1000006153_5.png","heading":"","heading_size":"h1","subheading":"","button_label":"","link":"","button_style_secondary":false,"box_align":"middle-center","show_text_box":false,"text_alignment":"center","image_overlay_opacity":0,"color_scheme":"scheme-5","text_alignment_mobile":"center"}}},"block_order":["slide_AJmQ4z"],"custom_css":["slideshow-component {margin-top: -30px; margin-bottom: -5px; background-color: #000000; \/* padding: 0px 30px; *\/}","@media only screen and (min-width: 600px) {}"],"settings":{"layout":"full_bleed","slide_height":"adapt_image","slider_visual":"counter","auto_rotate":false,"change_slides_speed":5,"image_behavior":"none","show_text_below":false,"accessibility_info":"Slideshow about our brand"}},"collapsible_content_TP9TMJ":{"type":"collapsible-content","blocks":{"collapsible_row_Hwy4y4":{"type":"collapsible_row","settings":{"heading":"Skin Feels & Aroma","icon":"none","row_content":"<p><strong>What does it feel like?<\/strong><\/p><p>Our moisturizer has a gel-cream texture that absorbs quickly into the skin within seconds due to its lightweight formula.<\/p><p><strong>What does it smell like?<\/strong><\/p><p>Our moisturizer is fragrance-free and free from any irritating scents.<br\/><br\/><\/p>","page":""}},"collapsible_row_cVkAcn":{"type":"collapsible_row","settings":{"heading":"How to use","icon":"none","row_content":"<ul><li>Squeeze a small amount of moisturizer onto your fingertips and dot it evenly across your      face, focusing on areas like your cheeks, forehead, and chin<\/li><li>Gently massage the moisturizer into your skin using upward, circular motions, making sure it is well distributed and absorbed<\/li><li>Allow the moisturizer to sit on your skin for a few moments to fully absorb before applying any other products or heading outside<\/li><li>For optimal results, use the moisturizer twice daily once in the morning and once before bed<\/li><\/ul>","page":""}},"collapsible_row_jjHdU7":{"type":"collapsible_row","settings":{"heading":"Key Ingredients","icon":"none","row_content":"<p>Aqua, Aloe Barbadensis Leaf Extract, Glycerine, Urea, Panthenol, Glyceryl Glucoside, Squalene, Sodium acrylates Copolymer, Lecithin, Alpha-Glucan Oligosaccharide, 1,2-Hexanediol, Sodium Hyaluronate, Potassium Hyaluronate, Sodium Hyaluronate Crosspolymer, Sodium Acetylated Hyaluronate, Hydroxypropyltrimonium Hyaluronate, Hydrolyzed Hyaluronic Acid, Hyaluronic Acid, Hydrolyzed Sodium Hyaluronate, Sodium Retinoyl Hyaluronate, Zinc Hydrolyzed Hyaluronate, Ascorbyl Propyl Hydrolyzed Hyaluronate, Ascorbyl Propyl Hyaluronate, Dimethylsilanol Hyaluronate, Pentylene Glycol, Butylene Glycol, Sodium Benzoate, Propanediol, LAMINARIA DIGITATA EXTRACT, CETYL-PG HYDROXYETHYL PALMITAMIDE, CERAMIDE EOP, CERAMIDE NG, CERAMIDE NP, CERAMIDE AS, CERAMIDE 6 AP, Potassium Sorbate, Polyacrylate Crosspolymer-6, Sodium gluconate.<\/p><p><\/p>","page":""}},"collapsible_row_zPnhrg":{"type":"collapsible_row","settings":{"heading":"Additional Information","icon":"none","row_content":"<p><strong>GENERIC NAME:<\/strong>  Moisturizer<\/p><p><strong>Dimensions:<\/strong> 4*4*18 cm<\/p><p><strong>BEST BEFORE:<\/strong><br\/>24 Months from the Manufacturing date.<\/p><p><strong>MANUFACTURED BY<\/strong>: Aaroohee Healthcare Private Ltd.<br\/>Sy.No. 751 & 752, Burgula (V), Farooq Nagar (M), R.R.Dist. Telangana - 509 202.<\/p><p><strong>MARKETED BY<\/strong>: BTM Ventures info@reginaldmen.com<br\/>Plot no 194, Survey Of India Ayyappa Society, Survey of India Colony, Chanda Naik Nagar, Madhapur, Hyderabad, Telangana 500081<\/p><p><strong>Mfg License Number: <\/strong>02\/MBNR\/TS\/2021\/C\/G<br\/><br\/><strong>Maximum Retail Price :<\/strong> Rs.750 (inclusive all taxes)<\/p><p><strong>Net Qty:<\/strong> 50grams<\/p><p><strong>If You have any queries:<\/strong><br\/>Email: info@reginaldmen.com<\/p><p>WhatsApp:+91 8374525213<br\/><\/p>","page":""}}},"block_order":["collapsible_row_Hwy4y4","collapsible_row_cVkAcn","collapsible_row_jjHdU7","collapsible_row_zPnhrg"],"custom_css":["h3 {font-size: 18px;}",".accordion {background-color: #000; border-bottom: 0.5px solid #fff; border-top: 0.5px solid #fff;}",".collapsible-content {margin-top: -10px; padding: 0px 30px 0px 30px;}","h2 {font-size: 56.8px !important;}","@media (min-width: 600px) {h3 {font-size: 24px; } .grid__item {padding: 10px; margin: 0px; } .collapsible-content__grid-item {margin: 0px !important; }}","@media (max-width: 600px) {.collapsible-content__media {display: none; } .collapsible-content__header {display: none; }}"],"settings":{"caption":"","heading":"What It Does ?","heading_size":"h1","heading_alignment":"center","layout":"none","color_scheme":"scheme-5","container_color_scheme":"scheme-5","open_first_collapsible_row":true,"image":"shopify:\/\/shop_images\/Frame_1000005606_1_1.png","image_ratio":"adapt","desktop_layout":"image_second","padding_top":0,"padding_bottom":0}},"custom_liquid_aJLwzJ":{"type":"custom-liquid","disabled":true,"custom_css":["@media (max-width: 600px) {form {display: none; }}"],"settings":{"custom_liquid":"<form style='margin:-65px 10px 0px 800px;width:400px;background-color: #000000;' method=\"post\" action=\"\/cart\/add\" id=\"product-form-template--17277029384372_main\" accept-charset=\"UTF-8\" class=\"form\" enctype=\"multipart\/form-data\" novalidate=\"novalidate\" data-type=\"add-to-cart-form\"><input type=\"hidden\" name=\"form_type\" value=\"product\"><input type=\"hidden\" name=\"utf8\" value=\"✓\"><input type=\"hidden\" name=\"id\" value=\"43343696036020\" class=\"product-variant-id\"><div class=\"product-form_buttons\"><button \nstyle='background-color:#0000ff;color:#ffffff;font-weight:bold' id=\"ProductSubmitButton-template--17277029384372_main\" type=\"submit\" name=\"add\" class=\"product-form_submit button button--full-width button--secondary\" aria-haspopup=\"dialog\" fdprocessedid=\"mdfsql\">\n            <span>Add to cart\n<\/span>\n\n<link href=\"\/\/www.reginaldmen.com\/cdn\/shop\/t\/102\/assets\/component-loading-spinner.css?v=116724955567955766481726120372\" rel=\"stylesheet\" type=\"text\/css\" media=\"all\">\n\n<div class=\"loading__spinner hidden\">\n  <svg aria-hidden=\"true\" focusable=\"false\" class=\"spinner\" viewBox=\"0 0 66 66\" xmlns=\"http:\/\/www.w3.org\/2000\/svg\">\n    <circle class=\"path\" fill=\"none\" stroke-width=\"6\" cx=\"33\" cy=\"33\" r=\"30\"><\/circle>\n  <\/svg>\n<\/div>\n<\/button><div data-shopify=\"payment-button\" class=\"shopify-payment-button\"> <shopify-accelerated-checkout recommended=\"null\" fallback=\"{&quot;name&quot;:&quot;buy_it_now&quot;,&quot;wallet_params&quot;:{}}\" access-token=\"78328903bc2e486e74eaf073da31f9a1\" buyer-country=\"IN\" buyer-locale=\"en\" buyer-currency=\"INR\" variant-params=\"[{&quot;id&quot;:43343696036020,&quot;requiresShipping&quot;:true}]\" shop-id=\"63761940660\" requires-shipping=\"\"><shopify-buy-it-now-button access-token=\"78328903bc2e486e74eaf073da31f9a1\" buyer-country=\"IN\" buyer-currency=\"INR\" wallet-params=\"{}\" page-type=\"product\" slot=\"button\" requires-shipping=\"\" call-to-action=\"\"><button type=\"button\" class=\"shopify-payment-button_button shopify-payment-buttonbutton--unbranded\" swc-type=\"buy_now\" style=\"display: none;\">Buy it now<\/button><button type=\"button\" class=\"shopify-payment-buttonbutton shopify-payment-button_button--unbranded swc-btn\" swc-type=\"buy_now\" style=\"pointer-events: auto;\">Buy it now<\/button><\/shopify-buy-it-now-button><\/shopify-accelerated-checkout> <\/div>\n<\/div><input type=\"hidden\" name=\"product-id\" value=\"7517413540020\"><input type=\"hidden\" name=\"section-id\" value=\"template--17277029384372__main\"><input type=\"hidden\" name=\"quantity\" value=\"1\"><\/form>","color_scheme":"scheme-5","padding_top":8,"padding_bottom":8}},"custom_liquid_wnmPhx":{"type":"custom-liquid","disabled":true,"custom_css":["@media (min-width: 600px) {form {display: none; }}"],"settings":{"custom_liquid":"<form style='margin:auto;width:300px;background-color: #000000;' method=\"post\" action=\"\/cart\/add\" id=\"product-form-template--17277029384372_main\" accept-charset=\"UTF-8\" class=\"form\" enctype=\"multipart\/form-data\" novalidate=\"novalidate\" data-type=\"add-to-cart-form\"><input type=\"hidden\" name=\"form_type\" value=\"product\"><input type=\"hidden\" name=\"utf8\" value=\"✓\"><input type=\"hidden\" name=\"id\" value=\"43343696036020\" class=\"product-variant-id\"><div class=\"product-form_buttons\"><button \nstyle='background-color:#0000ff;color:#ffffff;font-weight:bold' id=\"ProductSubmitButton-template--17277029384372_main\" type=\"submit\" name=\"add\" class=\"product-form_submit button button--full-width button--secondary\" aria-haspopup=\"dialog\" fdprocessedid=\"mdfsql\">\n            <span>Add to cart\n<\/span>\n\n<link href=\"\/\/www.reginaldmen.com\/cdn\/shop\/t\/102\/assets\/component-loading-spinner.css?v=116724955567955766481726120372\" rel=\"stylesheet\" type=\"text\/css\" media=\"all\">\n\n<div class=\"loading__spinner hidden\">\n  <svg aria-hidden=\"true\" focusable=\"false\" class=\"spinner\" viewBox=\"0 0 66 66\" xmlns=\"http:\/\/www.w3.org\/2000\/svg\">\n    <circle class=\"path\" fill=\"none\" stroke-width=\"6\" cx=\"33\" cy=\"33\" r=\"30\"><\/circle>\n  <\/svg>\n<\/div>\n<\/button><div data-shopify=\"payment-button\" class=\"shopify-payment-button\"> <shopify-accelerated-checkout recommended=\"null\" fallback=\"{&quot;name&quot;:&quot;buy_it_now&quot;,&quot;wallet_params&quot;:{}}\" access-token=\"78328903bc2e486e74eaf073da31f9a1\" buyer-country=\"IN\" buyer-locale=\"en\" buyer-currency=\"INR\" variant-params=\"[{&quot;id&quot;:43343696036020,&quot;requiresShipping&quot;:true}]\" shop-id=\"63761940660\" requires-shipping=\"\"><shopify-buy-it-now-button access-token=\"78328903bc2e486e74eaf073da31f9a1\" buyer-country=\"IN\" buyer-currency=\"INR\" wallet-params=\"{}\" page-type=\"product\" slot=\"button\" requires-shipping=\"\" call-to-action=\"\"><button type=\"button\" class=\"shopify-payment-button_button shopify-payment-buttonbutton--unbranded\" swc-type=\"buy_now\" style=\"display: none;\">Buy it now<\/button><button type=\"button\" class=\"shopify-payment-buttonbutton shopify-payment-button_button--unbranded swc-btn\" swc-type=\"buy_now\" style=\"pointer-events: auto;\">Buy it now<\/button><\/shopify-buy-it-now-button><\/shopify-accelerated-checkout> <\/div>\n<\/div><input type=\"hidden\" name=\"product-id\" value=\"7517413540020\"><input type=\"hidden\" name=\"section-id\" value=\"template--17277029384372__main\"><input type=\"hidden\" name=\"quantity\" value=\"1\"><\/form>","color_scheme":"scheme-5","padding_top":8,"padding_bottom":8}},"featured_collection_xNq3Ky":{"type":"featured-collection","disabled":true,"custom_css":["button {color: #ffffff; font-weight: bold; background-color: black; border: 1px solid #ffffff;}",".collection {background-color: #000000; \/* padding: 1px 30px; *\/}"],"settings":{"title":"","heading_size":"h1","description":"","show_description":false,"description_style":"body","collection":"serum-sunscreen","products_to_show":2,"columns_desktop":2,"full_width":false,"show_view_all":true,"view_all_style":"solid","enable_desktop_slider":false,"color_scheme":"scheme-5","image_ratio":"adapt","image_shape":"default","show_secondary_image":false,"show_vendor":false,"show_rating":false,"enable_quick_add":true,"columns_mobile":"2","swipe_on_mobile":false,"padding_top":36,"padding_bottom":36}},"multicolumn_jY9Hzb":{"type":"multicolumn","blocks":{"column_qJUekh":{"type":"column","settings":{"image":"shopify:\/\/shop_images\/Group_1000003906_1.png","title":"","text":"","link_label":"","link":""}}},"block_order":["column_qJUekh"],"custom_css":["div {display: block; margin: 0 auto; height: 100%;}",".multicolumn-card__info {display: none;}",".center {display: block; margin-top: -120px; margin-bottom: 60px;}",".button {color: #fff; width: 300px; margin-top: 36px; border-radius: 8.372px; background: #00048a;}"],"settings":{"title":"","heading_size":"h1","image_width":"full","image_ratio":"adapt","columns_desktop":3,"column_alignment":"left","background_style":"primary","button_label":"Take the Quiz","button_link":"https:\/\/www.reginaldmen.com\/?utm_source=Quiz&utm_medium=home_direct&utm_campaign=SkinTest#quiz-gWH2J3","color_scheme":"scheme-5","columns_mobile":"1","swipe_on_mobile":false,"padding_top":36,"padding_bottom":36}},"slideshow_7dqHRq":{"type":"slideshow","blocks":{"slide_6LtCmN":{"type":"slide","settings":{"image":"shopify:\/\/shop_images\/Group_1000006153_4.png","heading":"","heading_size":"h1","subheading":"","button_label":"","link":"","button_style_secondary":false,"box_align":"middle-center","show_text_box":false,"text_alignment":"center","image_overlay_opacity":0,"color_scheme":"scheme-5","text_alignment_mobile":"center"}}},"block_order":["slide_6LtCmN"],"custom_css":[".button {margin-top: 600px; background-color: #0000ff75; fill-opacity: 0.5; color: #ffffff; width: 200px;}"],"settings":{"layout":"full_bleed","slide_height":"adapt_image","slider_visual":"counter","auto_rotate":false,"change_slides_speed":5,"image_behavior":"none","show_text_below":false,"accessibility_info":"Slideshow about our brand"}},"slideshow_hEMDAL":{"type":"slideshow","blocks":{"slide_beDeTm":{"type":"slide","settings":{"image":"shopify:\/\/shop_images\/Frame_1000005573_2.png","heading":"","heading_size":"h1","subheading":"","button_label":"","link":"","button_style_secondary":false,"box_align":"middle-center","show_text_box":false,"text_alignment":"center","image_overlay_opacity":0,"color_scheme":"scheme-5","text_alignment_mobile":"center"}}},"block_order":["slide_beDeTm"],"settings":{"layout":"full_bleed","slide_height":"adapt_image","slider_visual":"counter","auto_rotate":false,"change_slides_speed":5,"image_behavior":"none","show_text_below":true,"accessibility_info":"Slideshow about our brand"}},"custom_liquid_mcEN8Q":{"type":"custom-liquid","custom_css":["@media (max-width: 600px) {form {display: none; }}"],"settings":{"custom_liquid":"<form style='margin:-300px 0px 0px 260px; width:400px;background-color: #000000;' method=\"post\" action=\"\/cart\/add\" id=\"product-form-template--17277029384372_main\" accept-charset=\"UTF-8\" class=\"form\" enctype=\"multipart\/form-data\" novalidate=\"novalidate\" data-type=\"add-to-cart-form\"><input type=\"hidden\" name=\"form_type\" value=\"product\"><input type=\"hidden\" name=\"utf8\" value=\"✓\"><input type=\"hidden\" name=\"id\" value=\"43343696036020\" class=\"product-variant-id\"><div class=\"product-form_buttons\"><button \nstyle='background-color:#0000ff;color:#ffffff;font-weight:bold' id=\"ProductSubmitButton-template--17277029384372_main\" type=\"submit\" name=\"add\" class=\"product-form_submit button button--full-width button--secondary\" aria-haspopup=\"dialog\" fdprocessedid=\"mdfsql\">\n            <span>Add to cart\n<\/span>\n\n<link href=\"\/\/www.reginaldmen.com\/cdn\/shop\/t\/102\/assets\/component-loading-spinner.css?v=116724955567955766481726120372\" rel=\"stylesheet\" type=\"text\/css\" media=\"all\">\n\n<div class=\"loading__spinner hidden\">\n  <svg aria-hidden=\"true\" focusable=\"false\" class=\"spinner\" viewBox=\"0 0 66 66\" xmlns=\"http:\/\/www.w3.org\/2000\/svg\">\n    <circle class=\"path\" fill=\"none\" stroke-width=\"6\" cx=\"33\" cy=\"33\" r=\"30\"><\/circle>\n  <\/svg>\n<\/div>\n<\/button><div data-shopify=\"payment-button\" class=\"shopify-payment-button\"> <shopify-accelerated-checkout recommended=\"null\" fallback=\"{&quot;name&quot;:&quot;buy_it_now&quot;,&quot;wallet_params&quot;:{}}\" access-token=\"78328903bc2e486e74eaf073da31f9a1\" buyer-country=\"IN\" buyer-locale=\"en\" buyer-currency=\"INR\" variant-params=\"[{&quot;id&quot;:43343696036020,&quot;requiresShipping&quot;:true}]\" shop-id=\"63761940660\" requires-shipping=\"\"><shopify-buy-it-now-button access-token=\"78328903bc2e486e74eaf073da31f9a1\" buyer-country=\"IN\" buyer-currency=\"INR\" wallet-params=\"{}\" page-type=\"product\" slot=\"button\" requires-shipping=\"\" call-to-action=\"\"><button type=\"button\" class=\"shopify-payment-button_button shopify-payment-buttonbutton--unbranded\" swc-type=\"buy_now\" style=\"display: none;\">Buy it now<\/button><button type=\"button\" class=\"shopify-payment-buttonbutton shopify-payment-button_button--unbranded swc-btn\" swc-type=\"buy_now\" style=\"pointer-events: auto;\">Buy it now<\/button><\/shopify-buy-it-now-button><\/shopify-accelerated-checkout> <\/div>\n<\/div><input type=\"hidden\" name=\"product-id\" value=\"7517413540020\"><input type=\"hidden\" name=\"section-id\" value=\"template--17277029384372__main\"><input type=\"hidden\" name=\"quantity\" value=\"1\"><\/form>","color_scheme":"scheme-5","padding_top":8,"padding_bottom":20}},"slideshow_VR3tex":{"type":"slideshow","blocks":{"slide_CgKfBY":{"type":"slide","settings":{"image":"shopify:\/\/shop_images\/Winters_B_2_Sunscreens_bf_static_story_151124_8.png","heading":"","heading_size":"h2","subheading":"","button_label":"","link":"","button_style_secondary":false,"box_align":"middle-center","show_text_box":false,"text_alignment":"center","image_overlay_opacity":0,"color_scheme":"scheme-5","text_alignment_mobile":"center"}}},"block_order":["slide_CgKfBY"],"settings":{"layout":"full_bleed","slide_height":"adapt_image","slider_visual":"counter","auto_rotate":false,"change_slides_speed":5,"image_behavior":"none","show_text_below":false,"accessibility_info":"Slideshow about our brand"}},"custom_liquid_NttLB7":{"type":"custom-liquid","settings":{"custom_liquid":"<div style=\"text-align:center;margin-top:-190px;position:sticky\" >\n<button style='background-color:#000E8B;color:#ffffff;width:76%;padding:15px 10px;border:none;border-radius:10px;font-weight:bold;font-size:16px;cursor:pointer;' class='addtocartsss' id=\"add-to-cart\">\n            ADD TO CART\n<\/button>\n<\/div>","color_scheme":"scheme-5","padding_top":40,"padding_bottom":0}},"17268532510ebf5fec":{"type":"apps","blocks":{"judge_me_reviews_review_widget_QhRN8C":{"type":"shopify:\/\/apps\/judge-me-reviews\/blocks\/review_widget\/61ccd3b1-a9f2-4160-9fe9-4fec8413e5d8","settings":{}}},"block_order":["judge_me_reviews_review_widget_QhRN8C"],"settings":{"include_margins":true}},"slideshow_QETVaK":{"type":"slideshow","blocks":{"slide_4hAT8U":{"type":"slide","settings":{"image":"shopify:\/\/shop_images\/Group_1000006541.png","heading":"","heading_size":"h1","subheading":"","button_label":"","link":"","button_style_secondary":false,"box_align":"middle-center","show_text_box":false,"text_alignment":"center","image_overlay_opacity":0,"color_scheme":"scheme-5","text_alignment_mobile":"center"}}},"block_order":["slide_4hAT8U"],"custom_css":[".slideshow {padding-top: 30px; background-color: #000000;}"],"settings":{"layout":"full_bleed","slide_height":"adapt_image","slider_visual":"counter","auto_rotate":false,"change_slides_speed":5,"image_behavior":"none","show_text_below":false,"accessibility_info":"Slideshow about our brand"}},"slideshow_AXdwWd":{"type":"slideshow","blocks":{"slide_DVkVJ4":{"type":"slide","settings":{"image":"shopify:\/\/shop_images\/Frame_1000005472_1.png","heading":"","heading_size":"h1","subheading":"","button_label":"","link":"","button_style_secondary":false,"box_align":"middle-center","show_text_box":false,"text_alignment":"center","image_overlay_opacity":0,"color_scheme":"scheme-5","text_alignment_mobile":"center"}}},"block_order":["slide_DVkVJ4"],"settings":{"layout":"full_bleed","slide_height":"adapt_image","slider_visual":"counter","auto_rotate":false,"change_slides_speed":5,"image_behavior":"none","show_text_below":false,"accessibility_info":"Slideshow about our brand"}},"related-products":{"type":"related-products","disabled":true,"settings":{"heading":"You may also like","heading_size":"h2","products_to_show":4,"columns_desktop":4,"color_scheme":"scheme-1","image_ratio":"square","image_shape":"default","show_secondary_image":true,"show_vendor":false,"show_rating":false,"columns_mobile":"2","padding_top":36,"padding_bottom":28}}},"order":["slideshow_jmkwEd","multicolumn_MgR7iw","main","rich_text_6ADhyB","rich_text_gnMVjR","1724387754a40bbdb1","custom_liquid_t9mTGU","multicolumn_QrLqkd","custom_liquid_U6wrRV","rich_text_LWitVR","slideshow_BU63fK","collapsible_content_TP9TMJ","custom_liquid_aJLwzJ","custom_liquid_wnmPhx","featured_collection_xNq3Ky","multicolumn_jY9Hzb","slideshow_7dqHRq","slideshow_hEMDAL","custom_liquid_mcEN8Q","slideshow_VR3tex","custom_liquid_NttLB7","17268532510ebf5fec","slideshow_QETVaK","slideshow_AXdwWd","related-products"]}