{"sections":{"slideshow_8D3kKm":{"type":"slideshow","blocks":{"slide_praCAd":{"type":"slide","settings":{"image":"shopify:\/\/shop_images\/Frame_1000005563_1.png","heading":"","heading_size":"h1","subheading":"","button_label":"","link":"","button_style_secondary":false,"box_align":"middle-center","show_text_box":false,"text_alignment":"center","image_overlay_opacity":0,"color_scheme":"scheme-5","text_alignment_mobile":"center"}},"slide_JKK4Lg":{"type":"slide","settings":{"image":"shopify:\/\/shop_images\/Frame_1000005563_3.png","heading":"","heading_size":"h1","subheading":"","button_label":"","link":"","button_style_secondary":false,"box_align":"middle-center","show_text_box":false,"text_alignment":"center","image_overlay_opacity":0,"color_scheme":"scheme-5","text_alignment_mobile":"center"}},"slide_PMWN4z":{"type":"slide","settings":{"image":"shopify:\/\/shop_images\/Frame_1000005568_4.png","heading":"","heading_size":"h1","subheading":"","button_label":"","link":"","button_style_secondary":false,"box_align":"middle-center","show_text_box":false,"text_alignment":"center","image_overlay_opacity":0,"color_scheme":"scheme-1","text_alignment_mobile":"center"}},"slide_gRgaED":{"type":"slide","settings":{"image":"shopify:\/\/shop_images\/Frame_1000005567_3.png","heading":"","heading_size":"h1","subheading":"","button_label":"","link":"","button_style_secondary":false,"box_align":"middle-center","show_text_box":false,"text_alignment":"center","image_overlay_opacity":0,"color_scheme":"scheme-1","text_alignment_mobile":"center"}}},"block_order":["slide_praCAd","slide_JKK4Lg","slide_PMWN4z","slide_gRgaED"],"custom_css":[".slider-counter__link--numbers {color: #fff;}",".slideshow__controls {background-color: #000;}"],"settings":{"layout":"full_bleed","slide_height":"adapt_image","slider_visual":"dots","auto_rotate":true,"change_slides_speed":7,"image_behavior":"none","show_text_below":false,"accessibility_info":"Slideshow about our brand"}},"slideshow_6AAX7Q":{"type":"slideshow","blocks":{"slide_FDWTyU":{"type":"slide","settings":{"image":"shopify:\/\/shop_images\/Frame_1000005519_6128baf2-1266-4b4c-8ce2-456244c57b11.png","heading":"","heading_size":"h1","subheading":"","button_label":"","link":"","button_style_secondary":false,"box_align":"middle-center","show_text_box":false,"text_alignment":"center","image_overlay_opacity":0,"color_scheme":"scheme-5","text_alignment_mobile":"center"}},"slide_A66ENM":{"type":"slide","settings":{"image":"shopify:\/\/shop_images\/Frame_2147224108_1.png","heading":"","heading_size":"h1","subheading":"","button_label":"","link":"","button_style_secondary":false,"box_align":"middle-center","show_text_box":false,"text_alignment":"center","image_overlay_opacity":0,"color_scheme":"scheme-5","text_alignment_mobile":"center"}},"slide_wj8z69":{"type":"slide","settings":{"image":"shopify:\/\/shop_images\/Frame_2147224110.png","heading":"","heading_size":"h1","subheading":"","button_label":"","link":"","button_style_secondary":false,"box_align":"middle-center","show_text_box":false,"text_alignment":"center","image_overlay_opacity":0,"color_scheme":"scheme-1","text_alignment_mobile":"center"}},"slide_LaGh4R":{"type":"slide","settings":{"image":"shopify:\/\/shop_images\/Frame_2147224109.png","heading":"","heading_size":"h1","subheading":"","button_label":"","link":"","button_style_secondary":false,"box_align":"middle-center","show_text_box":false,"text_alignment":"center","image_overlay_opacity":0,"color_scheme":"scheme-1","text_alignment_mobile":"center"}}},"block_order":["slide_FDWTyU","slide_A66ENM","slide_wj8z69","slide_LaGh4R"],"custom_css":[],"settings":{"layout":"full_bleed","slide_height":"adapt_image","slider_visual":"dots","auto_rotate":false,"change_slides_speed":7,"image_behavior":"none","show_text_below":false,"accessibility_info":"Slideshow about our brand"}},"multicolumn_MfK4TC":{"type":"multicolumn","blocks":{"column_EzQTFn":{"type":"column","settings":{"image":"shopify:\/\/shop_images\/Frame_1000005620_028ca2be-374e-4d62-9d8c-a0ccd43c2ac1.png","title":"","text":"","link_label":"","link":""}},"column_3VMpk3":{"type":"column","settings":{"image":"shopify:\/\/shop_images\/Frame_2147223925.png","title":"","text":"","link_label":"","link":""}},"column_DBGmXn":{"type":"column","settings":{"image":"shopify:\/\/shop_images\/Frame_1000005647_4.png","title":"","text":"","link_label":"","link":""}},"column_LiiCEC":{"type":"column","settings":{"image":"shopify:\/\/shop_images\/Frame_1000005527.png","title":"","text":"","link_label":"","link":""}}},"block_order":["column_EzQTFn","column_3VMpk3","column_DBGmXn","column_LiiCEC"],"disabled":true,"custom_css":[".slider__slide {width: 100%;}",".slider-buttons {display: none;}"],"settings":{"title":"","heading_size":"h1","image_width":"full","image_ratio":"adapt","columns_desktop":3,"column_alignment":"left","background_style":"none","button_label":"","button_link":"","color_scheme":"scheme-5","columns_mobile":"1","swipe_on_mobile":true,"padding_top":0,"padding_bottom":12}},"slideshow_xVDDQt":{"type":"slideshow","blocks":{"slide_XB6BzK":{"type":"slide","settings":{"image":"shopify:\/\/shop_images\/Frame_2147224117.png","heading":"","heading_size":"h1","subheading":"","button_label":"","link":"","button_style_secondary":false,"box_align":"middle-center","show_text_box":false,"text_alignment":"center","image_overlay_opacity":0,"color_scheme":"","text_alignment_mobile":"center"}}},"block_order":["slide_XB6BzK"],"disabled":true,"custom_css":[".slider__slide {margin-top: 10px;}","@media (min-width: 600px) {.slideshow {display: none; }}"],"settings":{"layout":"full_bleed","slide_height":"adapt_image","slider_visual":"counter","auto_rotate":false,"change_slides_speed":5,"image_behavior":"none","show_text_below":false,"accessibility_info":"Slideshow about our brand"}},"main":{"type":"main-product","blocks":{"vendor":{"type":"text","disabled":true,"settings":{"text":"{{ product.vendor }}","text_style":"uppercase"}},"title":{"type":"title","disabled":true,"settings":{}},"price":{"type":"price","settings":{}},"rating_p74dnU":{"type":"rating","disabled":true,"settings":{}},"variant_picker":{"type":"variant_picker","disabled":true,"settings":{"picker_type":"button","swatch_shape":"circle"}},"quantity_selector":{"type":"quantity_selector","disabled":true,"settings":{}},"custom_liquid_BTd9fq":{"type":"custom_liquid","disabled":true,"settings":{"custom_liquid":"<div class=\"text_b1g1\" style='text-align:center;font-weight:bold;color:#fff'><p>B1G1 Sale! BUY 1 GET 1 FREE !<\/p><p style='text-align:center;font-weight:bold;margin-top:-15px;color:#fff'>Buy Each at 425, Lowest Price Ever.<\/p><\/div>"}},"judge_me_reviews_preview_badge_TM9Qpd":{"type":"shopify:\/\/apps\/judge-me-reviews\/blocks\/preview_badge\/61ccd3b1-a9f2-4160-9fe9-4fec8413e5d8","settings":{}},"buy_buttons":{"type":"buy_buttons","settings":{"show_dynamic_checkout":true,"show_gift_card_recipient":true}}},"block_order":["vendor","title","price","rating_p74dnU","variant_picker","quantity_selector","custom_liquid_BTd9fq","judge_me_reviews_preview_badge_TM9Qpd","buy_buttons"],"custom_css":[".button {background-color: #00048a; color: #ffffff; width: 300px; margin: auto;}",".jdgm-prev-badge,.product-form__quantity {text-align: center;}",".quantity__label {display: none;}",".quantity {margin: auto;}",".price {text-align: center; align-items: cent;}","@media (min-width: 600px) {.product__info-wrapper {margin: -34.6rem 1rem 0rem 55.4rem; z-index: 1 !important; position: relative; } .button {width: 400px; } .jdgm-prev-badge, .product-form__quantity {text-align: left; } .price {font-size: 30px; text-align: left; }}",".product__info-container {margin: 0;}"],"settings":{"enable_sticky_info":false,"color_scheme":"scheme-5","media_size":"medium","constrain_to_viewport":true,"media_fit":"cover","gallery_layout":"thumbnail_slider","media_position":"left","image_zoom":"none","mobile_thumbnails":"hide","hide_variants":false,"enable_video_looping":false,"padding_top":0,"padding_bottom":0}},"rich_text_gnMVjR":{"type":"rich-text","blocks":{"heading_HQ8QNL":{"type":"heading","settings":{"heading":"Save More","heading_size":"h2"}},"text_kQYy47":{"type":"text","settings":{"text":"<p>With New Year Sale<\/p>"}}},"block_order":["heading_HQ8QNL","text_kQYy47"],"custom_css":[".rich-text__blocks {background: #000000;}",".rich-text__heading {text-align: center; color: #fff; font-size: 46.57px; font-style: normal; font-stretch: semi-condensed; font-weight: 700; line-height: 77%; \/* 34.605px *\/ letter-spacing: -1.798px;}",".rich-text__text {margin-top: 15px; color: #fff; text-align: center; font-family: \"Tiro Devanagari Hindi\"; font-size: 28.39px; font-style: normal; font-weight: 400; line-height: 77%; \/* 17.366px *\/ letter-spacing: -0.677px;}",".rich-text {background-color: #000000;}","@media (min-width: 600px) {}"],"settings":{"desktop_content_position":"center","content_alignment":"center","color_scheme":"scheme-5","full_width":true,"padding_top":56,"padding_bottom":12}},"1724387754a40bbdb1":{"type":"apps","blocks":{"bundler_bundler_target_element_zgMyQQ":{"type":"shopify:\/\/apps\/bundler\/blocks\/bundler-target-element\/7a6ae1b8-3b16-449b-8429-8bb89a62c664","settings":{}}},"block_order":["bundler_bundler_target_element_zgMyQQ"],"custom_css":[".bndlr-bundle-description {color: #ffffff;}",".bndlr-bundle-title {color: #ffffff;}",".bndlr-bundle-checkout-warning {color: #ffffff;}",".bndlr-total-price {color: #ffffff;}",".bndlr-products-container {background-color: #000000;}"],"settings":{"include_margins":true}},"custom_liquid_6gYPdt":{"type":"custom-liquid","settings":{"custom_liquid":"<div style=\"text-align:center;margin-top:-20px\">\n<p style='color:#fff;font-size:20px;margin-top:0px;color:green'><b>Grab 40% Off With This Sale<\/b><\/p>\n<\/div>","color_scheme":"scheme-5","padding_top":0,"padding_bottom":12}},"multicolumn_QrLqkd":{"type":"multicolumn","blocks":{"column_ncckxd":{"type":"column","settings":{"image":"shopify:\/\/shop_images\/Group_1000006451.png","title":"","text":"","link_label":"","link":""}},"column_RJKmQh":{"type":"column","settings":{"image":"shopify:\/\/shop_images\/Group_1000006460.png","title":"","text":"","link_label":"","link":""}},"column_xDzcpe":{"type":"column","settings":{"image":"shopify:\/\/shop_images\/Group_1000006229_1.png","title":"","text":"","link_label":"","link":""}}},"block_order":["column_ncckxd","column_RJKmQh","column_xDzcpe"],"custom_css":[".slider__slide {width: 100%;}"],"settings":{"title":"","heading_size":"h1","image_width":"full","image_ratio":"adapt","columns_desktop":3,"column_alignment":"center","background_style":"none","button_label":"","button_link":"","color_scheme":"scheme-5","columns_mobile":"1","swipe_on_mobile":true,"padding_top":20,"padding_bottom":40}},"slideshow_BU63fK":{"type":"slideshow","blocks":{"slide_AJmQ4z":{"type":"slide","settings":{"image":"shopify:\/\/shop_images\/Group_1000006449.png","heading":"","heading_size":"h1","subheading":"","button_label":"","link":"","button_style_secondary":false,"box_align":"middle-center","show_text_box":false,"text_alignment":"center","image_overlay_opacity":0,"color_scheme":"scheme-5","text_alignment_mobile":"center"}}},"block_order":["slide_AJmQ4z"],"custom_css":["slideshow-component {margin-top: -20px; margin-bottom: -5px; background-color: #000000; \/* padding: 0px 30px; *\/}","@media only screen and (min-width: 600px) {}"],"settings":{"layout":"full_bleed","slide_height":"adapt_image","slider_visual":"counter","auto_rotate":false,"change_slides_speed":5,"image_behavior":"none","show_text_below":false,"accessibility_info":"Slideshow about our brand"}},"collapsible_content_TP9TMJ":{"type":"collapsible-content","blocks":{"collapsible_row_Hwy4y4":{"type":"collapsible_row","settings":{"heading":"Skin Feels & Aroma","icon":"none","row_content":"<p><strong>What does it feel like?<\/strong><\/p><p>Our sunscreen has a light, creamy texture that absorbs into the skin within seconds as it is formulated with lightweight encapsulation technology.<\/p><p><strong>What does it smell like?<\/strong><\/p><p><br\/>By default, our sunscreen is fragrance-free, but it may have a subtle, fresh scent due to the Cica extract.<br\/><\/p>","page":""}},"collapsible_row_cVkAcn":{"type":"collapsible_row","settings":{"heading":"How to use","icon":"none","row_content":"<ul><li>Take a generous amount of sunscreen, about a 2 finger amount for your face and 1 finger amount on your neck.<\/li><li>Dot it on all over your face and neck. <\/li><li>Spread the sunscreen evenly over your entire face, including your neck <\/li><li>Using your fingertips to gently massage it in until fully absorbed. <\/li><li> Allow the sunscreen to set and dry for a few minutes before applying <\/li><li> For optimal protection, reapply every 2 hours if you’re outdoors, especially after sweating or swimming. <\/li><li>Remember to use sunscreen daily, even on cloudy days or when indoors near windows.<\/li><\/ul>","page":""}},"collapsible_row_jjHdU7":{"type":"collapsible_row","settings":{"heading":"Key Ingredients","icon":"none","row_content":"<p>Aqua, Octyl Methoxycinnamate, Avobenzone, Bis-Ethylhexyloxyphenol Methoxyphenyl Triazine, 1,3 Butylene glycol, Diethylhexyl Butamido Triazone, Phospholipids, Ethylhexyl Glycerin, Niacinamide, Centella Asiatica Extract, Glycyrhizza Glabra Root Extract, Glycerine, Urea, Alpha Arbutin, Kojic acid dipalmate, 1,2-Hexanediol, Sodium Hyaluronate, Potassium Hyaluronate, Sodium Hyaluronate Crosspolymer, Sodium Acetylated Hyaluronate, Hydroxypropyltrimonium Hyaluronate, Hydrolyzed Hyaluronic Acid, Hyaluronic Acid, Hydrolyzed Sodium Hyaluronate, Sodium Retinoyl Hyaluronate, Zinc Hydrolyzed Hyaluronate, Ascorbyl Propyl Hydrolyzed Hyaluronate, Ascorbyl Propyl Hyaluronate, Dimethylsilanol Hyaluronate, Pentylene Glycol, Butylene Glycol, Sodium Benzoate, Propanediol, Glyceryl Stearate Citrate, Methyl Methacrylate Crosspolymer, Potassium Sorbate, Tetrahydrodiferuloylmethane, n-Butyl Resorcinol, Polyacrylate Crosspolymer-6, Sodium Gluconate, Sodium Metabisulphite.<\/p>","page":""}},"collapsible_row_GBzmG9":{"type":"collapsible_row","settings":{"heading":"Additional Information","icon":"none","row_content":"<p><strong>GENERIC NAME:<\/strong>  Sunscreen<\/p><p><strong>Dimensions:<\/strong> 4*4*18 cm<\/p><p><strong>BEST BEFORE:<\/strong><br\/>24 Months from the Manufacturing date.<\/p><p><strong>MANUFACTURED BY<\/strong>: Aaroohee Healthcare Private Ltd.<br\/>Sy.No. 751 & 752, Burgula (V), Farooq Nagar (M), R.R.Dist. Telangana - 509 202.<\/p><p><strong>MARKETED BY<\/strong>: BTM Ventures info@reginaldmen.com<br\/>Plot no 194, Survey Of India Ayyappa Society, Survey of India Colony, Chanda Naik Nagar, Madhapur, Hyderabad, Telangana 500081<\/p><p><strong>Mfg License Number: <\/strong>02\/MBNR\/TS\/2021\/C\/G<br\/><br\/><strong>Maximum Retail Price :<\/strong> Rs.850 (inclusive all taxes)<\/p><p><strong>Net Qty:<\/strong> 50grams<\/p><p><strong>If You have any queries:<\/strong><br\/>Email: info@reginaldmen.com<\/p><p>WhatsApp:+91 8374525213<br\/><\/p>","page":""}}},"block_order":["collapsible_row_Hwy4y4","collapsible_row_cVkAcn","collapsible_row_jjHdU7","collapsible_row_GBzmG9"],"custom_css":[".accordion {background-color: rgb(0, 0, 0); \/* backdrop-filter: blur(10px); *\/ border-bottom: 0.5px solid #fff; border-top: 0.5px solid #fff;}",".collapsible-content {margin-top: -10px; background-color: #000000; padding: 0px 30px 0px 30px;}","@media (max-width: 600px) {.collapsible-content__media {display: none; } .collapsible-content__header {display: none; }}","@media (min-width: 600px) {h3 {font-size: 24px; } h2 {font-size: 56.8px; } .grid__item {padding: 10px; margin: 10px 0px 0px 0px; } .collapsible-content__grid-item {margin: 0px !important; }}"],"settings":{"caption":"","heading":"What It Does ?","heading_size":"h1","heading_alignment":"center","layout":"none","color_scheme":"scheme-5","container_color_scheme":"scheme-5","open_first_collapsible_row":true,"image":"shopify:\/\/shop_images\/sunscreen_out_RM_1.png","image_ratio":"adapt","desktop_layout":"image_second","padding_top":44,"padding_bottom":32}},"custom_liquid_mcEN8Q":{"type":"custom-liquid","disabled":true,"custom_css":["@media (max-width: 600px) {form {display: none; }}"],"settings":{"custom_liquid":"<form style='margin:-120px 10px 0px 810px;width:400px;background-color: #000000;' method=\"post\" action=\"\/cart\/add\" id=\"quick-add-template--17276334276788__featured_collection_zTNnGK7517413769396\" accept-charset=\"UTF-8\" class=\"form\" enctype=\"multipart\/form-data\" novalidate=\"novalidate\" data-type=\"add-to-cart-form\"><input type=\"hidden\" name=\"form_type\" value=\"product\"><input type=\"hidden\" name=\"utf8\" value=\"✓\"><input type=\"hidden\" name=\"id\" value=\"43494086934708\" class=\"product-variant-id\">\n                  <button style='font-weight:bold;background-color:#00048A;color:#ffffff' id=\"quick-add-template--17276334276788__featured_collection_zTNnGK7517413769396-submit\" type=\"submit\" name=\"add\" class=\"quick-add__submit button button--full-width button--secondary\" aria-haspopup=\"dialog\" aria-labelledby=\"quick-add-template--17276334276788__featured_collection_zTNnGK7517413769396-submit title-template--17276334276788__featured_collection_zTNnGK-7517413769396\" aria-live=\"polite\" data-sold-out-message=\"true\" fdprocessedid=\"isu2tg\">\n                    <span>Add to cart\n<\/span>\n                    <span class=\"sold-out-message hidden\">\n                      Sold out\n                    <\/span>\n\n<link href=\"\/\/www.reginaldmen.com\/cdn\/shop\/t\/102\/assets\/component-loading-spinner.css?v=116724955567955766481726120372\" rel=\"stylesheet\" type=\"text\/css\" media=\"all\">\n\n<div class=\"loading__spinner hidden\">\n  <svg aria-hidden=\"true\" focusable=\"false\" class=\"spinner\" viewBox=\"0 0 66 66\" xmlns=\"http:\/\/www.w3.org\/2000\/svg\">\n    <circle class=\"path\" fill=\"none\" stroke-width=\"6\" cx=\"33\" cy=\"33\" r=\"30\"><\/circle>\n  <\/svg>\n<\/div>\n<\/button><input type=\"hidden\" name=\"product-id\" value=\"7517413769396\"><input type=\"hidden\" name=\"section-id\" value=\"template--17276334276788__featured_collection_zTNnGK\"><\/form>","color_scheme":"scheme-5","padding_top":32,"padding_bottom":8}},"custom_liquid_94aiFH":{"type":"custom-liquid","disabled":true,"custom_css":["@media (min-width: 600px) {form {display: none; }}"],"settings":{"custom_liquid":"<form style='margin:auto;width:300px;background-color: #000000;' method=\"post\" action=\"\/cart\/add\" id=\"quick-add-template--17276334276788__featured_collection_zTNnGK7517413769396\" accept-charset=\"UTF-8\" class=\"form\" enctype=\"multipart\/form-data\" novalidate=\"novalidate\" data-type=\"add-to-cart-form\"><input type=\"hidden\" name=\"form_type\" value=\"product\"><input type=\"hidden\" name=\"utf8\" value=\"✓\"><input type=\"hidden\" name=\"id\" value=\"43494086934708\" class=\"product-variant-id\">\n                  <button style='font-weight:bold;background-color:#00048A;color:#ffffff' id=\"quick-add-template--17276334276788__featured_collection_zTNnGK7517413769396-submit\" type=\"submit\" name=\"add\" class=\"quick-add__submit button button--full-width button--secondary\" aria-haspopup=\"dialog\" aria-labelledby=\"quick-add-template--17276334276788__featured_collection_zTNnGK7517413769396-submit title-template--17276334276788__featured_collection_zTNnGK-7517413769396\" aria-live=\"polite\" data-sold-out-message=\"true\" fdprocessedid=\"isu2tg\">\n                    <span>Add to cart\n<\/span>\n                    <span class=\"sold-out-message hidden\">\n                      Sold out\n                    <\/span>\n\n<link href=\"\/\/www.reginaldmen.com\/cdn\/shop\/t\/102\/assets\/component-loading-spinner.css?v=116724955567955766481726120372\" rel=\"stylesheet\" type=\"text\/css\" media=\"all\">\n\n<div class=\"loading__spinner hidden\">\n  <svg aria-hidden=\"true\" focusable=\"false\" class=\"spinner\" viewBox=\"0 0 66 66\" xmlns=\"http:\/\/www.w3.org\/2000\/svg\">\n    <circle class=\"path\" fill=\"none\" stroke-width=\"6\" cx=\"33\" cy=\"33\" r=\"30\"><\/circle>\n  <\/svg>\n<\/div>\n<\/button><input type=\"hidden\" name=\"product-id\" value=\"7517413769396\"><input type=\"hidden\" name=\"section-id\" value=\"template--17276334276788__featured_collection_zTNnGK\"><\/form>","color_scheme":"scheme-5","padding_top":20,"padding_bottom":40}},"multicolumn_8qT97A":{"type":"multicolumn","blocks":{"column_abAyiP":{"type":"column","settings":{"image":"shopify:\/\/shop_images\/Group_1000003906_1.png","title":"","text":"","link_label":"","link":""}}},"block_order":["column_abAyiP"],"custom_css":["div {display: block; margin: 0 auto; height: 100%;}",".multicolumn-card__info {display: none;}",".center {display: block; margin-top: -120px; margin-bottom: 60px;}",".button {color: #fff; width: 300px; margin-top: 36px; border-radius: 8.372px; background: #00048a;}"],"settings":{"title":"","heading_size":"h1","image_width":"full","image_ratio":"adapt","columns_desktop":1,"column_alignment":"left","background_style":"primary","button_label":"Take the Quiz","button_link":"https:\/\/www.reginaldmen.com\/?utm_source=Quiz&utm_medium=home_direct&utm_campaign=SkinTest#quiz-gWH2J3","color_scheme":"scheme-5","columns_mobile":"1","swipe_on_mobile":false,"padding_top":36,"padding_bottom":36}},"rich_text_y6fb44":{"type":"rich-text","blocks":{"heading_h4i4hj":{"type":"heading","settings":{"heading":"The Proof","heading_size":"h1"}},"text_KfmTU8":{"type":"text","settings":{"text":"<p>Customer Study<\/p>"}}},"block_order":["heading_h4i4hj","text_KfmTU8"],"custom_css":[".rich-text__blocks {background: #000000;}",".rich-text__heading {text-align: center; color: #fff; font-size: 56.57px; font-style: normal; font-stretch: semi-condensed; font-weight: 700; line-height: 77%; \/* 34.605px *\/ letter-spacing: -1.798px;}",".rich-text__text {margin-top: 15px; color: #fff; text-align: center; font-family: \"Tiro Devanagari Hindi\"; font-size: 28.39px; font-style: normal; font-weight: 400; line-height: 77%; \/* 17.366px *\/ letter-spacing: -0.677px;}",".rich-text {background-color: #000000;}","@media (min-width: 600px) {}"],"settings":{"desktop_content_position":"center","content_alignment":"center","color_scheme":"scheme-5","full_width":true,"padding_top":84,"padding_bottom":36}},"slideshow_q7nrqR":{"type":"slideshow","blocks":{"slide_zjLhpp":{"type":"slide","settings":{"image":"shopify:\/\/shop_images\/Frame_1000005611_1.png","heading":"","heading_size":"h1","subheading":"","button_label":"","link":"","button_style_secondary":false,"box_align":"middle-center","show_text_box":false,"text_alignment":"center","image_overlay_opacity":0,"color_scheme":"scheme-5","text_alignment_mobile":"center"}}},"block_order":["slide_zjLhpp"],"settings":{"layout":"full_bleed","slide_height":"adapt_image","slider_visual":"counter","auto_rotate":false,"change_slides_speed":5,"image_behavior":"none","show_text_below":true,"accessibility_info":"Slideshow about our brand"}},"custom_liquid_A9VFyh":{"type":"custom-liquid","custom_css":["@media (max-width: 600px) {form {display: none; }}"],"settings":{"custom_liquid":"<form style='margin:-250px 10px 0px 330px;width:400px;background-color: #000000;' method=\"post\" action=\"\/cart\/add\" id=\"quick-add-template--17276334276788__featured_collection_zTNnGK7517413769396\" accept-charset=\"UTF-8\" class=\"form\" enctype=\"multipart\/form-data\" novalidate=\"novalidate\" data-type=\"add-to-cart-form\"><input type=\"hidden\" name=\"form_type\" value=\"product\"><input type=\"hidden\" name=\"utf8\" value=\"✓\"><input type=\"hidden\" name=\"id\" value=\"43494086934708\" class=\"product-variant-id\">\n                  <button style='background-color:#00048A;color:#ffffff;font-weight:bold' id=\"quick-add-template--17276334276788__featured_collection_zTNnGK7517413769396-submit\" type=\"submit\" name=\"add\" class=\"quick-add__submit button button--full-width button--secondary\" aria-haspopup=\"dialog\" aria-labelledby=\"quick-add-template--17276334276788__featured_collection_zTNnGK7517413769396-submit title-template--17276334276788__featured_collection_zTNnGK-7517413769396\" aria-live=\"polite\" data-sold-out-message=\"true\" fdprocessedid=\"isu2tg\">\n                    <span>Add to cart\n<\/span>\n                    <span class=\"sold-out-message hidden\">\n                      Sold out\n                    <\/span>\n\n<link href=\"\/\/www.reginaldmen.com\/cdn\/shop\/t\/102\/assets\/component-loading-spinner.css?v=116724955567955766481726120372\" rel=\"stylesheet\" type=\"text\/css\" media=\"all\">\n\n<div class=\"loading__spinner hidden\">\n  <svg aria-hidden=\"true\" focusable=\"false\" class=\"spinner\" viewBox=\"0 0 66 66\" xmlns=\"http:\/\/www.w3.org\/2000\/svg\">\n    <circle class=\"path\" fill=\"none\" stroke-width=\"6\" cx=\"33\" cy=\"33\" r=\"30\"><\/circle>\n  <\/svg>\n<\/div>\n<\/button><input type=\"hidden\" name=\"product-id\" value=\"7517413769396\"><input type=\"hidden\" name=\"section-id\" value=\"template--17276334276788__featured_collection_zTNnGK\"><\/form>","color_scheme":"scheme-5","padding_top":16,"padding_bottom":8}},"slideshow_7dqHRq":{"type":"slideshow","blocks":{"slide_6LtCmN":{"type":"slide","settings":{"image":"shopify:\/\/shop_images\/Group_1000006153_1.png","heading":"","heading_size":"h1","subheading":"","button_label":"","link":"","button_style_secondary":false,"box_align":"middle-center","show_text_box":false,"text_alignment":"center","image_overlay_opacity":0,"color_scheme":"scheme-5","text_alignment_mobile":"center"}}},"block_order":["slide_6LtCmN"],"custom_css":[".slideshow {margin-bottom: -10px;}"],"settings":{"layout":"full_bleed","slide_height":"adapt_image","slider_visual":"counter","auto_rotate":false,"change_slides_speed":5,"image_behavior":"none","show_text_below":false,"accessibility_info":"Slideshow about our brand"}},"custom_liquid_RckY49":{"type":"custom-liquid","disabled":true,"custom_css":["@media (min-width: 600px) {form {display: none; }}"],"settings":{"custom_liquid":"<form style='margin:auto;width:300px;background-color: #000000;' method=\"post\" action=\"\/cart\/add\" id=\"quick-add-template--17276334276788__featured_collection_zTNnGK7517413769396\" accept-charset=\"UTF-8\" class=\"form\" enctype=\"multipart\/form-data\" novalidate=\"novalidate\" data-type=\"add-to-cart-form\"><input type=\"hidden\" name=\"form_type\" value=\"product\"><input type=\"hidden\" name=\"utf8\" value=\"✓\"><input type=\"hidden\" name=\"id\" value=\"43494086934708\" class=\"product-variant-id\">\n                  <button style='font-weight:bold;background-color:#00048A;color:#ffffff' id=\"quick-add-template--17276334276788__featured_collection_zTNnGK7517413769396-submit\" type=\"submit\" name=\"add\" class=\"quick-add__submit button button--full-width button--secondary\" aria-haspopup=\"dialog\" aria-labelledby=\"quick-add-template--17276334276788__featured_collection_zTNnGK7517413769396-submit title-template--17276334276788__featured_collection_zTNnGK-7517413769396\" aria-live=\"polite\" data-sold-out-message=\"true\" fdprocessedid=\"isu2tg\">\n                    <span>Add to cart\n<\/span>\n                    <span class=\"sold-out-message hidden\">\n                      Sold out\n                    <\/span>\n\n<link href=\"\/\/www.reginaldmen.com\/cdn\/shop\/t\/102\/assets\/component-loading-spinner.css?v=116724955567955766481726120372\" rel=\"stylesheet\" type=\"text\/css\" media=\"all\">\n\n<div class=\"loading__spinner hidden\">\n  <svg aria-hidden=\"true\" focusable=\"false\" class=\"spinner\" viewBox=\"0 0 66 66\" xmlns=\"http:\/\/www.w3.org\/2000\/svg\">\n    <circle class=\"path\" fill=\"none\" stroke-width=\"6\" cx=\"33\" cy=\"33\" r=\"30\"><\/circle>\n  <\/svg>\n<\/div>\n<\/button><input type=\"hidden\" name=\"product-id\" value=\"7517413769396\"><input type=\"hidden\" name=\"section-id\" value=\"template--17276334276788__featured_collection_zTNnGK\"><\/form>","color_scheme":"scheme-5","padding_top":0,"padding_bottom":0}},"slideshow_WM98fF":{"type":"slideshow","blocks":{"slide_PAVEYy":{"type":"slide","settings":{"image":"shopify:\/\/shop_images\/Winters_B_2_Sunscreens_bf_static_story_151124_8.png","heading":"","heading_size":"h1","subheading":"","button_label":"","link":"","button_style_secondary":false,"box_align":"middle-center","show_text_box":false,"text_alignment":"center","image_overlay_opacity":0,"color_scheme":"scheme-5","text_alignment_mobile":"center"}}},"block_order":["slide_PAVEYy"],"settings":{"layout":"full_bleed","slide_height":"adapt_image","slider_visual":"counter","auto_rotate":false,"change_slides_speed":5,"image_behavior":"none","show_text_below":false,"accessibility_info":"Slideshow about our brand"}},"custom_liquid_QKfqJL":{"type":"custom-liquid","settings":{"custom_liquid":"<div style=\"text-align:center;margin-top:-190px;position:sticky\" >\n<button style='background-color:#000E8B;color:#ffffff;width:76%;padding:15px 10px;border:none;border-radius:10px;font-weight:bold;font-size:16px;cursor:pointer;' class='addtocartsss' id=\"add-to-cart\">\n            ADD TO CART\n<\/button>\n<\/div>","color_scheme":"scheme-5","padding_top":40,"padding_bottom":52}},"17268535584d6e11c1":{"type":"apps","blocks":{"judge_me_reviews_review_widget_Ycgbrd":{"type":"shopify:\/\/apps\/judge-me-reviews\/blocks\/review_widget\/61ccd3b1-a9f2-4160-9fe9-4fec8413e5d8","settings":{}}},"block_order":["judge_me_reviews_review_widget_Ycgbrd"],"custom_css":[],"settings":{"include_margins":true}},"slideshow_QETVaK":{"type":"slideshow","blocks":{"slide_4hAT8U":{"type":"slide","settings":{"image":"shopify:\/\/shop_images\/Group_1000006541.png","heading":"","heading_size":"h1","subheading":"","button_label":"","link":"","button_style_secondary":false,"box_align":"middle-center","show_text_box":false,"text_alignment":"center","image_overlay_opacity":0,"color_scheme":"scheme-5","text_alignment_mobile":"center"}}},"block_order":["slide_4hAT8U"],"custom_css":[".slideshow {padding-top: 30px; background-color: #000000;}"],"settings":{"layout":"full_bleed","slide_height":"adapt_image","slider_visual":"counter","auto_rotate":false,"change_slides_speed":5,"image_behavior":"none","show_text_below":false,"accessibility_info":"Slideshow about our brand"}},"slideshow_AXdwWd":{"type":"slideshow","blocks":{"slide_DVkVJ4":{"type":"slide","settings":{"image":"shopify:\/\/shop_images\/Frame_1000005472_1.png","heading":"","heading_size":"h1","subheading":"","button_label":"","link":"","button_style_secondary":false,"box_align":"middle-center","show_text_box":false,"text_alignment":"center","image_overlay_opacity":0,"color_scheme":"scheme-5","text_alignment_mobile":"center"}}},"block_order":["slide_DVkVJ4"],"settings":{"layout":"full_bleed","slide_height":"adapt_image","slider_visual":"counter","auto_rotate":false,"change_slides_speed":5,"image_behavior":"none","show_text_below":false,"accessibility_info":"Slideshow about our brand"}},"related-products":{"type":"related-products","disabled":true,"settings":{"heading":"You may also like","heading_size":"h2","products_to_show":4,"columns_desktop":4,"color_scheme":"scheme-1","image_ratio":"square","image_shape":"default","show_secondary_image":true,"show_vendor":false,"show_rating":false,"columns_mobile":"2","padding_top":36,"padding_bottom":28}}},"order":["slideshow_8D3kKm","slideshow_6AAX7Q","multicolumn_MfK4TC","slideshow_xVDDQt","main","rich_text_gnMVjR","1724387754a40bbdb1","custom_liquid_6gYPdt","multicolumn_QrLqkd","slideshow_BU63fK","collapsible_content_TP9TMJ","custom_liquid_mcEN8Q","custom_liquid_94aiFH","multicolumn_8qT97A","rich_text_y6fb44","slideshow_q7nrqR","custom_liquid_A9VFyh","slideshow_7dqHRq","custom_liquid_RckY49","slideshow_WM98fF","custom_liquid_QKfqJL","17268535584d6e11c1","slideshow_QETVaK","slideshow_AXdwWd","related-products"]}