{"sections":{"multicolumn_ikki4B":{"type":"multicolumn","blocks":{"column_KnLjfw":{"type":"column","settings":{"image":"shopify:\/\/shop_images\/Frame_1000005547_1_dac3be0a-02db-4b36-9874-9e1d70a3ed75.png","title":"","text":"","link_label":"","link":""}}},"block_order":["column_KnLjfw"],"custom_css":[".slider__slide {width: 100%;}",".contains-content-container {padding: 0px !important;}"],"settings":{"title":"","heading_size":"h1","image_width":"full","image_ratio":"adapt","columns_desktop":1,"column_alignment":"left","background_style":"none","button_label":"","button_link":"","color_scheme":"scheme-5","columns_mobile":"1","swipe_on_mobile":true,"padding_top":0,"padding_bottom":0}},"custom_liquid_Lkrxck":{"type":"custom-liquid","settings":{"custom_liquid":"<div class=\"p_head\" class=\"p_head\" style=\"padding:0px 15px;margin-top:-30px;text-align:center\">\n<h1 style='font-size:48px;margin:-15px 0px -30px 0px;'>Better Than<\/h1><br>\n<p style=\"padding:0 8px;font-size:22px;margin-top:-10px;color:#fff\">Your Complicated Old Routines<\/p>\n      <div style=\"display:flex;flex-wrap:wrap;justify-content:center;gap:4px;font-size:8px;margin-top:-20px;\">\n      <span style=\"gap:.4rem;background-color:white;color:#010118;font-weight:600;padding:5px 10px;border-radius:25px;width:155px\">Simplified 3-Step Routine<\/span>\n      <span style=\"gap:.4rem;background-color:white;color:#010118;font-weight:600;padding:5px 10px;border-radius:25px;width:155px\"> Improves Overall Skinhealth<\/span>\n      <span style=\"gap:.4rem;background-color:white;color:#010118;font-weight:600;padding:5px 10px;border-radius:25px;width:155px\">Suits Every Skin Type<\/span>\n      <span style=\"gap:.4rem;background-color:white;color:#010118;font-weight:600;padding:5px 10px;border-radius:25px;width:155px\">Results In 90 Days<\/span>\n      <\/div>\n      <\/div>","color_scheme":"scheme-5","padding_top":48,"padding_bottom":12}},"main":{"type":"main-product","blocks":{"vendor":{"type":"text","disabled":true,"settings":{"text":"{{ product.vendor }}","text_style":"uppercase"}},"title":{"type":"title","disabled":true,"settings":{}},"judge_me_reviews_preview_badge_TM9Qpd":{"type":"shopify:\/\/apps\/judge-me-reviews\/blocks\/preview_badge\/61ccd3b1-a9f2-4160-9fe9-4fec8413e5d8","disabled":true,"settings":{}},"custom_liquid_hDViWJ":{"type":"custom_liquid","disabled":true,"settings":{"custom_liquid":"<div style=\"font-size:2.4rem;carousel:pointer\"><h2>Super Saver September !!!<\/h2><\/div>\n<div  style=\"margin-top:20px;font-size:1.3rem;font-family:Noto Sans R; padding:10px;line-height:22px;background-color: rgb(255, 255, 255);color:#000000;border-radius:10px;\">\n<p style=\"margin:10px 10px;\">\nPay only for first month  <strong style='color:#000E8B'>Now @ 999 + No cost EMI for the rest 2 months.<\/strong><br> <strong style=\"color:green\">To get this offer use SnapMint at Checkout. <\/strong>\n<\/p>\n<\/div>"}},"text_LDTMGJ":{"type":"text","settings":{"text":"<strong>You'll get Cleanser, Sunscreen, Serum & Lipbalm<\/strong>","text_style":"body"}},"text_YXKk9M":{"type":"text","disabled":true,"settings":{"text":"Exclusive price for 3 months supplies","text_style":"subtitle"}},"price":{"type":"price","settings":{}},"rating_p74dnU":{"type":"rating","settings":{}},"variant_picker":{"type":"variant_picker","disabled":true,"settings":{"picker_type":"button","swatch_shape":"circle"}},"quantity_selector":{"type":"quantity_selector","disabled":true,"settings":{}},"buy_buttons":{"type":"buy_buttons","settings":{"show_dynamic_checkout":true,"show_gift_card_recipient":true}},"custom_liquid_TcgiMC":{"type":"custom_liquid","disabled":true,"settings":{"custom_liquid":"<p style='font-weight:bold;color:#ffffff'>₹999 X 3 = ₹2997 \/ 3months <\/p>"}}},"block_order":["vendor","title","judge_me_reviews_preview_badge_TM9Qpd","custom_liquid_hDViWJ","text_LDTMGJ","text_YXKk9M","price","rating_p74dnU","variant_picker","quantity_selector","buy_buttons","custom_liquid_TcgiMC"],"custom_css":[".grid__item.product__media-wrapper {display: none;}",".product {justify-content: center;}","button {color: white; background-color: #00048a;}",".product {text-align: center;}"],"settings":{"enable_sticky_info":true,"color_scheme":"scheme-5","media_size":"medium","constrain_to_viewport":true,"media_fit":"contain","gallery_layout":"thumbnail_slider","media_position":"left","image_zoom":"none","mobile_thumbnails":"hide","hide_variants":false,"enable_video_looping":false,"padding_top":20,"padding_bottom":0}},"multicolumn_BRLAJw":{"type":"multicolumn","blocks":{"column_zzyWd4":{"type":"column","settings":{"image":"shopify:\/\/shop_images\/Frame_1000005542_5.png","title":"","text":"","link_label":"","link":""}}},"block_order":["column_zzyWd4"],"custom_css":["#Slider-template--17549523452084__multicolumn_BRLAJw {margin: 0; padding: 0; z-index: -1; margin-bottom: -80px;}"],"settings":{"title":"","heading_size":"h1","image_width":"full","image_ratio":"adapt","columns_desktop":1,"column_alignment":"center","background_style":"none","button_label":"","button_link":"","color_scheme":"scheme-5","columns_mobile":"1","swipe_on_mobile":false,"padding_top":0,"padding_bottom":0}},"rich_text_6ADhyB":{"type":"rich-text","blocks":{"heading_Y6jG6H":{"type":"heading","settings":{"heading":"Why People","heading_size":"h1"}},"text_tQi4XB":{"type":"text","settings":{"text":"<p>Love Us?<\/p>"}}},"block_order":["heading_Y6jG6H","text_tQi4XB"],"disabled":true,"custom_css":[".rich-text__heading {text-align: center; color: #fff; font-size: 56.57px; font-style: normal; font-stretch: semi-condensed; font-weight: 700; line-height: 77%; \/* 34.605px *\/ letter-spacing: -1.798px;}",".rich-text__text {margin-top: 15px; color: #fff; text-align: center; font-family: \"Tiro Devanagari Hindi\"; font-size: 32px; font-style: normal; font-weight: 500; line-height: 77%; \/* 17.366px *\/ letter-spacing: -0.677px;}",".rich-text {background-color: #000000;}"],"settings":{"desktop_content_position":"center","content_alignment":"center","color_scheme":"scheme-5","full_width":true,"padding_top":20,"padding_bottom":40}},"multicolumn_QrLqkd":{"type":"multicolumn","blocks":{"column_xDzcpe":{"type":"column","settings":{"image":"shopify:\/\/shop_images\/Frame_1000004774.png","title":"","text":"","link_label":"","link":""}},"column_XAndMR":{"type":"column","settings":{"image":"shopify:\/\/shop_images\/Group_1000004078.png","title":"","text":"","link_label":"","link":""}},"column_9W79jJ":{"type":"column","settings":{"image":"shopify:\/\/shop_images\/Frame_1000004774_2_de035c9a-7ebd-42dc-a44f-6784f34b110d.png","title":"","text":"","link_label":"","link":""}},"column_rJRtPC":{"type":"column","settings":{"image":"shopify:\/\/shop_images\/Group_1000004076.png","title":"","text":"","link_label":"","link":""}}},"block_order":["column_xDzcpe","column_XAndMR","column_9W79jJ","column_rJRtPC"],"disabled":true,"custom_css":[".multicolumn {background-color: #000000; padding-left: 30px;}"],"settings":{"title":"","heading_size":"h1","image_width":"full","image_ratio":"adapt","columns_desktop":4,"column_alignment":"center","background_style":"none","button_label":"","button_link":"","color_scheme":"scheme-5","columns_mobile":"1","swipe_on_mobile":true,"padding_top":0,"padding_bottom":20}},"slideshow_BU63fK":{"type":"slideshow","blocks":{"slide_AJmQ4z":{"type":"slide","settings":{"image":"shopify:\/\/shop_images\/Group_1000006226.png","heading":"","heading_size":"h1","subheading":"","button_label":"","link":"","button_style_secondary":false,"box_align":"middle-center","show_text_box":false,"text_alignment":"center","image_overlay_opacity":0,"color_scheme":"scheme-5","text_alignment_mobile":"center"}}},"block_order":["slide_AJmQ4z"],"disabled":true,"custom_css":["slideshow-component {margin-top: 0px; margin-bottom: -5px; background-color: #000000;}","@media only screen and (min-width: 600px) {}"],"settings":{"layout":"full_bleed","slide_height":"adapt_image","slider_visual":"counter","auto_rotate":false,"change_slides_speed":5,"image_behavior":"none","show_text_below":false,"accessibility_info":"Slideshow about our brand"}},"custom_liquid_aJLwzJ":{"type":"custom-liquid","disabled":true,"custom_css":[".form {background-color: #000000;}"],"settings":{"custom_liquid":"<a  class='snapmint_widget' style='width:300px;margin:auto;margin-top:-15px;background-color: #000000;text-decoration:none;' href=\"https:\/\/bdd61b-2.myshopify.com\/cart\/add?id=43594840342708&quantity=1\" ><p style=\"width:300px;margin:auto;margin-top:-15px;;padding:1.2rem;font-size:18px;font-weight:500;text-align:center;padding:1rem;border-radius:1rem;font-family:Noto Sans SB;background-color:#000E8B;color:#ffffff\">Add To Cart<\/p><\/a>","color_scheme":"scheme-5","padding_top":36,"padding_bottom":20}},"collapsible_content_TP9TMJ":{"type":"collapsible-content","blocks":{"collapsible_row_cVkAcn":{"type":"collapsible_row","settings":{"heading":"How to use","icon":"none","row_content":"<p><strong>Cleanse<\/strong><\/p><p><strong>with Apollo - Brightening Face & Beard Wash<\/strong><\/p><ul><li>Wet your face and beard with lukewarm water.<\/li><li>Pump a small amount of facewash into your hands and lather.<\/li><li>Gently massage the cleanser onto your face and beard.<\/li><li>Rinse thoroughly with lukewarm water.<\/li><li>Pat your face and beard dry with a clean towel.<\/li><\/ul><p><\/p><p><strong>Treat<\/strong><\/p><p><strong>with Hermes - All In One Serum <\/strong><\/p><ul><li>Just 3-4 drops are all you need. <\/li><li>Make sure your hands are clean- avoid dirty fingers before using.<\/li><li>Drop the serum onto your face and gently massage it. <\/li><li>Don’t forget your beard—get those corners too. It absorbs in just a minute. <\/li><li>Seal this serum with a good moisturizer, and you’re all set.<\/li><\/ul><p><\/p><p><strong>Protect<\/strong><\/p><p><br\/><strong>with Helios - Moisturizing Sunscreen<\/strong><\/p><ul><li>Take a generous amount of sunscreen, about a 2 finger amount for your face and 1 finger amount on your neck.<br\/><\/li><li>Dot it on all over your face and neck. <br\/>Spread the sunscreen evenly over your entire face, including your neck <br\/>Using your fingertips to gently massage it in until fully absorbed. <br\/><\/li><li>Allow the sunscreen to set and dry for a few minutes before applying <br\/>For optimal protection, reapply every 2 hours if you’re outdoors, especially after sweating or swimming. <br\/><\/li><li>Remember to use sunscreen daily, even on cloudy days or when indoors near windows.<\/li><\/ul><p><\/p><p><strong>Heal<br\/><br\/>with Zeus - Lip Lightening Balm<\/strong><br\/><br\/><\/p><ul><li>Just 3-4 drops are all you need. <br\/><\/li><li>Start by washing your face and pat it dry. <br\/><\/li><li>Make sure your hands are clean- avoid dirty fingers before using.<br\/><\/li><li>Drop the serum onto your face and gently massage it. <br\/><\/li><li>Don’t forget your beard—get those corners too. <br\/><\/li><li>It absorbs in just a minute. Seal this serum with a good moisturizer, and you’re all set. <\/li><\/ul><p><\/p><p>Use it twice a day, morning and night, for best results. <br\/>Easy routine, but effective!<\/p>","page":""}},"collapsible_row_jjHdU7":{"type":"collapsible_row","settings":{"heading":"Key Ingredients","icon":"none","row_content":"<p><strong>Apollo - Brightening Face & Beard Wash<\/strong><\/p><ul><li>Hyaluronic Acid: Sourced from Derry, USA. Hydrates the Skin. Fine line reduction. Intense moisturization. <\/li><li>Panthenol: Sourced from Switzerland. Also known as pro-vitamin B5, that hydrates and soothes the skin from day 4. It improves skin barrier function, reduces water loss, and promotes overall skin health and resilience. <\/li><li>Cranberry Enzyme: Sourced from France. Has exfoliating properties that gently removes dead skin cells, unclog pores, and promote a brighter complexion. They can also have antioxidant benefits, protecting the skin from environmental damage.<\/li><li>Allantoin: Sourced from Switzerland. Helps to calm irritated skin, reduce redness, and promote skin regeneration. It improves skin texture and overall appearance from week 2.<br\/><\/li><\/ul><p><strong>Hermes - all in one serum<\/strong><\/p><ul><li><strong>Potassium Azeloyl Diglycinat<\/strong>e: Sourced from Korea -Hyperpigmentation, Redness, Excess oil Production.<\/li><li><strong>Succinic Acid<\/strong>: Sourced from Spain - Fights acne-causing bacteria, Inflammation, Reduces Skin texture<\/li><li><strong>Betaine<\/strong>: Sourced from Finland - Hydration, Enhances elasticity, Soothes dry, irritated skin<\/li><li><strong>Alpha Arbutin<\/strong>: Sourced from China - lnhibits melanin production, Targets dark spots dipotassium.<br\/><\/li><\/ul><p><br\/><br\/><strong>Helios - Moisturizing Sunscreen<\/strong><\/p><ul><li>Cica Extract: Sourced from KoreaReduces redness, inflammation, Suitable for sensitive or easily irritated skin types <br\/>Urea: Sourced from Germany. Intense hydration of skin, Exfoliation. <\/li><li>Kojic Acid Dipalmitate: Sourced from China. Reduces dark spots, Hyperpigmentation, Brightens Skin & Reduces Tan <\/li><li>Nano Glycerin: Sourced from Sweden Maintains skin moisture levels, Prevent dryness, Improve skin texture<\/li><\/ul><p><br\/><strong>Zeus - Lip Lightening Balm<\/strong><\/p><ul><li><strong>Shea Butter<\/strong>: Deeply moisturizes and nourishes the lips. It contains vitamins A and E, which help in healing and maintaining soft, supple lips, essential for lightening by keeping the lips hydrated and healthy.<\/li><li><strong>Mango Butter<\/strong>: Rich in antioxidants and vitamins, mango butter hydrates and softens the lips, helping to restore the natural color by healing dryness and damage.<\/li><li><strong>Kojic Acid Dipalmitate<\/strong>: A skin-lightening agent that works by inhibiting melanin production, reducing pigmentation, and lightening dark or discolored lips over time.<\/li><li><strong>Sweet Almond Oil<\/strong>: A natural emollient rich in vitamins and fatty acids, sweet almond oil helps moisturize and repair dry or damaged lips, supporting overall lip health and reducing hyperpigmentation.<\/li><\/ul>","page":""}},"collapsible_row_Hwy4y4":{"type":"collapsible_row","settings":{"heading":"Skin Feels & Aroma","icon":"none","row_content":"<p><strong>Apollo - Brightening Face & Beard Wash<\/strong><\/p><ul><li>What does it feel like?<br\/>Our facewash has a water-like consistency and lathers easily.<br\/>What does it smell like?<\/li><li>Our facewash has a natural earthy and musky smell from the cranberry enzyme we use. We avoid adding fragrances to our products because they can cause irritation.<\/li><\/ul><p><br\/><strong>Hermes - all in one serum<\/strong><\/p><ul><li><strong>What does it feel like?<\/strong><br\/>Water - Due to its particular unique water technology formulation, which is formulated for men's preferences, it absorbs more quickly and leaves no oily or sticky<\/li><li><strong>What does it smell like?<\/strong><br\/>Our serum has a gasoline-like scent, although we haven't incorporated any fragrances due to their potential to cause irritations. We prioritize effectiveness over aesthetics, ensuring that our serum surpasses other products on the market in terms of performance and results<br\/><\/li><\/ul><p><br\/><strong>Helios - Moisturizing Sunscreen<\/strong><\/p><ul><li>What does it feel like?<br\/>Our sunscreen has a light, creamy texture that absorbs into the skin within seconds as it is formulated with lightweight encapsulation technology.<\/li><li>What does it smell like?<br\/>By default, our sunscreen is fragrance-free, but it may have a subtle, fresh scent due to the cica extract.<br\/><\/li><\/ul><p><strong>Zeus - Lip Lightening Serum<\/strong><\/p><ul><li>What does it feel like?<br\/>Our lip serum has a balm-like texture that melts smoothly onto your lips upon application, leaving no greasy or clumpy residue.<\/li><li>What does it smell like?<br\/>Our lip serum has a natural chocolate flavor that's edible and smells irresistibly like chocolate.<\/li><\/ul>","page":""}}},"block_order":["collapsible_row_cVkAcn","collapsible_row_jjHdU7","collapsible_row_Hwy4y4"],"custom_css":["h3 {font-size: 18.66px;}",".accordion {background-color: rgb(0, 0, 0); \/* backdrop-filter: blur(10px); *\/ border-bottom: 0.5px solid #fff; border-top: 0.5px solid #fff;}",".collapsible-content {margin-top: -120px; background-color: #000000; padding: 0px 20px 0px 20px;}"],"settings":{"caption":"","heading":"","heading_size":"h1","heading_alignment":"center","layout":"none","color_scheme":"scheme-5","container_color_scheme":"scheme-5","open_first_collapsible_row":false,"image_ratio":"adapt","desktop_layout":"image_second","padding_top":0,"padding_bottom":32}},"multicolumn_7miUJm":{"type":"multicolumn","blocks":{"column_BJBDaN":{"type":"column","settings":{"image":"shopify:\/\/shop_images\/image_17891_fbbbb839-e8c9-4edd-89d8-d1df8528dc15.png","title":"","text":"","link_label":"","link":""}},"column_g6NGGc":{"type":"column","settings":{"image":"shopify:\/\/shop_images\/image_17892_02b5edd0-1c5e-4b7d-aa40-1f59dba2f5ac.png","title":"","text":"","link_label":"","link":""}},"column_aNKBN3":{"type":"column","settings":{"image":"shopify:\/\/shop_images\/image_17893_154f6c20-0408-42da-bd9b-bb4bbdc7721a.png","title":"","text":"","link_label":"","link":""}}},"block_order":["column_BJBDaN","column_g6NGGc","column_aNKBN3"],"settings":{"title":"","heading_size":"h1","image_width":"full","image_ratio":"adapt","columns_desktop":3,"column_alignment":"center","background_style":"none","button_label":"","button_link":"","color_scheme":"scheme-5","columns_mobile":"1","swipe_on_mobile":true,"padding_top":36,"padding_bottom":36}},"rich_text_gnMVjR":{"type":"rich-text","blocks":{"heading_HQ8QNL":{"type":"heading","settings":{"heading":"Simple","heading_size":"h1"}},"text_kQYy47":{"type":"text","settings":{"text":"<p>but better<\/p>"}}},"block_order":["heading_HQ8QNL","text_kQYy47"],"custom_css":[".rich-text__blocks {background: #000000;}",".rich-text__heading {text-align: center; color: #fff; font-size: 56.57px; font-style: normal; font-stretch: semi-condensed; font-weight: 700; line-height: 77%; \/* 34.605px *\/ letter-spacing: -1.798px;}",".rich-text__text {margin-top: 6px; color: #fff; text-align: center; font-family: \"Tiro Devanagari Hindi\"; font-size: 28.39px; font-style: normal; font-weight: 400; line-height: 77%; \/* 17.366px *\/ letter-spacing: -0.677px;}",".rich-text {background-color: #000000;}"],"settings":{"desktop_content_position":"center","content_alignment":"center","color_scheme":"scheme-5","full_width":true,"padding_top":56,"padding_bottom":0}},"multicolumn_ryNBpN":{"type":"multicolumn","blocks":{"column_78qx7E":{"type":"column","settings":{"image":"shopify:\/\/shop_images\/Frame_1000005546_10de0998-21f6-4aa2-9a67-20ee16394fde.png","title":"","text":"","link_label":"","link":""}}},"block_order":["column_78qx7E"],"settings":{"title":"","heading_size":"h1","image_width":"full","image_ratio":"adapt","columns_desktop":3,"column_alignment":"center","background_style":"none","button_label":"","button_link":"","color_scheme":"scheme-5","columns_mobile":"1","swipe_on_mobile":false,"padding_top":36,"padding_bottom":36}},"rich_text_NfPJiA":{"type":"rich-text","blocks":{"button_cLi4eN":{"type":"button","settings":{"button_label":"ADD TO CART","button_link":"https:\/\/reginaldmen.com\/cart\/add?id=43777214873780&quantity=1","button_style_secondary":false,"button_label_2":"","button_link_2":"","button_style_secondary_2":false}}},"block_order":["button_cLi4eN"],"disabled":true,"custom_css":[".button {width: 100%; color: white; background-color: #00048a;}"],"settings":{"desktop_content_position":"center","content_alignment":"center","color_scheme":"scheme-5","full_width":true,"padding_top":40,"padding_bottom":52}},"17350629058dc42fc0":{"type":"apps","blocks":{"judge_me_reviews_featured_carousel_mazm4M":{"type":"shopify:\/\/apps\/judge-me-reviews\/blocks\/featured_carousel\/61ccd3b1-a9f2-4160-9fe9-4fec8413e5d8","settings":{"maxwidth":1080}}},"block_order":["judge_me_reviews_featured_carousel_mazm4M"],"disabled":true,"custom_css":[".jdgm-carousel-item {color: white; background-color: #00048a; border-radius: 10px; margin: 0;}","* {color: white;}"],"settings":{"include_margins":true}},"multicolumn_QPBNRf":{"type":"multicolumn","blocks":{"column_B7WxRG":{"type":"column","settings":{"image":"shopify:\/\/shop_images\/Frame_1000005544_0b75c98a-8871-4676-839a-bc0c4bbe3888.png","title":"","text":"","link_label":"","link":""}}},"block_order":["column_B7WxRG"],"disabled":true,"settings":{"title":"","heading_size":"h1","image_width":"full","image_ratio":"adapt","columns_desktop":3,"column_alignment":"center","background_style":"none","button_label":"","button_link":"","color_scheme":"scheme-5","columns_mobile":"1","swipe_on_mobile":false,"padding_top":36,"padding_bottom":36}},"rich_text_tADMeR":{"type":"rich-text","blocks":{"heading_xptgmQ":{"type":"heading","settings":{"heading":"Works Well","heading_size":"h1"}},"text_VHMkqz":{"type":"text","settings":{"text":"<p>If Combined Together<\/p>"}}},"block_order":["heading_xptgmQ","text_VHMkqz"],"disabled":true,"custom_css":[".rich-text__blocks {background: #000000;}",".rich-text__heading {text-align: center; color: #fff; font-size: 56.57px; font-style: normal; font-stretch: semi-condensed; font-weight: 700; line-height: 77%; \/* 34.605px *\/ letter-spacing: -1.798px;}",".rich-text__text {margin-top: 6px; color: #fff; text-align: center; font-family: \"Tiro Devanagari Hindi\"; font-size: 28.39px; font-style: normal; font-weight: 400; line-height: 77%; \/* 17.366px *\/ letter-spacing: -0.677px;}",".rich-text {background-color: #000000;}"],"settings":{"desktop_content_position":"center","content_alignment":"center","color_scheme":"scheme-5","full_width":true,"padding_top":56,"padding_bottom":12}},"featured_collection_xNq3Ky":{"type":"featured-collection","disabled":true,"custom_css":["button {color: #ffffff; font-weight: bold; background-color: black; border: 1px solid #ffffff;}",".collection {background-color: #000000;}"],"settings":{"title":"","heading_size":"h1","description":"","show_description":false,"description_style":"body","collection":"serum","products_to_show":2,"columns_desktop":3,"full_width":false,"show_view_all":true,"view_all_style":"solid","enable_desktop_slider":false,"color_scheme":"scheme-5","image_ratio":"adapt","image_shape":"default","show_secondary_image":false,"show_vendor":false,"show_rating":false,"enable_quick_add":true,"columns_mobile":"2","swipe_on_mobile":true,"padding_top":12,"padding_bottom":24}},"slideshow_7dqHRq":{"type":"slideshow","blocks":{"slide_6LtCmN":{"type":"slide","settings":{"image":"shopify:\/\/shop_images\/Group_1000006228.png","heading":"","heading_size":"h1","subheading":"","button_label":"","link":"","button_style_secondary":false,"box_align":"middle-center","show_text_box":false,"text_alignment":"center","image_overlay_opacity":0,"color_scheme":"scheme-5","text_alignment_mobile":"center"}}},"block_order":["slide_6LtCmN"],"disabled":true,"custom_css":[".button {margin-top: 600px; background-color: #0000ff75; fill-opacity: 0.5; color: #ffffff; width: 200px;}"],"settings":{"layout":"full_bleed","slide_height":"adapt_image","slider_visual":"counter","auto_rotate":false,"change_slides_speed":5,"image_behavior":"none","show_text_below":false,"accessibility_info":"Slideshow about our brand"}},"slideshow_NcnWLE":{"type":"slideshow","blocks":{"slide_rG7cEF":{"type":"slide","settings":{"image":"shopify:\/\/shop_images\/Group_1000006367.png","heading":"","heading_size":"h1","subheading":"","button_label":"","link":"","button_style_secondary":false,"box_align":"middle-center","show_text_box":false,"text_alignment":"center","image_overlay_opacity":0,"color_scheme":"scheme-5","text_alignment_mobile":"center"}}},"block_order":["slide_rG7cEF"],"disabled":true,"settings":{"layout":"full_bleed","slide_height":"adapt_image","slider_visual":"counter","auto_rotate":false,"change_slides_speed":3,"image_behavior":"none","show_text_below":false,"accessibility_info":""}},"rich_text_tWddpc":{"type":"rich-text","blocks":{"heading_8DDkiK":{"type":"heading","settings":{"heading":"Results","heading_size":"hxl"}},"text_gPWKwx":{"type":"text","settings":{"text":"<p>Journey<\/p>"}}},"block_order":["heading_8DDkiK","text_gPWKwx"],"disabled":true,"custom_css":[".rich-text__heading {text-align: center; color: #fff; font-size: 56.57px; font-style: normal; font-stretch: semi-condensed; font-weight: 700; line-height: 77%; \/* 34.605px *\/ letter-spacing: -1.798px;}",".rich-text__text {margin-top: 6px; color: #fff; text-align: center; font-family: \"Tiro Devanagari Hindi\"; font-size: 28.39px; font-style: normal; font-weight: 400; line-height: 77%; \/* 17.366px *\/ letter-spacing: -0.677px;}",".rich-text {background-color: #000000;}"],"settings":{"desktop_content_position":"center","content_alignment":"center","color_scheme":"scheme-5","full_width":true,"padding_top":56,"padding_bottom":32}},"1726837877ded32852":{"type":"apps","blocks":{"judge_me_reviews_review_widget_37NJiC":{"type":"shopify:\/\/apps\/judge-me-reviews\/blocks\/review_widget\/61ccd3b1-a9f2-4160-9fe9-4fec8413e5d8","settings":{}}},"block_order":["judge_me_reviews_review_widget_37NJiC"],"custom_css":["#shopify-block-judge_me_reviews_review_widget_37NJiC {background-color: #000;}"],"settings":{"include_margins":true}},"slideshow_QETVaK":{"type":"slideshow","blocks":{"slide_4hAT8U":{"type":"slide","settings":{"image":"shopify:\/\/shop_images\/Group_1000004215_1.png","heading":"","heading_size":"h1","subheading":"","button_label":"","link":"","button_style_secondary":false,"box_align":"middle-center","show_text_box":false,"text_alignment":"center","image_overlay_opacity":0,"color_scheme":"scheme-5","text_alignment_mobile":"center"}}},"block_order":["slide_4hAT8U"],"custom_css":[".slideshow {padding-top: 30px; background-color: #000000;}"],"settings":{"layout":"full_bleed","slide_height":"adapt_image","slider_visual":"counter","auto_rotate":false,"change_slides_speed":5,"image_behavior":"none","show_text_below":false,"accessibility_info":"Slideshow about our brand"}},"related-products":{"type":"related-products","disabled":true,"settings":{"heading":"You may also like","heading_size":"h2","products_to_show":4,"columns_desktop":4,"color_scheme":"scheme-1","image_ratio":"square","image_shape":"default","show_secondary_image":true,"show_vendor":false,"show_rating":false,"columns_mobile":"2","padding_top":36,"padding_bottom":28}}},"order":["multicolumn_ikki4B","custom_liquid_Lkrxck","main","multicolumn_BRLAJw","rich_text_6ADhyB","multicolumn_QrLqkd","slideshow_BU63fK","custom_liquid_aJLwzJ","collapsible_content_TP9TMJ","multicolumn_7miUJm","rich_text_gnMVjR","multicolumn_ryNBpN","rich_text_NfPJiA","17350629058dc42fc0","multicolumn_QPBNRf","rich_text_tADMeR","featured_collection_xNq3Ky","slideshow_7dqHRq","slideshow_NcnWLE","rich_text_tWddpc","1726837877ded32852","slideshow_QETVaK","related-products"]}