{"sections":{"main":{"type":"main-product","blocks":{"vendor":{"type":"text","disabled":true,"settings":{"text":"{{ product.vendor }}","text_style":"uppercase"}},"title":{"type":"title","settings":{}},"rating_p74dnU":{"type":"rating","settings":{}},"text_b4qnX6":{"type":"text","disabled":true,"settings":{"text":"Brightening Facewash","text_style":"body"}},"description_cC6PQ6":{"type":"description","disabled":true,"settings":{}},"price":{"type":"price","settings":{}},"variant_picker":{"type":"variant_picker","disabled":true,"settings":{"picker_type":"button","swatch_shape":"circle"}},"quantity_selector":{"type":"quantity_selector","disabled":true,"settings":{}},"buy_buttons":{"type":"buy_buttons","settings":{"show_dynamic_checkout":true,"show_gift_card_recipient":true}},"judge_me_reviews_preview_badge_TM9Qpd":{"type":"shopify:\/\/apps\/judge-me-reviews\/blocks\/preview_badge\/61ccd3b1-a9f2-4160-9fe9-4fec8413e5d8","disabled":true,"settings":{}}},"block_order":["vendor","title","rating_p74dnU","text_b4qnX6","description_cC6PQ6","price","variant_picker","quantity_selector","buy_buttons","judge_me_reviews_preview_badge_TM9Qpd"],"custom_css":[".slider-button,.slider-counter {display: none;}","div {text-align: center; border-radius: 24px;}",".product__tax {display: none;}",".thumbnail {border-radius: 12px;}","h1 {color: #fff; text-align: center; font-family: \"Noto Sans\"; font-size: 20px; font-style: normal; font-weight: 700; line-height: 77%; \/* 235.459px *\/ letter-spacing: -1.232px; margin: 24px;}"],"settings":{"enable_sticky_info":true,"color_scheme":"scheme-3","media_size":"medium","constrain_to_viewport":true,"media_fit":"contain","gallery_layout":"thumbnail_slider","media_position":"left","image_zoom":"none","mobile_thumbnails":"show","hide_variants":true,"enable_video_looping":false,"padding_top":36,"padding_bottom":12}},"multicolumn_3Ett7N":{"type":"multicolumn","blocks":{"column_MH4HxN":{"type":"column","settings":{"image":"shopify:\/\/shop_images\/Frame_1000004633wtcan.png","title":"","text":"","link_label":"","link":""}}},"block_order":["column_MH4HxN"],"settings":{"title":"","heading_size":"h1","image_width":"full","image_ratio":"adapt","columns_desktop":3,"column_alignment":"left","background_style":"none","button_label":"","button_link":"","color_scheme":"scheme-3","columns_mobile":"1","swipe_on_mobile":false,"padding_top":36,"padding_bottom":36}},"rich_text_tWddpc":{"type":"rich-text","blocks":{"heading_8DDkiK":{"type":"heading","settings":{"heading":"Check the","heading_size":"h1"}},"text_gPWKwx":{"type":"text","settings":{"text":"<p>Results<\/p>"}}},"block_order":["heading_8DDkiK","text_gPWKwx"],"custom_css":[".rich-text__blocks {background: #121239;}",".rich-text__heading {text-align: center; color: #fff; font-size: 43.942px; font-style: normal; font-stretch: semi-condensed; font-weight: 700; line-height: 77%; \/* 34.605px *\/ letter-spacing: -1.798px;}",".rich-text__text {margin-top: 6px; color: #fff; text-align: center; font-family: \"Tiro Devanagari Hindi\"; font-size: 22.554px; font-style: normal; font-weight: 400; line-height: 77%; \/* 17.366px *\/ letter-spacing: -0.677px;}"],"settings":{"desktop_content_position":"center","content_alignment":"center","color_scheme":"scheme-3","full_width":true,"padding_top":40,"padding_bottom":52}},"multicolumn_QrLqkd":{"type":"multicolumn","blocks":{"column_XAndMR":{"type":"column","settings":{"image":"shopify:\/\/shop_images\/Group_1000003945_e7fe63ec-a260-4de3-b8a5-5582faf7dc7f.png","title":"","text":"","link_label":"","link":""}}},"block_order":["column_XAndMR"],"settings":{"title":"","heading_size":"h1","image_width":"full","image_ratio":"adapt","columns_desktop":3,"column_alignment":"left","background_style":"none","button_label":"","button_link":"","color_scheme":"scheme-3","columns_mobile":"1","swipe_on_mobile":false,"padding_top":36,"padding_bottom":64}},"collapsible_content_TMmbYb":{"type":"collapsible-content","blocks":{"collapsible_row_yEAbh4":{"type":"collapsible_row","settings":{"heading":"Active Ingredient List","icon":"none","row_content":"<p><strong>4-Terpineol: <\/strong>Sourced from France. Has antimicrobial and anti-inflammatory properties. Helps to cleanse the skin deeply, fights acne-causing bacteria, and reduces redness or irritation by 97%<\/p><p><strong>Panthenol: <\/strong>Sourced from Switzerland. Also known as pro-vitamin B5, that hydrates and soothes the skin from day 4. It improves skin barrier function, reduces water loss, and promotes overall skin health and resilience.<\/p><p><strong>Cranberry Enzyme: <\/strong> Sourced from India.<strong> <\/strong>Has exfoliating properties that gently removes dead skin cells, unclog pores, and promote a brighter complexion. They can also have antioxidant benefits, protecting the skin from environmental damage.<\/p><p><strong>Allantoin:<\/strong> Sourced from Switzerland. Helps to calm irritated skin, reduce redness, and promote skin regeneration. It improves skin texture and overall appearance from week 2.<\/p>","page":""}},"collapsible_row_XaxkKn":{"type":"collapsible_row","settings":{"heading":"Full Ingredient List","icon":"none","row_content":"<p>Aqua,Disodium Cocoyl Glutamate, Sodium Cocoyl Glutamate, Sodium Cocoyl Glycinate, Sorbitol, Betula Alba Juice (Birch Juice), Panthenol, Allantoin, Sodium Levulinate, Potassium Sorbate, Xanthan Gum, Vaccinium Macrocarpon (Cranberry) Fruit Extract, Sodium Gluconate, 4-Terpineol<\/p>","page":""}},"collapsible_row_mkKR7k":{"type":"collapsible_row","settings":{"heading":"Full Ingredient List Truthfully Explained","icon":"none","row_content":"<p><strong>Aqua: <\/strong>Acts as a solvent and base for the cleanser, helping to dissolve other ingredients and create a usable texture.<\/p><p><strong>Disodium Cocoyl Glutamate, Sodium Cocoyl Glutamate, Sodium Cocoyl Glycinate:<\/strong> These are surfactants derived from coconut oil that cleanse the skin by removing dirt, oil, and impurities without stripping away too much natural moisture.<\/p><p><strong>Sorbitol: <\/strong>A humectant that helps attract and retain moisture in the skin, preventing dryness and maintaining hydration levels.<\/p><p><strong>Betula Alba Juice (Birch Juice):<\/strong> Contains antioxidants and vitamins that nourish and soothe the skin, reducing inflammation and promoting a healthy complexion.<\/p><p><strong>Panthenol: <\/strong>Also known as provitamin B5, it moisturizes and conditions the skin, helping to improve its barrier function and retain moisture.<\/p><p><strong>Allantoin: <\/strong>Soothes and calms irritated skin, reduces redness, and promotes skin healing, making it ideal for sensitive or post-shave skin.<\/p><p><strong>Sodium Levulinate, Potassium Sorbate:<\/strong> These are preservatives that help maintain the stability and shelf life of the cleanser, preventing microbial growth.<\/p><p><strong>Xanthan Gum: <\/strong>A thickening agent that gives the cleanser its texture and helps it adhere to the skin for effective cleansing.<\/p><p><strong>Vaccinium Macrocarpon (Cranberry) Fruit Extract: <\/strong>Contains antioxidants that protect the skin from environmental damage, brighten the complexion, and support overall skin health.<\/p><p><strong>Sodium Gluconate:<\/strong> A chelating agent that helps stabilize the formulation and improve its effectiveness in cleansing.<\/p><p><strong>4-Terpineol:<\/strong> An antimicrobial and antifungal agent derived from tea tree oil, known for its purifying and cleansing properties, making it suitable for acne-prone or oily skin types.<\/p>","page":""}},"collapsible_row_HyzPRH":{"type":"collapsible_row","settings":{"heading":"Sensory Profile","icon":"none","row_content":"<h3><strong>What does it smell like? <\/strong><\/h3><h3>It has a musky, earthy smell<\/h3><h3><strong>What does it feel like?<\/strong><\/h3><h3> Water<\/h3>","page":""}}},"block_order":["collapsible_row_yEAbh4","collapsible_row_XaxkKn","collapsible_row_mkKR7k","collapsible_row_HyzPRH"],"custom_css":[".collapsible-content {margin-top: -32px;}",".accordion {background-color: #fff; padding: 4px; border-radius: 8px; margin: 6px 0px 6px;}",".inline-richtext {color: #121239; font-size: 16.589px; font-style: normal; font-weight: 600; line-height: 130%; \/* 21.565px *\/ letter-spacing: -0.664px; padding-left: 12px;}",".icon {color: #121239;}","p,h2,h3,h4,h5 {color: #121239; text-decoration: none;}"],"settings":{"caption":"","heading":"","heading_size":"h1","heading_alignment":"center","layout":"none","color_scheme":"scheme-3","container_color_scheme":"scheme-3","open_first_collapsible_row":false,"image_ratio":"adapt","desktop_layout":"image_second","padding_top":0,"padding_bottom":32}},"multicolumn_7khwDt":{"type":"multicolumn","blocks":{"column_PzBq9f":{"type":"column","settings":{"image":"shopify:\/\/shop_images\/Frame_1000004643-hwclean.png","title":"","text":"","link_label":"","link":""}},"column_PnDyWX":{"type":"column","settings":{"image":"shopify:\/\/shop_images\/Frame_1000004677-hwclean.png","title":"","text":"","link_label":"","link":""}}},"block_order":["column_PzBq9f","column_PnDyWX"],"custom_css":[".multicolumn {margin-top: px; z-index: ;}",".multicolumn-card__info {margin-top: -44px;}","h3 {text-align: center; color: #fff; font-size: 43.942px; font-style: normal; font-stretch: semi-condensed; font-weight: 700; line-height: 77%; \/* 34.605px *\/ letter-spacing: -1.798px;}","p {margin-top: 6px; color: #fff; text-align: center; font-family: \"Tiro Devanagari Hindi\"; font-size: 22.554px; font-style: normal; font-weight: 400; line-height: 77%; \/* 17.366px *\/ letter-spacing: -0.677px;}",".slider-buttons {display: none;}"],"settings":{"title":"","heading_size":"h1","image_width":"full","image_ratio":"adapt","columns_desktop":3,"column_alignment":"left","background_style":"none","button_label":"","button_link":"","color_scheme":"scheme-3","columns_mobile":"1","swipe_on_mobile":true,"padding_top":72,"padding_bottom":36}},"rich_text_LWitVR":{"type":"rich-text","blocks":{"text_wCzBFf":{"type":"text","settings":{"text":"<p>Best<\/p>"}},"heading_wrCJjm":{"type":"heading","settings":{"heading":"Paired With","heading_size":"h1"}}},"block_order":["text_wCzBFf","heading_wrCJjm"],"custom_css":[".rich-text__blocks {background: #121239;}",".rich-text__heading {text-align: center; color: #fff; font-size: 43.942px; font-style: normal; font-stretch: semi-condensed; font-weight: 700; line-height: 77%; \/* 34.605px *\/ letter-spacing: -1.798px;}",".rich-text__text {margin-bottom: -16px; color: #fff; text-align: center; font-family: \"Tiro Devanagari Hindi\"; font-size: 22.554px; font-style: normal; font-weight: 400; line-height: 77%; \/* 17.366px *\/ letter-spacing: -0.677px;}"],"settings":{"desktop_content_position":"center","content_alignment":"center","color_scheme":"scheme-3","full_width":true,"padding_top":72,"padding_bottom":16}},"related-products":{"type":"related-products","disabled":true,"settings":{"heading":"You may also like","heading_size":"h2","products_to_show":4,"columns_desktop":4,"color_scheme":"scheme-1","image_ratio":"square","image_shape":"default","show_secondary_image":true,"show_vendor":false,"show_rating":false,"columns_mobile":"2","padding_top":36,"padding_bottom":28}},"featured_product_La3Vhb":{"type":"featured-product","blocks":{"text_GaqFxA":{"type":"text","disabled":true,"settings":{"text":"{{ section.settings.product.vendor }}","text_style":"uppercase"}},"title_WTmKcM":{"type":"title","settings":{"heading_size":"h1"}},"price_eYRU4f":{"type":"price","settings":{}},"variant_picker_BFdBKE":{"type":"variant_picker","disabled":true,"settings":{"picker_type":"button","swatch_shape":"circle"}},"quantity_selector_EjXByq":{"type":"quantity_selector","disabled":true,"settings":{}},"buy_buttons_jEYXAE":{"type":"buy_buttons","settings":{"show_dynamic_checkout":true,"show_gift_card_recipient":true}}},"block_order":["text_GaqFxA","title_WTmKcM","price_eYRU4f","variant_picker_BFdBKE","quantity_selector_EjXByq","buy_buttons_jEYXAE"],"custom_css":["div {text-align: center; justify-content: center; align-content: center;}",".shopify-payment-button__button,.product__tax,.product__view-details {display: none;}",".button {background-color: #fff; color: #121239; font-family: Hind; font-weight: 600; letter-spacing: -0.4px; height: 64px; margin-inline: auto;}","h2 {margin-top: 0px; font-family: \"Noto Sans\"; font-size: 32.79px; letter-spacing: -1.232px;}",".media-fit-contain {border-radius: 22px; transform: scale(0.9);}",".product__media {border-radius: 22px;}"],"settings":{"product":"serum","color_scheme":"scheme-3","secondary_background":false,"media_size":"medium","constrain_to_viewport":true,"media_fit":"contain","media_position":"left","image_zoom":"none","hide_variants":false,"enable_video_looping":false,"padding_top":36,"padding_bottom":36}},"1711451785618d8af4":{"type":"apps","blocks":{"judge_me_reviews_review_widget_hhtMie":{"type":"shopify:\/\/apps\/judge-me-reviews\/blocks\/review_widget\/61ccd3b1-a9f2-4160-9fe9-4fec8413e5d8","settings":{}}},"block_order":["judge_me_reviews_review_widget_hhtMie"],"settings":{"include_margins":true}}},"order":["main","multicolumn_3Ett7N","rich_text_tWddpc","multicolumn_QrLqkd","collapsible_content_TMmbYb","multicolumn_7khwDt","rich_text_LWitVR","related-products","featured_product_La3Vhb","1711451785618d8af4"]}