{"current":{"logo":"shopify:\/\/shop_images\/REGINALD_MEN.png","logo_width":90,"favicon":"shopify:\/\/shop_images\/Frame_1000005365.png","type_header_font":"assistant_n4","heading_scale":100,"type_body_font":"assistant_n4","body_scale":100,"page_width":1000,"spacing_sections":0,"spacing_grid_horizontal":4,"spacing_grid_vertical":4,"animations_reveal_on_scroll":true,"animations_hover_elements":"3d-lift","buttons_border_thickness":1,"buttons_border_opacity":100,"buttons_radius":8,"buttons_shadow_opacity":0,"buttons_shadow_horizontal_offset":0,"buttons_shadow_vertical_offset":4,"buttons_shadow_blur":5,"variant_pills_border_thickness":1,"variant_pills_border_opacity":55,"variant_pills_radius":8,"variant_pills_shadow_opacity":0,"variant_pills_shadow_horizontal_offset":0,"variant_pills_shadow_vertical_offset":4,"variant_pills_shadow_blur":5,"inputs_border_thickness":1,"inputs_border_opacity":55,"inputs_radius":0,"inputs_shadow_opacity":0,"inputs_shadow_horizontal_offset":0,"inputs_shadow_vertical_offset":4,"inputs_shadow_blur":5,"card_style":"standard","card_image_padding":0,"card_text_alignment":"center","card_color_scheme":"scheme-5","card_border_thickness":0,"card_border_opacity":10,"card_corner_radius":10,"card_shadow_opacity":0,"card_shadow_horizontal_offset":0,"card_shadow_vertical_offset":4,"card_shadow_blur":5,"collection_card_style":"standard","collection_card_image_padding":0,"collection_card_text_alignment":"center","collection_card_color_scheme":"scheme-2","collection_card_border_thickness":0,"collection_card_border_opacity":10,"collection_card_corner_radius":0,"collection_card_shadow_opacity":0,"collection_card_shadow_horizontal_offset":0,"collection_card_shadow_vertical_offset":4,"collection_card_shadow_blur":5,"blog_card_style":"standard","blog_card_image_padding":0,"blog_card_text_alignment":"left","blog_card_color_scheme":"scheme-2","blog_card_border_thickness":0,"blog_card_border_opacity":10,"blog_card_corner_radius":0,"blog_card_shadow_opacity":0,"blog_card_shadow_horizontal_offset":0,"blog_card_shadow_vertical_offset":4,"blog_card_shadow_blur":5,"text_boxes_border_thickness":0,"text_boxes_border_opacity":10,"text_boxes_radius":0,"text_boxes_shadow_opacity":0,"text_boxes_shadow_horizontal_offset":0,"text_boxes_shadow_vertical_offset":4,"text_boxes_shadow_blur":5,"media_border_thickness":0,"media_border_opacity":100,"media_radius":10,"media_shadow_opacity":0,"media_shadow_horizontal_offset":0,"media_shadow_vertical_offset":4,"media_shadow_blur":5,"popup_border_thickness":1,"popup_border_opacity":10,"popup_corner_radius":0,"popup_shadow_opacity":5,"popup_shadow_horizontal_offset":0,"popup_shadow_vertical_offset":4,"popup_shadow_blur":5,"drawer_border_thickness":1,"drawer_border_opacity":10,"drawer_shadow_opacity":0,"drawer_shadow_horizontal_offset":0,"drawer_shadow_vertical_offset":4,"drawer_shadow_blur":5,"badge_position":"top left","badge_corner_radius":4,"sale_badge_color_scheme":"scheme-2","sold_out_badge_color_scheme":"scheme-5","brand_headline":"","brand_description":"<p><\/p>","brand_image_width":100,"social_facebook_link":"https:\/\/www.facebook.com\/profile.php?id=61558268443472","social_instagram_link":"https:\/\/www.instagram.com\/reginaldmen.grooming\/","social_youtube_link":"","social_tiktok_link":"","social_twitter_link":"","social_snapchat_link":"","social_pinterest_link":"","social_tumblr_link":"","social_vimeo_link":"","predictive_search_enabled":true,"predictive_search_show_vendor":false,"predictive_search_show_price":false,"currency_code_enabled":true,"cart_type":"drawer","show_vendor":false,"show_cart_note":false,"cart_drawer_collection":"","cart_color_scheme":"scheme-1","sections":{"main-password-header":{"type":"main-password-header","settings":{"color_scheme":"scheme-1"}},"main-password-footer":{"type":"main-password-footer","settings":{"color_scheme":"scheme-1"}}},"content_for_index":[],"blocks":{"14060646107696862457":{"type":"shopify:\/\/apps\/judge-me-reviews\/blocks\/judgeme_core\/61ccd3b1-a9f2-4160-9fe9-4fec8413e5d8","disabled":false,"settings":{}},"15683396631634586217":{"type":"shopify:\/\/apps\/inbox\/blocks\/chat\/841fc607-4181-4ad1-842d-e24d7f8bad6b","disabled":true,"settings":{"button_color":"#000000","secondary_color":"#ffffff","ternary_color":"#6a6a6a","button_icon":"chat_bubble","button_text":"no_text","button_horizontal_position":"bottom_left","button_vertical_position":"lowest","greeting_message":""}},"12120936241911852800":{"type":"shopify:\/\/apps\/judge-me-reviews\/blocks\/reviews_tab\/61ccd3b1-a9f2-4160-9fe9-4fec8413e5d8","disabled":true,"settings":{"position":"right"}},"6441254115607727225":{"type":"shopify:\/\/apps\/shop-quiz-product-recommender\/blocks\/automatic-popup\/672f3d48-fd3b-4227-8778-c6e58c4f8a98","disabled":true,"settings":{"quiz_id":"3KH0Yx","quiz_timeout":20,"quiz_width":"100","quiz_height":"100","quiz_exit_intent":true}},"2993056048391974366":{"type":"shopify:\/\/apps\/shop-quiz-product-recommender\/blocks\/chat-button\/672f3d48-fd3b-4227-8778-c6e58c4f8a98","disabled":true,"settings":{"quiz_id":"yGHXnG","chat_color":"#002092","chat_hide":false,"chat_dot":true,"chat_greeting":"","quiz_width":"70","quiz_height":"70"}},"2209279550302034861":{"type":"shopify:\/\/apps\/shop-quiz-product-recommender\/blocks\/link-popup\/672f3d48-fd3b-4227-8778-c6e58c4f8a98","disabled":true,"settings":{"show_list":true}},"10191866119664032810":{"type":"shopify:\/\/apps\/zoorix-sticky-atc\/blocks\/zoorix-head\/16cf6adc-8b22-4e73-be2b-b93c1acde1da","disabled":false,"settings":{"home_product":"","show_on_out_of_stock":false,"blacklisted_products":["cyrus-cls-combo","minus-css-combo-1","titan-combo"],"blacklisted_collections":[]}},"12973772748516043749":{"type":"shopify:\/\/apps\/bitespeed-whatsapp-marketing\/blocks\/app-embed\/9efdb9ca-2d01-4a12-b1ac-02679fe0f6fc","disabled":false,"settings":{}},"9356323809658795675":{"type":"shopify:\/\/apps\/reelup-shoppable-videos-reels\/blocks\/reelup\/a8ec9e4d-d192-44f7-9c23-595f9ee7dd5b","disabled":false,"settings":{"debugging_popup_script":"","debugging_pops_script":"","debugging_global_script":"","enable_reelPops":true}},"4015264832934714879":{"type":"shopify:\/\/apps\/ecomsend-popups\/blocks\/app\/a5670cf8-5705-4b01-ad9e-447033feae26","disabled":true,"settings":{}},"8171265131012698934":{"type":"shopify:\/\/apps\/oc-quantity-breaks-limit\/blocks\/orichi-discount\/3f38eaa3-2a3f-4e55-bcc9-df5d3f75e351","disabled":false,"settings":{}},"5918445685253060206":{"type":"shopify:\/\/apps\/bundler\/blocks\/bundler-script-append\/7a6ae1b8-3b16-449b-8429-8bb89a62c664","disabled":false,"settings":{}},"531809739209504352":{"type":"shopify:\/\/apps\/slide-cart-drawer-sale-max\/blocks\/SaleMax\/3f275585-eab6-4df6-9bcd-0ec23421d744","disabled":true,"settings":{}}},"color_schemes":{"scheme-1":{"settings":{"background":"#ffffff","background_gradient":"","text":"#040c44","button":"#040c44","button_label":"#ffffff","secondary_button_label":"#121212","shadow":"#121212"}},"scheme-2":{"settings":{"background":"#f3f3f3","background_gradient":"","text":"#121212","button":"#121212","button_label":"#f3f3f3","secondary_button_label":"#121212","shadow":"#121212"}},"scheme-3":{"settings":{"background":"#121239","background_gradient":"","text":"#ffffff","button":"#010118","button_label":"#000000","secondary_button_label":"#ffffff","shadow":"#121212"}},"scheme-4":{"settings":{"background":"#121239","background_gradient":"","text":"#ffffff","button":"#040c44","button_label":"#121212","secondary_button_label":"#ffffff","shadow":"#121212"}},"scheme-5":{"settings":{"background":"#000000","background_gradient":"","text":"#ffffff","button":"#ffffff","button_label":"#002092","secondary_button_label":"#ffffff","shadow":"#000000"}}}},"presets":{"Default":{"logo_width":90,"color_schemes":{"scheme-1":{"settings":{"background":"#FFFFFF","background_gradient":"","text":"#121212","button":"#121212","button_label":"#FFFFFF","secondary_button_label":"#121212","shadow":"#121212"}},"scheme-2":{"settings":{"background":"#F3F3F3","background_gradient":"","text":"#121212","button":"#121212","button_label":"#F3F3F3","secondary_button_label":"#121212","shadow":"#121212"}},"scheme-3":{"settings":{"background":"#242833","background_gradient":"","text":"#FFFFFF","button":"#FFFFFF","button_label":"#000000","secondary_button_label":"#FFFFFF","shadow":"#121212"}},"scheme-4":{"settings":{"background":"#121212","background_gradient":"","text":"#FFFFFF","button":"#FFFFFF","button_label":"#121212","secondary_button_label":"#FFFFFF","shadow":"#121212"}},"scheme-5":{"settings":{"background":"#334FB4","background_gradient":"","text":"#FFFFFF","button":"#FFFFFF","button_label":"#334FB4","secondary_button_label":"#FFFFFF","shadow":"#121212"}}},"type_header_font":"assistant_n4","heading_scale":100,"type_body_font":"assistant_n4","body_scale":100,"page_width":1200,"spacing_sections":0,"spacing_grid_horizontal":8,"spacing_grid_vertical":8,"animations_reveal_on_scroll":true,"animations_hover_elements":"none","buttons_border_thickness":1,"buttons_border_opacity":100,"buttons_radius":0,"buttons_shadow_opacity":0,"buttons_shadow_horizontal_offset":0,"buttons_shadow_vertical_offset":4,"buttons_shadow_blur":5,"variant_pills_border_thickness":1,"variant_pills_border_opacity":55,"variant_pills_radius":40,"variant_pills_shadow_opacity":0,"variant_pills_shadow_horizontal_offset":0,"variant_pills_shadow_vertical_offset":4,"variant_pills_shadow_blur":5,"inputs_border_thickness":1,"inputs_border_opacity":55,"inputs_radius":0,"inputs_shadow_opacity":0,"inputs_shadow_horizontal_offset":0,"inputs_shadow_vertical_offset":4,"inputs_shadow_blur":5,"card_style":"standard","card_image_padding":0,"card_text_alignment":"left","card_color_scheme":"scheme-2","card_border_thickness":0,"card_border_opacity":10,"card_corner_radius":0,"card_shadow_opacity":0,"card_shadow_horizontal_offset":0,"card_shadow_vertical_offset":4,"card_shadow_blur":5,"collection_card_style":"standard","collection_card_image_padding":0,"collection_card_text_alignment":"left","collection_card_color_scheme":"scheme-2","collection_card_border_thickness":0,"collection_card_border_opacity":10,"collection_card_corner_radius":0,"collection_card_shadow_opacity":0,"collection_card_shadow_horizontal_offset":0,"collection_card_shadow_vertical_offset":4,"collection_card_shadow_blur":5,"blog_card_style":"standard","blog_card_image_padding":0,"blog_card_text_alignment":"left","blog_card_color_scheme":"scheme-2","blog_card_border_thickness":0,"blog_card_border_opacity":10,"blog_card_corner_radius":0,"blog_card_shadow_opacity":0,"blog_card_shadow_horizontal_offset":0,"blog_card_shadow_vertical_offset":4,"blog_card_shadow_blur":5,"text_boxes_border_thickness":0,"text_boxes_border_opacity":10,"text_boxes_radius":0,"text_boxes_shadow_opacity":0,"text_boxes_shadow_horizontal_offset":0,"text_boxes_shadow_vertical_offset":4,"text_boxes_shadow_blur":5,"media_border_thickness":1,"media_border_opacity":5,"media_radius":0,"media_shadow_opacity":0,"media_shadow_horizontal_offset":0,"media_shadow_vertical_offset":4,"media_shadow_blur":5,"popup_border_thickness":1,"popup_border_opacity":10,"popup_corner_radius":0,"popup_shadow_opacity":5,"popup_shadow_horizontal_offset":0,"popup_shadow_vertical_offset":4,"popup_shadow_blur":5,"drawer_border_thickness":1,"drawer_border_opacity":10,"drawer_shadow_opacity":0,"drawer_shadow_horizontal_offset":0,"drawer_shadow_vertical_offset":4,"drawer_shadow_blur":5,"badge_position":"bottom left","badge_corner_radius":40,"sale_badge_color_scheme":"scheme-4","sold_out_badge_color_scheme":"scheme-3","brand_headline":"","brand_description":"<p><\/p>","brand_image_width":100,"social_twitter_link":"","social_facebook_link":"","social_pinterest_link":"","social_instagram_link":"","social_tiktok_link":"","social_tumblr_link":"","social_snapchat_link":"","social_youtube_link":"","social_vimeo_link":"","predictive_search_enabled":true,"predictive_search_show_vendor":false,"predictive_search_show_price":false,"currency_code_enabled":true,"cart_type":"notification","show_vendor":false,"show_cart_note":false,"cart_drawer_collection":"","cart_color_scheme":"scheme-1","sections":{"main-password-header":{"type":"main-password-header","settings":{"color_scheme":"scheme-1"}},"main-password-footer":{"type":"main-password-footer","settings":{"color_scheme":"scheme-1"}}}}},"platform_customizations":{"custom_css":[".shp-cnv-shipway-chat svg {position: relative; top: 16px; right: -0px;}",".price__container .price__sale {font-family: \"Noto Sans SB\"; display: flex; flex-direction: row-reverse;}",".price__regular,.slider-button,.product__tax {display: none;}",".slider-counter {padding-bottom: 15px;}"]}}